Company,Industry,Review Title,Review Text,Rating,Date
Booking.com,Travel,,Absolutely awful customer service. Trying to confirm my flight. They've taken my payment but apparently it takes 2 days for the confirmation email to come through. Once they tell you they just cut the... See more,1,2026-08-08T13:49:12.000Z
Booking.com,Travel,,Shocking. Booked three nights away back in July to go away in August. No email confirmation received. Upon trying to cancel reservation before £307 is taken from my account. I’m lead in circles on th... See more,1,2026-08-10T05:01:59.000Z
Booking.com,Travel,,They hide the total fees our hotel ended up being $75 more than listed and didn't show up until I hit submit. Tried to cancel right away but they wouldn't even within 1 minute realize if they ripped... See more,1,2026-08-09T23:05:50.000Z
Booking.com,Travel,,"If I could give them less than 1 star I would! 1st, the property they represent at 2500 Pennsylvania Ave (Washington DC) is terrible. Dirty, poorly maintained, and A/C barely working. We we discuss... See more",1,2026-08-09T15:56:38.000Z
Booking.com,Travel,⭐ 1/5,"⭐ 1/5 — EXTREMELY DISAPPOINTING EXPERIENCE — AVOID BOOKING.COM

I am writing this review after repeatedly trying to resolve a serious issue with Booking.com and receiving no proper solution.

I made a reservation through Booking.com for Montenegro Lodge in Kavač, Montenegro (Booking Confirmation No. 5698872168) and paid for the accommodation.

When we arrived, we were informed that the property was FULLY BOOKED and could not accommodate us, despite the fact that we had a confirmed and paid reservation through Booking.com.

We were left without the accommodation we had already paid for and had to deal with finding another place to stay at the last minute. This situation was completely outside of our control.

Since then, I have tried REPEATEDLY to contact Booking.com through their available customer service channels regarding my refund. I have sent messages, tried their customer service system and followed up multiple times, yet I still have NO proper resolution and NO refund.

What makes this even more unacceptable is that I did not cancel because I changed my plans. The property itself could not provide the accommodation that Booking.com had confirmed and accepted payment for.

I should not have to spend days chasing a company to recover money for a service that was NEVER PROVIDED.

Booking.com should take responsibility for reservations made through its platform and protect customers when a confirmed property cannot accommodate them. Instead, I have been left chasing customer service with no clear answer about when my money will be returned.

This has caused unnecessary stress, inconvenience and additional expense during our trip.

I am requesting an immediate FULL REFUND to my original payment method and written confirmation that this case has been resolved.

Until Booking.com returns my money and properly addresses this complaint, I cannot recommend using this platform.

⚠️ My advice to other travelers: think very carefully before paying for accommodation through Booking.com. If something goes wrong with your reservation, getting proper assistance or even getting your money back can be extremely difficult.

I will update this review if and when Booking.com finally refunds my money and resolves the case.",1,2026-08-11T16:44:17.000Z
Booking.com,Travel,Avoid using Booking.com at all costs,"Booking made via booking.com for third party hotel, payment taken from credit card without authorisation by booking.com, timing of this not stipulated in booking email confirmation, contacted customer services via on line chat, phone, email, contacts Engellyn, Rob and Johnabel all either disconnected me or were unresponsive to chats, subsequently contacted their CEO. maybe he will respond but I doubt it!.
Shocking customer service.",1,2026-08-11T16:19:52.000Z
Booking.com,Travel,If I could give a minus I would,"If I could give a minus I would. Cancelled my partners hotel without telling him. On arrival home we chased for the refund as they still took half of the money. They tried to blame the hotel saying they cancelled it and would have to ask them for the refund. Still a month on and no sign of any money and are trying to say that their cancellation policy is to take half of the initial charge, despite them being the ones to cancel. Call handlers don't have a clue what they are doing and when we try to raise a complaint just get an automatic email saying error. Absolute joke!! We will get our money back no matter what it takes. Avoid booking com at all costs please.",1,2026-08-11T16:01:51.000Z
Booking.com,Travel,DO NOT USE BOOKING.COM.,"DO NOT USE BOOKING.COM.

I attempted to change the dates of my reservation well before the 48-hour deadline because I became seriously ill. Despite repeatedly trying to resolve this, I have gotten absolutely nowhere.

Booking.com has repeatedly disconnected my calls when I ask to speak with a supervisor. Westgate has not responded to my calls or emails, and Booking.com keeps telling me they cannot reach the property either.

I did what I was supposed to do and attempted to change my reservation within the required timeframe. Yet I am now stuck in the middle because Booking.com and Westgate cannot—or will not—communicate with each other.

What is most upsetting is the complete lack of assistance from Booking.com. If you are going to act as the booking platform and take customers’ money, you should also be willing and able to help when there is a legitimate problem with a reservation.

I am documenting every call, email, and attempt I have made to resolve this and will be filing a formal complaint with the Better Business Bureau as well.

Based on my experience, I absolutely cannot recommend Booking.com.",1,2026-08-11T15:55:15.000Z
Booking.com,Travel,Extraordinary,"Booking.com has completely transformed the way I approach travel planning. As someone who values efficiency and clarity, I find their platform to be an absolute game-changer. The interface is incredibly intuitive, making it a breeze to compare rates, filter by specific amenities, and pinpoint the perfect accommodation for any trip. Booking.com has completely transformed the way I approach travel planning. As someone who values efficiency and clarity, I find their platform to be an absolute game-changer. The interface is incredibly intuitive, making it a breeze to compare rates, filter by specific amenities, and pinpoint the perfect accommodation for any trip. Booking.com has completely transformed the way I approach travel planning. As someone who values efficiency and clarity, I find their platform to be an absolute game-changer. The interface is incredibly intuitive, making it a breeze to compare rates, filter by specific amenities, and pinpoint the perfect accommodation for any trip.",5,2026-08-11T14:55:05.000Z
Booking.com,Travel,booking.com lied,"This happened a couple of months ago.It is absolutely disgusting that a big company like booking com.Treats their customers just like this.

A couple of months my best friend and I travelled to Melbourne from Brisbane for a holiday for a week. We purchase and paid for a 2 bedroom apartment. In the heart of the city, what we got when we arrived was I heard child that was quite pushy, asking us exactly what time we would be in, because i'm not from that area.I said, I don't know, but probably about one.They said, check in is not till 3 and I said, why ask in the first place.

When we arrived, we were shuttled upstairs to the room.As we walked in, I realised that it was one bedroom apartments instead of two bedroom apartments that we actually paid for.... We spent closer 2 hours trying to talk to somebody from booking com, and when I finally got to speak to somebody, they said that they'll call me straight back, they never called back. It was just an email explaining that they will fix it, and nothing was ever fixed. I do have photo evidence. The hotel themselves and booking.com. Did not help at all, so I had to sleep on a couch. For the duration of the stay.... only because I kept hounding them for appropriate answers.And why they made this mistake?They were giving us next to bear minimum of a twenty percent refund that we never have seen at all. I have so much evidence taken on my phone and both hotel and booking com. As I said before, did not help and actually made the stay worse.It was a horrible hotel that is meant to look glamorous and wonderful, and it is not.

Do you know not stay there? It is disgustine. You could hear people next door the walls with that thin, the only thing that worked well was the heater.

The people that work as a hotel were very rude, and they did not care, they're news that they had our money and was not going to return it.",1,2026-08-11T14:12:53.000Z
Booking.com,Travel,Don’t publish negative reviews,Very easy to use and we’ve had no problems. Use it a lot. Losing a star because they ONLY post positive reviews. Negative reviews don’t get published. Do they even let the property know so they have an opportunity act on the issue? Check on other sites for true reviews.,4,2026-08-11T14:08:10.000Z
Booking.com,Travel,Do not use this company if you value your sanity.,"If things go wrong they are virtually impossible to correct. Do not use this company if you value your sanity.
The customer service is circus clown level.
But sadly it isn't funny.
Respond to an English request in Polish telling you to use the booking reference that you have stated in the problem ticket that you don't have. gee thanks.
Respond to a flight problem with a number for the accommodation helpline that only deals with accommodation problems. gee thanks doubly so.",1,2026-08-11T13:15:25.000Z
Booking.com,Travel,Great Experience,"I love booking because I'm feeling much safer when I travel with them.
I had an issue when my accommodation was awful, and they found me another one in less than 2 hours, which was 2 stars above what I booked.",5,2026-08-11T13:04:27.000Z
Booking.com,Travel,LIARS!!!!!,"I have been using booking for leisure and business trips since ages. However, I have noticed recently that they massively dropped their standard, to the point that they are useless on something that we have confirmation.

My last experience was by the end of July when we booked 2 apartments in the same block in April 26. Then the property manager upon arrival informed us that our apartments are within 30 min walking distance from each other, you can imagine how painful this was. Furthermore an manager from booking over the phone (I have the record call) promised to refund 10% of the total cost in the same credit card where we made de payment. Liars!
At this point they credited the refund into the account of the person who made the booking and they are not willing to refund the money aa promised. THIS IS UNACCEPTABLE, YOU CAN KEEP YOUR MONEY WE ARE NOT USING YOUR APP OR WEBSITE ANYMORE! LIARS!",1,2026-08-11T13:01:59.000Z
Booking.com,Travel,Booked a pet friendly hotel in Brisbane…,"Booked a pet friendly hotel in Brisbane , paid the full amount to booking.com.After driving close to 9 hours arrived at the hotel and was told there were no more pet friendly rooms available.They (the hotel) showed messages that were sent to booking.com abut my pet dog, but those messages were never forwarded to me.So the hotel did not reserve a pet friendly room for me.I had to book another hotel at 10pm( this time I did a direct booking with the hotel). Was very difficult get hold and to talk to customer service and they assured me that I will get a refund but 1 week later still no reply.Do your selves a favor and book directly through the hotel websites to avoid being stranded with no refund.Will never used booking.com again",1,2026-08-11T12:49:59.000Z
Booking.com,Travel,Rogue website,"Rogue website, sold an insurance that was not accepted by the car hire company, no refund process!
Sold I room that was unusable, so had to rebook at own expense.. no refund. Too late to see the reviews...
If you try to connect for a refund, it says tech issues, and disconnects. Why are these traders not blocked from trading..?",1,2026-08-11T12:25:39.000Z
Booking.com,Travel,Wide of the mark,"It’s just an inaccurate site. Totally misleading. Searching for a stay in the Peak District, most of the options provided were Manchester, Sheffield, Rochdale, Congleton, etc. None of them in the right area. Leas than 10% were actually in the Peak District. What’s the point in that?
I wanted to email Booking.com to raise a complaint and they make it impossible for you to contact them.
Here’s a bit of advice Booking.com - try putting the customer first in all you do.
And anyone thinking of booking through this site, always check the individual property site because it’s invariably cheaper.",1,2026-08-11T12:04:21.000Z
Booking.com,Travel,Hotel did not exist - nobody cared,"I booked a hotel in London. After looking for more information about it online and found none I investigated further. I found clear evidence that this hotel did not in fact exist - the location given was a pub, none of the contact details worked, the photos did not match the given (spurious) location. This was The London Crown near Tower of London which offers apartments. I reported this to booking.com and they said they would contact the property. They did and got no response. No further action was taken. I raised it again and they contacted the property, received no response and did nothing. I raised it a 3rd time (by this point two reviews of hotel reported it as a scam) and asked for a refund. They said they were still investigating and would not provide a refund at this point - this was for a booking in 3 days time for my family. When I went to question this the agent closed the chat. Investigating further, I found a few similar properties in the London area on booking.com - apparently good quality properties at low prices in good areas but with no online presence.

I would definitely not use booking.com again (this was my first booking through them) as clearly they do not vet properties rigorously and listings cannot be trusted",1,2026-08-11T12:01:47.000Z
Booking.com,Travel,3 Months No refund No proof and rude customer service,"Title: 3 months, no refund, no proof, and rude customer service
I booked a flight through Booking.com which was cancelled by the airline (Air Tanzania). It has now been over 3 months and I still have not received my refund.
When I contacted customer service to ask for proof that the airline is even processing the refund, I was told they ""cannot provide any proof"" and my chat was disconnected without resolution. I was spoken to rudely and given no clear timeline, no documentation, and no accountability.
For a company that takes payment instantly, this level of delay and lack of transparency for refunds is unacceptable. I would not trust Booking.com with a cancelled flight again — once something goes wrong, they offer no support and no evidence of progress.
I am now escalating this through consumer protection channels since Booking.com support has failed to resolve it.",1,2026-08-11T11:02:19.000Z
Booking.com,Travel,Awful costumer service,"Awful costumer service
I have tried many several times to cancel my hotel bookingnumber 6678518214 but it seems impossible.
I have called and got a number to a Danish agent who never answered og called back.
I have wrote mails too but nothing worked.
When everything goes smooth, it's OK to use booking.com but when things goes wrong you get no help from a person, only a machine who don't understand what you are saying.
Don't use this company....",1,2026-08-11T10:56:38.000Z
Booking.com,Travel,0----rating,"0----rating! ABSOLUTELY ATROCIOUS customer service. I have used the site many times before to book accommodation which has been fine. On Saturday I booked a hotel in Copenhagen and was offered flight through the site so I booked them. I then got a message stating 'your booking is pending airline confirmation'. This was over 48 hours ago and I have tried to contact Customer service several times but their AI bot cannot help with flight bookings. Absolutely no humans to talk to, no way of contacting them on the phone about a flight booking and the email responses ask for more information (that is already in the email) and then don't come back to you. I have no idea if I am booked on a flight or not as money still pending in my account. Stress and time wasting chasing I could do without. I will never use this site again. Its scandalous!!!!",1,2026-08-11T10:55:34.000Z
Booking.com,Travel,Never ever ever book a car rental via…,"Never ever ever book a car rental via Booking if you depend on others to arrive on time to pick up your rental. My flight was delayed by 3 hours and I arrive a little for pick up time I had selected. I had of course added my flight number to the booking so they would have known this but irrelevant. I was not given the car I had booked and paid for, on a 7 day booking. I have used Booking many times for hotels and when I saw the car rental option on the app thought of trying it. DON’T, save yourself a huge headache. The car rental company in this case was Budget via Booking. You cannot use their phone number for help as you are not a direct customer and Booking will just talk of Terms and Conditions and refuse to help. Consider yourself stranded. Budget saying they can’t release the car which is in the carpark on a 7 day rental as the “system” is now blocked from them releasing it as I was late. I had to pay for a whole new car rental booking! A total disgrace. The feeling that the two companies are colluding to rob you. A tip for Booking contract lawyers, next time you discuss this kind of thing with your external suppliers (in this case Budget) include a customer service representative in at least one meeting. Someone who has a heart as well as a brain. It’s not right what you are doing, tantamount to theft.",1,2026-08-11T10:17:02.000Z
Booking.com,Travel,Very disappointed with Booking.com’s…,"Very disappointed with Booking.com’s Price Match Guarantee.

I found the exact same holiday home, for the exact same dates, on the property management agency’s website for approximately €550 less.

I still chose to book through Booking.com because I have used the platform for years and trusted their advertised Price Match Guarantee. I submitted a price match claim, but Booking.com is now refusing it because they say the property is “no longer available” on the other website.

But this is ONE holiday home — not a hotel with multiple identical rooms. Of course it is no longer available for the same dates once it has been booked!

This makes absolutely no sense. If Booking.com requires a unique property to remain available after it has been reserved in order to honour a Price Match claim, then how is the Price Match Guarantee supposed to work for holiday homes with only one unit?

The price difference was around €550. Had I known Booking.com would handle the claim this way, I would simply have booked directly with the property management agency and saved €550.

I chose Booking.com specifically because I trusted the platform and its Price Match promise. Unfortunately, this experience has seriously damaged that trust.

I would like Booking.com to properly review the evidence and honour the Price Match Guarantee they advertise.",1,2026-08-11T10:15:30.000Z
Booking.com,Travel,Ignored multiple times and not assisted with evidence for chargeback,"Ignored multiple times. Requested transcripts to initiate chargeback with my bank after waiting over a month for them to pursue a refund from a scam account. Currently €500 out of pocket and not hopeful of getting it back... On hold right now for so long that the music has stopped and the agent seems like they have just abandoned the call. Ridiculous services. I understand that booking is a tempting platform for people to use but my god tread carefully, if anything goes wrong you are not only on your own, but you will be denied the the help andf support you need to be able to resolve your problems through alternative avenues. I'm tech savvy and have never been burned like this before- the listing had 300 positive reviews but they cancelled on the day I was arriving. It now appears that booking allowed a scam account to carry this out and have not done anything to help at all.

Can not recommend. Will avoid in the future as much as possible. Will encourage others to avoid as much as possible.",1,2026-08-11T09:59:37.000Z
Booking.com,Travel,Straight Robbers,"Do not ever think about rent a car from this website.I did and lost 130 euros.I wanted to rent a car from brussels airport from Hertz by using booking.com.I want to meet my parents with this rented car and made plans.But surprise, because the lack of information that booking.com provides during the rental process in their website, my money has been wasted.Hertz company allows to rent the cars to whom has the flight tickets only.That is another bulshit decision but booking.com must inform you during the rental process or must make you enter the flight informations before the final payment section.That's exactly called modern robbery.Never ever suggest anyone to rent a car from this scammers.",1,2026-08-11T09:07:52.000Z
Booking.com,Travel,Very Poor Customer Service,"The customer service is terrible. I called them regarding an issue, and they said they would call me back, but there was no follow-up and no action taken at all.

It feels like they cannot help with anything and simply keep asking customers to wait without actually resolving the problem. Very disappointing experience and definitely not the level of customer service I expected. I would not recommend booking.com based on my experience.",1,2026-08-11T08:18:10.000Z
Booking.com,Travel,Terrible customer service,"We booked an accomodation on booking.com. There were red flags from the time we checked in that we gave the host the opportunity to fix (such as no shower curtain, or towles), but ended up having to leave the accomodation becuase of safety concerns. We immediately reported this to booking.com, and booked a replacement accomodation through booking.com on the check-in date. When booking.com was made aware of this, their response was that since the booking was non-refundable, and the host didn't want to provide a refund there was nothing they could do. They clearly did not care about our experience, or remedying these issues to save futre guests the same experience of finding a replacement accomodation at midnight in an unfamiliar city. I would not book again through this site.",1,2026-08-11T04:52:29.000Z
Booking.com,Travel,My experience with Booking.com was very…,"My experience with Booking.com was very disappointing, especially when it came to customer service after booking.
I had a very simple issue with the passenger’s name — just one incorrect letter. I contacted the airline, and they told me that the correction had to be handled by Booking.com because the ticket was booked through them. When I contacted Booking.com, they told me to contact the airline instead.
I was basically sent back and forth between Booking.com and the airline, with neither side taking responsibility for resolving the issue.
The problem itself was very simple, but the lack of support and the poor after-sales service made the situation extremely frustrating.
Based on this experience, I would not recommend booking flights through Booking.com, especially if you may need any assistance or changes after making the booking.",1,2026-08-11T03:53:24.000Z
Booking.com,Travel,Zero support when problems arose en route,"Booked an accommodation through Booking.com and paid fully in advance. When issues arose while we were en route and the accommodation turned out to be unreachable by phone, we immediately contacted Booking.com customer service for mediation and assistance. Booking.com simply stated they could do nothing for us and merely referred us back to the unreachable host. As a result, we were left entirely on our own while traveling and were forced to incur additional costs for alternative lodging ourselves. Terrible support in emergency situations.",1,2026-08-11T03:12:12.000Z
Booking.com,Travel,I was about to complain about support…,I was about to complain about support issue... But when I see how little they care about these countless bad reviews... I will go 100% Airbnb next time. Never again.,1,2026-08-11T03:05:11.000Z
Booking.com,Travel,My insurance claim and account was deleted - lost $488,"I used booking.com and agreed to their insurance option while travelling to europe. Long story short, I got charged by the rental car company regarding a slight scuff mark that they called graffiti. It was equivalent to $488 Can. you have to pay and then complete the insurance claim online through booking.com. I completed it, they website said my claim was approved. I receive my funds,.... I went to follow up and my whole account had been deleted. They dont even have record of me anymore. I emailed customer service and they initially responded to find out the issue. Once I explained everything in detail....crickets....they stopped responding to me all together. Like, this is scam behaviour. I paid for a service, followed their procedures, was awarded an approved claim submission and then all of my information got deleted.... what does a person do in this situation... so I'm out $488 Can plus the original rental and insurance cost I paid.... I would never use their services again and I will always pass on to others to never use them. Go directly to the car service.",1,2026-08-11T02:57:07.000Z
Booking.com,Travel,Left Stranded while Booking.com and priceline pointed the finger at each other,"I booked a cottage thru Priceline who without my consent partnered with booking.com. Priceline said I had a reservation that was partially paid for and confirmed it with me one week before the trip, but booking.com said they sent me emails that I did not receive nor would I know I had to look at them because as far as I knew - I booked and paid for it thru priceline. PRiceline said I had to call booking.com and booking.com said I had to call priceline and they both left an older women stranded in a foreign country without trying remotely to find her a place to stay. #Hey just kept pointing at each other. NO ONE CALLED ME !!! IT was just cancelled.",1,2026-08-11T01:28:40.000Z
Booking.com,Travel,Very poor customer support,"Very poor customer support. We have an urgent problem with our accommodation, but Booking.com is not providing any real assistance. There is no live agent available, only an AI assistant, and nobody is actually resolving the problem. We are currently stuck with an accommodation issue and cannot get proper help. Extremely disappointing service",1,2026-08-11T00:10:52.000Z
Booking.com,Travel,The last hotel I booked looked was a scary place…,"The last hotel I booked looked great it was awful, it was a hotel that housed immigrants, the room was incredibly tatty and dirty, and they charged us 125.00 it was the heathlands hotel in Bournemouth booked by us Saturday the 8th of August we booked in and booked out in 5 minutes, then could not phone them or message them watch out you may be booking into a really bad hotel, they do not check their hotels if they did they are really bad at checking them this was really really very very bad and scary.",1,2026-08-10T23:16:09.000Z
Booking.com,Travel,Double Booking Issue,"Somehow booking.com made a double booking of two rooms in Anchorage, Alaska. I was not aware of this and never received an email about the second, duplicate booking. Bottom line is I got charged for rooms I did not reserve ($860).

The booking.com customer service was hard to get in touch with and not helpful at all. I had been using them for over 20 years, but after this incident i will never use them again.",1,2026-08-10T23:05:49.000Z
Booking.com,Travel,Unethical and untrustworthy,"I booked airfare for travel on Iceland Air through booking.com under a policy that allowed for changes of my flight. I tried to make a change, but booking.com said they had a system error and couldn’t make the change. When I pressed for resolution, they blamed the airline, saying they wouldn’t allow the change - which was blatantly false. I had confirmation from the airline that the change was allowed and that booking.com could make it for me. Booking.com asked me to get this permission from the airline - and yet, after providing it, they still refused to provide any resolution to not being able to make the change. Ultimately, I was unable to change my flight and lost over $3,000 for a flight that no longer works for me. I will never use this site again and would recommend others don’t either.",1,2026-08-10T22:07:08.000Z
Booking.com,Travel,"Six-month delay for a ~£3,000 refund","Six-month delay for a ~£3,000 refund. The airline officially confirmed they transferred the funds to Booking.com months ago, but Booking.com has failed to pass them on to me. I have initiated approximately 20 customer support chats with no resolution. Phone lines are either non-functional or left unanswered. Whenever I ask direct, hard questions, representatives abruptly terminate the chat session. Promised follow-up emails never arrive. I am at a complete loss as to how to recover my money from this company. I'll be requesting the company looses the right to trade in UK. I'd welcome there reply to this.",1,2026-08-10T21:59:52.000Z
Booking.com,Travel,Booking.com Has Failed to Return My…,"Booking.com Has Failed to Return My Money for Months

I am extremely disappointed with how Booking.com has handled my refund. I have been calling them for months trying to get money returned to me that I am owed.

Booking.com told me they needed different banking information in order to process my refund. I provided exactly what they requested, yet months later I still have not received my money.

I have contacted customer service repeatedly and have been given assurances, but there has been no actual resolution. I should not have to spend months making phone calls and chasing Booking.com for funds that should have already been returned to me.

I am sharing my experience so other travelers are aware of what I have gone through. I am asking Booking.com to stop delaying this matter and return my money immediately.

Until this is resolved, I cannot recommend Booking.com based on my experience .",1,2026-08-10T21:51:16.000Z
Booking.com,Travel,The Bookings app filter shows Fox car…,"The Bookings app filter shows Fox car rental in the Orlando International Airport and it is definitely not. Necessary shuttle ride to a sketchy location that caused extra time both ways and frustration.

Will not be using Bookings again and would not recommend.",1,2026-08-10T21:44:59.000Z
Booking.com,Travel,Scam,I had booking with booking .com and room was not up to standard then because I did buy insurance with booking .com I try to contact them they ware making excuses for refund my money kept me on hold for 3+ hours then hang up tried many times but couldn’t get any response from them AVOID AVOID AVOID AVOID I WOULD LIKE TO GIVE -0 star but had to give one AVOID AVOID AVOID AVOID AVOID AVOID AVOID AVOID AVOID AVOID AVOID AVOID AVOID AVOID AVOID AVOID AVOID AVOID AVOID AVOID AVOID AVOID AVOID AVOID AVOID AVOID AVOID AVOID AVOID AVOID AVOID AVOID AVOID AVOID AVOID AVOID AVOID AVOID AVOID AVOID AVOID AVOID AVOID AVOID AVOID AVOID AVOID AVOID AVOID AVOID AVOID AVOID AVOID AVOID AVOID AVOID AVOID AVOID AVOID AVOID AVOID AVOID AVOID AVOID,1,2026-08-10T21:34:39.000Z
Booking.com,Travel,Censorship,"From my perspective their biggest fault is that they censor negative reviews on their members.
A couple of years ago I gave a very negative (but objective, and absolutely polite) rating on a hotel which level was horrible, and which room had just NOTHING to see with the photos on Booking's website; they kept my vote (2/5), but cut and trasformed completely my review so that it looked like an almost good one, instead of the terrible one it was meant to be. Seriousness is something else again.",1,2026-08-10T21:31:31.000Z
Booking.com,Travel,What a joke,What a joke. They cancelled our trip with no notice. They actually double booked us. Do not use them. Absolutely useless 😑,1,2026-08-10T20:50:31.000Z
Booking.com,Travel,Lying scammers using artificial…,"Lying scammers using artificial intelligence. On August 8, 2026, I booked an apartment in Karlovy Vary. The money was debited from my account, but I did not receive any confirmation, PIN code, or other documents from Booking.com. No booking information appeared in the app either. Despite the fact that these liars claim their Customer Support operates 24/7, I received no response to my numerous inquiries over the course of three days. Instead, I received two emails titled “New Information Regarding Your Request,” which read verbatim: “Dear Guest,
Greetings from the Booking.com Customer Support team.
We’d be happy to assist you with your reservation, but first we need some additional information from you.
Please reply to this message with as many details as possible, including:
• Confirmation number and PIN:
• Email address (used for the booking):
• Name and location of the property:
• Check-in date and check-out date:""
It seems that Booking’s customer support not only can’t read but also can’t distinguish between letters at all. Because I’ve sent them all this information at least four times in my inquiries. Moreover, I repeat this information in my replies to emails from Booking. And I receive the response: “Address not found. The message was not delivered because the address cs-noreply-booking.com was not found or does not accept incoming emails."" In other words, my money has been successfully stolen!",1,2026-08-10T20:35:31.000Z
Booking.com,Travel,"Purchased two meals not used, no response from company.","Purchased two meals for Hard Rock Cafe "" guitar menu "" in Atlantic City thru Booking.com for $82.06. Didn't like the menu, so didn't use the voucher. Hard Rock Cafe couldn't cancel the voucher. I was unable to cancel thru Booking.com. was charged on credit card, disputed the charge and they said i used the voucher. No refund at all, no contact with Booking.com at all. Don't waste your money on this company.",1,2026-08-10T20:23:39.000Z
Booking.com,Travel,customer support doesn't exist here,"Their rating 1.5/5 on Trustpilot is well deserved.

Customer support does not exist here at all.

It took me more than a month to find a solution to my case. It was a straightforward case, but since their support never cared, I had to waste so much time with them.

I was on twenty very long calls with them. Maybe even more than 20 calls.

Long story short, stay away from booking.com.",1,2026-08-10T20:16:43.000Z
Booking.com,Travel,Misleading and illegal,"Appalling customer service. Illegal practices. Completely misleading.

I've now had a holiday ruined by Booking.com and lost hours of my life trying to complain and get my money back. I put a complaint on line which was ignored, then a formal complaint. They said they were refunding me but after 3 hours today that's not true and they have removed all traces of my complaint from their on line system. They are completely unprofessional, illegal and misleading.
I'll never use this company again.
I'll be persuing through the courts.",1,2026-08-10T19:50:08.000Z
Booking.com,Travel,Scam with no refund,Do not book with this company they sell accomadation that does not exest and they make it so had for you to get a refund. Keep asking for more information.i booked with you so why are you not giving me my money back.we had 4 familys turn up to the same accomadation as us to a sign on wall in rome to say it was a scam. Shame on you booking .com for not looking after your customers,1,2026-08-10T19:46:00.000Z
Booking.com,Travel,A robber company,A robber company Customer service is to responding after week and even they respond can't help you with anything i booked an attraction ticket than i cancelled in less 10 minutes to purshase another tickets with different options they cancelled the tickets with no refund,1,2026-08-10T18:43:44.000Z
Booking.com,Travel,Booked a rental car through Booking.com…,Booked a rental car through Booking.com and received an email 1.5 hours before collection saying no car was available and would we like to go on a waiting list. Given we are only here for a short time and not centrally based that was simply not a sensible option. If booking.com can't even deliver bookings then what is the point of them.,1,2026-08-10T18:42:23.000Z
Booking.com,Travel,Basically a scam,"Customer Service is abysmal. I tried to book an international flight, I was charged but the flight was not booked. I was then informed that the order failed, with no explanation given as to why, and that I had to wait up to three days for a refund. I will never use their services again.",1,2026-08-10T18:37:08.000Z
Booking.com,Travel,Absolutely frustrated by their lack of…,Absolutely frustrated by their lack of customer service. It’s really disappointing as I like it at a booking tool. I haven’t been able to speak to a human on the phone only a human in live chat who hasn’t been able to resolve my issue. The company doesn’t seem to care whether issues are resolved or not. Asked to speak to a manager and that wasn’t possible. There is absolutely no accountability or care. I will now need to start looking for a booking site with more personable and effective customer services.,1,2026-08-10T18:27:42.000Z
Booking.com,Travel,I booked hotel with family I also added…,I booked hotel with family I also added breakfast got there and hotel refused breakfast booking.com messed up ended paying for breakfast and still ain’t paid by booking.com thief’s stay away.,1,2026-08-10T18:14:42.000Z
Booking.com,Travel,Waiting on a refund for a smelly…,Waiting on a refund for a smelly propeety on tje site. Casa collection in kotor bay. Comokete scam everyone is lying the casa collection and booking. I want my refund!!!,1,2026-08-10T17:44:20.000Z
Booking.com,Travel,Rented a car,"Rented a car, when we got their they couldn’t charge our card for the deposit or any of the 5 cards we had with money on. So they cancelled our car but no refound from the booking.com where we paid for the car . Ended up paying for 2 cars. I will never use booking.com again.",1,2026-08-10T17:41:48.000Z
Booking.com,Travel,Booking.com is the most terrible site…,"Booking.com is the most terrible site to book anything.
There are no contact numbers to reach them. I needed to change my flight booking.
There are no phone number and the manage my flight tab on the app is not responding. Hundreds of pounds lost.
Never use them, scam,scam,scam",1,2026-08-10T17:41:38.000Z
Booking.com,Travel,Booking.com's customer service is appalling,"Booking.com's customer service is appalling. Following a major problem in Seoul for which Booking.com is responsible, I sent numerous emails and a detailed letter to Booking.com Amsterdam on 25 March 2026. As of today, 10 August 2026, I have received no acknowledgement of receipt and no reply. It's appalling. I will never use Booking.com again. If you have a problem with Booking.com, you're completely on your own. Fernand (CH)",1,2026-08-10T17:38:51.000Z
Booking.com,Travel,Booking.com is not safe does not have customers' backs,"Someone logged into my account and made a booking in Dubai using my credit card. I contacted Booking.com Customer Services by phone, as chat and email were not available, and was only able to talk to a person after talking to an AI agent (!!?!) and being put on hold for several minutes. When a human finally picked up they said the booking was non-refundable so all they could do was contact the property and ask them to 'open an exception' and issue a refund!!?! Booking.com should not only cancel this booking and issue me a refund, they should pay me compensation. To make matters worse when I tried to change my account password I discovered that Booking.com changed the settings on my account to no longer request a password or passkey, making it more vulnerable to invaders. The other issue I'm having now is that I cannot contact customer services to make a complaint and request that they change the settings on my account to make it more secure.",1,2026-08-10T17:29:07.000Z
Booking.com,Travel,"Dirty, nasty, scam site","This is a dirty, nasty scam site.
Rooms are clearly listed at a particular price. When you go to checkout, it will still clearly be that price. The Booking.com UI/UX team have made it look like the price you will pay. But in the small print, will be the actual price. My room was almost double the price I thought I would pay and I didn't know until I actually paid. Then to cancel would cost almost the full price. Then the customer service live chatters have been trained to communicate with you very slowly, hoping that you give up. This is complete and utter deception. You were able to scam me this once and get away with it, but now I'll never go near your site ever again. It's just such a dumb way to conduct business",1,2026-08-10T17:12:42.000Z
Booking.com,Travel,Horrible customer service don’t ever…,"Horrible customer service don’t ever get a flexible flight ticket with them, they will delay it for days and find the most expensive flights",1,2026-08-10T17:11:09.000Z
Booking.com,Travel,Original booking for property was…,"Original booking for property was unexpectedly cancelled. As a gesture of goodwill, booking had offered partial refund. Receipt of an alternative booking for the same period needs to be uploaded to provided link send in an email. Guess what, link does not work. If you try to contact them, AI agent picks up - no other alternative. Since it's useless, it directs you to send message to customer service - but guess what, message cannot be sent. Then it offers you to call customer service, but less that 1min into the call, it drops it. I tried multiple times, every time it ends the same - you simply cannot contact anyone. God forbid you have mayor issue with accommodation/booking - you will not be able to contact a living soul or resolve anything. Probably you will have to say goodbye to your money or take them to court. In any case, you lose.",1,2026-08-10T16:55:38.000Z
Booking.com,Travel,Scams money,"Scams money, not reliable website to book flights, Easyjet is way better. Does NOT do refunds, after scamming. DO NOT TRUST THIS WEBSITE",1,2026-08-10T16:48:55.000Z
Booking.com,Travel,Don’t need to rent a car thru booking.,Don’t need to rent a car thru booking.. learned the hard way. When I arrived at the car rental company. I didn’t have all my docs and the kind agent said to me that he cancelled the reservation and I wouldn’t be charged.. he referred me to his neighbours and ended up with the car. Booking charged my CC and refused to refund me. Greed!!! I agree that I booked but since no payment was made to car company charge a fee but don’t keep it all.. RENT DIRECTLY WITH RENTAL CAR CO…,1,2026-08-10T16:42:58.000Z
Booking.com,Travel,Purchased several flights through…,"Purchased several flights through booking.com. One with Animawings and the other one with flyone europe. both scam airlines. flights were paid in full then cancelled without notification neither through booking nor directly. booking.com is washing their hands sending me to deal with the airline which does not respond nor intends to refnd the money. Booking.com is gone down big time becoming unreliable and untrusted, disloyal service provider. Thank you booking.com for treating a 20 yr customer with the outmost disrespect",1,2026-08-10T16:22:15.000Z
Booking.com,Travel,Sharing my true experience,"Sharing my true experience, help ppl understand this company. I made a hotel reservation on booking.com in May 2025. On the webpage, it showed booking was successful. But after that I never received any notification(email/text) to confirm. But transaction was posted on my card. I reached out customer service and they said I cannot get refund. I had to go through the dispute process which took more than two months to get my money back. It’s wasting time and worst experience. I will never use it again.",1,2026-08-10T16:01:02.000Z
Booking.com,Travel,Downgraded to a cheaper room but…,"Downgraded to a cheaper room but overcharged by £585Booking.com's handling of our trip was completely unacceptable. Our original luxury apartment booking was double-booked, forcing us into alternative, much cheaper accommodation.Despite being downgraded to a lower-quality property, we were still overcharged by £585 compared to what the cheaper stay actually cost. Booking.com effectively kept our money for a luxury experience we never received.When I raised a complaint about this massive price difference, customer service refused to refund the £585 we were owed. Instead, they only offered a standard 10% compensation. This is a complete scam. They allowed a double booking to happen and then kept our money for a cheaper room. Avoid booking with them.",1,2026-08-10T15:42:47.000Z
Booking.com,Travel,Fraud,"I booked a reservation through booking.com, only to find out that it was fraudulent 4 weeks before travelling. I contacted them to ask if they could confirm and they continuously told me it was ok. I carried on looking only to see more than 30 people writing that itnis fraud and that they turned up in Rome to no accommodation. Despite this, booking.com told me it was fine and then when I went then screenshots they told me that the reservation was cancelled. I am now 6 days away from travelling and finding it impossible to find anything within the same budget and that has space and they will not respond to my emails",1,2026-08-10T15:29:26.000Z
Booking.com,Travel,Booking appear to have been hacked as…,"Booking appear to have been hacked as I've now had two separate set of spam text messages with the full booking details, reference numbers etc. in. Made a GDPR complaint to them multiple times which they have not responded to, and keep asking for the same details over and over, and then I get no reply when I send them. Emails from customer service are sent from a no-reply email address which is nonsense.

Will be making a complaint to the privacy regulator.",1,2026-08-10T15:16:20.000Z
Booking.com,Travel,We book this hotel and when you get there to found out the hotel doesn’t exist,"We book this hotel and when you get there, they don’t exist. The building is there, but not the hotel. After 8h travel, I found myself with my son and my wife in the street. The first customer service assistant was telling me to no worry about because they will giving us another place to stay but they need contact the hotel to confirm what I said is true. Well the end is I need to booked another hotel my self and paid for it now I trying get a refund for about 3 weeks. Booking.com did nothing to help us. They are still doing nothing to make the situation fair. Don’t trust booking.com. We were blessed to find another hotel ourselves and enjoyed a bit of our holiday. Please avoid using booking.com.",1,2026-08-10T14:55:33.000Z
Booking.com,Travel,Company has no integrity,"Company has no integrity, willingness or ability to help. Sadly we did two car bookings of which neither work out. We tried to change the driver and they said only way to do it is to cancel whole booking with partial refund and rebook. They took so much of our money and didnt help with anything :( if there is no relationship with the rental company they should not do business together. This should be a very small change. I feel robbed of £500. Such a small change should not cost so much money :( we will never use them again",1,2026-08-10T14:21:09.000Z
Booking.com,Travel,The perfect robbery… in plain sight,"If i could i would have given no stars! Tried to book a hotel for a specific date but at the time of booking the platform automatically changed the date ( may be because my date was not available) and I didn t notice when I paid. I realized the error a few minutes later when i received the confirmation and tried to cancel right away. Only to receive error messages. Called the hotel who refused to cancel, contacted booking who said to contact the hotel, finally got an address to write to for
My claim that returned undelivered! Now I am trying to remove all my databfrom Booking….IMPOSSIBLE! I feel I have been robbed, i feel trapped and will never ever use the platform again! It costed me $600! Is there a place that can stop these practices?",1,2026-08-10T13:10:59.000Z
Booking.com,Travel,Dont ever booked flexible flights add…,"Dont ever booked flexible flights add on with booking.com
The customer service is seriously so bad but asking them daily to change my flight with nothing being done then 7 days later I get a call and the flight had doubled within that time. Honestly would never book flights with them again",1,2026-08-10T13:09:50.000Z
Booking.com,Travel,I would avoid this company at all…,"I would avoid this company at all costs.

A phishing link was sent to me through Booking.com's own messaging system, and it took me finding the evidence myself to get anyone to act

I booked a London apartment through Booking.com for August. After I confirmed the reservation, a message came through Booking.com's own platform directing me to an external website to enter my card details. Booking.com's published guidance is that they never ask guests to do this.

What I then found, entirely on my own:

1. The contact number given for a London property was a US number.
2. The host did not respond for four days, not to my messages, not to Booking.com's messages, and not to a phone call Booking.com made to them.
3. The address given for the apartment is a pub. There is no apartment there.
4. The Booking.com listing page for the property is titled as a holiday cottage in Somerset, not the London apartment I had booked.

None of this was flagged by Booking.com. I found all of it. One agent even told me the property was legitimate with strong reviews, apparently reading review history that had nothing to do with what I had booked.

The support experience was worse than the fraud:

1. I was given three different timeframes in a single day. First 48 hours, then three hours, then no timeframe at all.
2. A live chat was closed on me while I still had unanswered questions.
3. One agent confirmed in writing that relocation would be arranged free of charge. A second agent confirmed relocation was guaranteed. A third then told me the approved support was €25.
4. I was told Booking.com would not book replacement accommodation directly, and that I should fund a replacement myself and claim back afterwards.
5. The alternative eventually offered was student accommodation in zone 4, priced below my original booking so that Booking.com contributed nothing at all.
6. Any shortfall would be paid as Travel Credits to spend with Booking.com, not as money.

Fraudulent listings appear on every large platform. That is not the problem. The problem is that a phishing attempt was delivered through Booking.com's own systems, that the listing did not match its own page, that none of it was detected until a customer did the work, and that the response was to offer €25 and a suggestion I pay for it myself.",1,2026-08-10T12:57:33.000Z
Booking.com,Travel,No contact number they take your money…,No contact number they take your money and will not talk to you wtf,1,2026-08-10T12:35:03.000Z
Booking.com,Travel,Left customer high and dry,"These guys are crooks, they work hand in hand with Hotels to rip you off.

I had a prepaid booking, but my travel plans were disrupted due to airline cancellations caused by airspace closure, completely outside my control.

Since 17 March, nearly 3 weeks before our stay, I have been trying to cancel this booking. I contacted the hotel multiple times via Booking.com messages, followed their instructions to submit cancellation requests twice, and even attempted to call and message them on WhatsApp. Unfortunately, there has been no proper response or resolution.

No one answers the phone mentioned on Booking.com or their google page. No response on WhatsApp.

The hotel’s communication is extremely poor. They respond initially with instructions but do not follow through or respond after you complete the required steps. It feels like being ignored.
There was plenty of time for hotel to cancel booking and make rooms available to other potential customers.

Given the exceptional situation, I expected at least some level of understanding or support, but instead faced silence and delays.

This has been a very frustrating experience, especially considering the amount paid. I would not recommend this property based on their lack of customer service and responsiveness.

Booking.com was absolutely useless, telling me again and again to directly deal with Hotel, while hotel staff says to directly deal with Booking.com. Both sent me in circles.

Booking costed me AUD 4080+.",1,2026-08-10T12:24:57.000Z
Booking.com,Travel,Fraudulent selling tactics,"Fraudulent selling tactics. The listing claimed it was an entire place with a private kitchen, but it turned out to be a shared apartment with no cutlery, a smelly room, a dirty washroom, and no toilet rolls. Additionally, there was no fan during the summer, and I received no response from the contact number provided.
When I complained about it to booking.com they just added approx £8 to genius account. I wanted answer in writing but nothing done. I wanted to know how fraud can be done like this. No reply to online chat for multiple reminders which supposed to answered within 24 hrs as per their automated reply. Tried to contact over phone twice but useless and even dropped the call without any followup. Complete waste of time and money. Even till today that advertisement for rooms with similar fraud information is there on booking.com website. Its is like Booking.com promote/support fraud selling.",1,2026-08-10T12:20:15.000Z
Booking.com,Travel,Don't use this website,Got a room through them back in June. When I get to the hotel I was told the card they had on file had $804 on it and they needed $96 to complete the payment. After 5 attempts and getting the run around on both myself and the general manager of the hotel. I had to pay extra because they didn't fill the card entirely. And good luck trying to get your money back I filed a complaint and tried for a refund but they don't care. Don't this website don't use it.,1,2026-08-10T12:15:01.000Z
Booking.com,Travel,Want to be scammed? Use Booking.com,"Booking.com had a data breach months ago, as reported on the BBC in April 2026, with scammers targetting anyone who made a reservation. But they have not fixed this problem. I just received a whatsapp message from a scammer who had my correct name, email address, hotel and reservation details. I didn't fall for it, but will never use booking.com again.",1,2026-08-10T11:49:46.000Z
Booking.com,Travel,Nightmare for hosts,"For a host, booking.com is a nightmare. We have a private partnership in Greece which is not registered in the commercial register (only at the tax office). For almost 2 years we're struggling with booking.com that they accept our proof of existence. Obviously they want only the business from the large chains and companies. Not recommended.",1,2026-08-10T11:23:54.000Z
Booking.com,Travel,Do NOT BOOK WITH BOOKING.COM THEY ARE…,Do NOT BOOK WITH BOOKING.COM THEY ARE KNOWN TO TAKE YOUR MONEY AND NOT GIVE U YOUR ROOM . THIS IS THE 2ND TIME ITS HAPPENED TO ME THIS IS A GARBAGE COMPANY! POOR CUSTOMER SERVICE AND THEY WONT RETURN YOUR MONEY RIGHT AWAY EITHER !! EXTREMELY UPSET!,1,2026-08-10T11:14:14.000Z
Booking.com,Travel,If I could give 0 stars,"If I could give 0 stars, I would. Every time there’s a problem, getting a response is nearly impossible. Extremely frustrating and unacceptable. I had a terrible experience with Booking.com three years ago and stopped using them. This year, I accidentally booked through them again and was quickly reminded why I stopped. Never again.",1,2026-08-10T11:02:19.000Z
Booking.com,Travel,Terrible customer service,"Terrible customer service. They platform lures you in with offers (free airport taxi for example), they give it to you, but they contain hidden expiry dates that are not well communicated and they don't help you at all if you miss the (hard to find) deadline. Spent over £1,200 with them on a booking which came with a free taxi ride worth £35. They chose to lose my future business over honouring what was promised. Weak performance. Will be booking directly from now on.",1,2026-08-10T10:29:25.000Z
Booking.com,Travel,A totally unreliable company,"I will NEVER book with Booking.com again! On a recent trip to Malaysia, we arrived at 10.30pm to discover that a message had been sent whilst we were on the plane (I didnt have internet until we reached the city) to say that our room had been flooded by a faulty A/C unit. (I have heard that one before) We managed to find another property, on Booking.com, that was 20 mins walk away at double the price, but since it was already 10.45 by this time, we paid the deposit and walked there with our cases. Once there, we could not contact the owner of the apartment as they kept hanging up when they realised who we were. Eventually we received a message saying they were fully booked but our refund would take 2 weeks. We contacted Booking.com on arrival home in Australia (that in itself took nearly an hour) to say that we had not received a refund and their answer was that it would take another 2 weeks!! They were not interested in the trouble we had had and passed all responsibility on to the owner of the apartment. Terrible customer service, no accountability. I dont know how the business survives! I wish i had read all these bad reviews before booking. They only get 1.5 stars, because the minimum you can give is 1 star. I think there should be an opportunity on Trust Pilot to give 0 stars.",1,2026-08-10T09:45:54.000Z
Booking.com,Travel,Booking dot com not worth it. No savings,Booking dot com has a decent collection of hotel options. However there are no Price discounts or points gained by using booking dot com regularly. Over this Summer my family and I paid expensive room rates in Canada with several different bookings and there was no discount enjoyed. What then is the benefit of booking dot com ? I think you Are better of adhéring to the hotels directly,2,2026-08-10T09:35:31.000Z
Booking.com,Travel,Compensation,"Just to remind everyone
Booking.com will do everything they can to avoid paying compensation.
Blaming others and saying go through your travel insurance. For cancellations",1,2026-08-10T09:34:14.000Z
Booking.com,Travel,wont give a refund,wont give a refund when refund was promised. disgusting filthy company,1,2026-08-10T09:31:57.000Z
Booking.com,Travel,"Fraudulent Advertising & selling of Car Sizes - Booking.com confirmed a 7-seater, then left my family without suitable transport days before travel","In February 2026 I booked and paid for a car through Booking.com specifically because the car advertised and sold clearly stated “Volvo XC90 or similar – 7 seats.”

We are travelling as three adults and three young children, so seven seats were an essential requirement of the booking.

Less than one week before our holiday, I downloaded the rental voucher and discovered that Booking.com had changed the reservation to a BMW X5 showing only 5 seats.

I immediately contacted Booking.com.

Since then, multiple members of their own team have acknowledged in writing that:

• My original Booking.com confirmation shows 7 seats.
• The vehicle currently associated with my booking is a 5-seater.
• They cannot confirm that Hertz will provide a 7-seat vehicle.

Despite acknowledging the discrepancy, Booking.com has repeatedly suggested that I:

* cancel my booking and rebook at today’s peak-season prices;
* contact their supplier in France myself;
* or arrive at Marseille Airport with three young children and simply refuse the vehicle if it is unsuitable.

None of these is a reasonable solution.

I booked six months in advance to avoid exactly this situation.

I have now spent many hours speaking to multiple agents, sending evidence repeatedly and explaining the same issue over and over again. Every representative apologises. Every representative agrees there is a problem. Yet nobody has taken ownership or provided a solution.

Five days before travel I still have no confirmation that my family will actually have transport capable of carrying all six of us.

I have retained the complete documentary evidence, including:

• the original 7-seat confirmation;
• the later 5-seat voucher;
• the full live chat transcript;
• and Booking.com’s written acknowledgements that the booking no longer matches the original confirmation.

I sincerely hope Booking.com resolves this before we travel. If they do, I will happily update this review.

At present, however, I cannot recommend using Booking.com for car hire where vehicle specifications are critical.",1,2026-08-10T09:11:18.000Z
Booking.com,Travel,Unfulfilled promotional terms and unhelpful support loop (Customer service & Refund),"Customer service & Refund.

My recent experience with Booking.com regarding a promotional partnership campaign was very frustrating. After participating in an advertised joint offer during a trip in October 2025, I was promised a benefit to be delivered within 60 days. Today, more than 260 days have passed, and I still have received nothing.

When contacting customer support, the process turned into an endless loop. Instead of honoring or resolving the promotion advertised on their platform, the support team repeatedly redirected me back and forth to the partner airline without offering a solution.

Communication with their automated and human support felt designed to exhaust the customer rather than resolve the problem. I have my booking references and email correspondence ready to verify this experience. Future customers should be cautious when relying on promotional offers through this platform, as accountability is severely lacking.",1,2026-08-10T09:07:55.000Z
Booking.com,Travel,The advertised a closed hotel and took…,"The advertised a closed hotel and took payment, looks like the hotel been closed for years its been 2 days and still waiting to hear from customer services",1,2026-08-10T08:50:50.000Z
Booking.com,Travel,Booking. Com leaking your private details.,"Very, very concerned that Booking. Com is leaking personal details.
This is the 2nd time this has happened within six months.

Make a reservation, all paid and confirmed.
Then get a WhatsApp message with loads of links, theatening to cancel the reservation unless I use the links within 24 hours.
Contacted Booking. Com who don't respond for 5 days and when they do respond just say that the information has been passed to another department.
Booking. Com is leaking private details about customers...............",1,2026-08-10T08:47:39.000Z
Booking.com,Travel,Shocking,"Shocking. Booked three nights away back in July to go away in August. No email confirmation received. Upon trying to cancel reservation before £307 is taken from my account. I’m lead in circles on their app for help. No help from AI rubbish in their phone line IF you can find the number! 3 weeks I’ve been trying to cancel within this reservation now. STILL no joy. I’ve need had the hotel DIRECTLY contact Booking.com to request it be cancelled in my behalf!
Will absolutely never use this service again. Fingers crossed it’s sorted in three days. Or I’ll be taking them to small claims court.",1,2026-08-10T05:01:59.000Z
Booking.com,Travel,Very bad experience I have boked a…,Very bad experience I have boked a booking for pachmarhi from booking.com they give me confirm booking but when I reached hotel said no bookings all rooms are sold so don’t book any booking from this fraud app,1,2026-08-10T04:22:58.000Z
Booking.com,Travel,Promoted a rental car company that had…,Promoted a rental car company that had a two hour wait vs all the other companies that were empty. Guessing most people took the sponsored bait.,1,2026-08-10T03:15:32.000Z
Booking.com,Travel,They hide the total fees our hotel…,"They hide the total fees our hotel ended up being $75 more than listed and didn't show up until I hit submit.
Tried to cancel right away but they wouldn't even within 1 minute realize if they ripped me off. I am contacting my credit card to file a dispute customer service is a joke",1,2026-08-09T23:05:50.000Z
Booking.com,Travel,Terrible,"Used Booking.com many times without issue. However, a recent booking in Scotland has caused issues where a hotel has over charged me and is refusing to communicate to resolve the issue having previously agreed to refund me.

As a last resort I thought Booking.com may assist as they were to booking agent. How wrong I could be!! Almost impossible to get a human to speak to you then when it appears you have they really are as daft as daft comes and absolutely no help!

In future I think I’ll go elsewhere!!",1,2026-08-09T22:00:10.000Z
Booking.com,Travel,Zero stars,"Zero stars. Had to cancel my reservation three days prior to the trip because I got fired from my job they make you verify your email address and you spin in circles on your phone when you are using a desktop computer they still make you verify it three times until you’re able to access your account. You can see your reservation and they are advertising customer service available, but no one is available when you’re searching the Internet for customer service phone numbers there is one reliable phone number and it takes you to an AI agent that only takes care of hotels and not flights and here we are they send you back to your account. I tried emailing them at the address that was advertised and the emails bounced back.(ref number & booking) I’ve tried 1 million other phone numbers that are advertised on the Internet or given to me in in email for booking however, a lot of scamming agencies reaching out to you trying to get into your email requesting codes sent to your personal email so they can verify your reservation and then they ask you for enormous amounts of money to cancel your booking and you don’t even know if you are reaching a booking certified agent overall experience zero stars I will never book through them again ever again and I will make sure all of my friends know how they operate",1,2026-08-09T21:40:05.000Z
Booking.com,Travel,Avoid Gotogate by Booking.com at All Costs,"My experience with Gotogate by Booking.com has been one of the most frustrating and stressful travel experiences I've ever had. I strongly advise anyone considering booking through them to think twice.

Our Thai Lion Air flight was cancelled by the airline on 3 June, well in advance of our scheduled travel on 2 July. However, we were never informed by Gotogate or Booking.com that our flight had been cancelled. There was no email, no SMS, no phone call, and no attempt to offer an alternative flight or assist us in any way.

The only reason we discovered the cancellation was when we tried to complete web check-in before our trip. Imagine the shock and panic of finding out that your flight doesn't even exist just days before your vacation. Because of this complete failure in communication, we were forced to book expensive last-minute replacement tickets, costing us significantly more than what we had originally paid.

The worst part began after that. It has now been over two months, and despite countless follow-ups, we have still not received our refund. Every single time we contact Gotogate, we are given the same scripted response: ""We are waiting for the airline to refund us."" They refuse to take any ownership of the issue or provide any meaningful update.

To make matters worse, they repeatedly provide incorrect information, claiming that the flight was cancelled on 3 July, when in reality it was cancelled on 3 June. Even after correcting them multiple times, they continue to rely on inaccurate records instead of investigating the matter properly.

As the company that accepted my payment and issued my booking, Gotogate/Booking.com should be accountable to their customers. Passing all responsibility to the airline while leaving customers without information, assistance, or refunds is simply unacceptable. Customers should not be expected to bear the financial burden and uncertainty because an intermediary fails to do its job.

The entire experience has caused unnecessary financial loss, countless hours spent chasing customer support, and tremendous mental stress. Every interaction has felt like talking to a wall, with no accountability, no empathy, and no resolution.

I have completely lost trust in Gotogate and Booking.com for flight bookings. Saving a small amount on a ticket is not worth the risk of being abandoned when something goes wrong.

My advice to anyone considering booking flights through Gotogate or Booking.com: Don't. Book directly with the airline or use a travel agency that actually supports its customers. If your flight gets cancelled, be prepared for poor communication, endless excuses, delayed refunds, and zero accountability.

This has been one of the worst customer service experiences I have ever had, and I will never use Gotogate or Booking.com for flight bookings again. I will also actively recommend that my friends, family, and colleagues avoid them if they value their money, time, and peace of mind.",1,2026-08-09T20:59:38.000Z
Booking.com,Travel,Just applied to have all my data…,"Just applied to have all my data deleted under the data protection act uk.
Tgey have replied that they will honour the deletion but under Netherlands data protection laws.
What booking.com forgets is the fact that when they operate in Britain, they automatically agree to abide by all uk laws yet they trying to hide behind other countries laws as they think they are too big to obey all countries laws they operate in.
I advise all uk residents to be wary of using booking.com as they think uk laws are optional not a legal requirement as they forget we are not in the eu anymore.",1,2026-08-09T20:03:33.000Z
Booking.com,Travel,A great discovery for travel,"I recently found out about booking.(earlier on this year) So far it has been great. I haven’t had a problem and the process has been extremely easy.I have booked for four different areas. Two of those four have been great. The other two are coming up in October and November. I booked for Solvang California, phoenix Arizona, Las Vegas, and Jalisco Mexico. I have even gotten a small discount.

I will be back after my next two trips to give an update.

Side note I do like that you can leave a review about the hotel stay on their app.

**everyone has different experiences, remember to be kind and patient**",4,2026-08-09T19:40:08.000Z
Booking.com,Travel,The worst customer service support…,"The worst customer service support ever.
They hired people in India that could barely speak English.
I had been trying to reach customer service to unlock the account for 2 days. Total number of calls were > 10 to no avail. They drop the calls, don’t understand the problem and unable to solve the most easiest things.",1,2026-08-09T19:21:46.000Z
Booking.com,Travel,Disapointed,"I was a very good client of booking for years. But now I am very disapointed.

In the pas, normally we allways got a warning that my credit card will be charged. Just to be sure that you know that you have enough money on it. And also if you want to cancel that you got the warning.

But this time they did not send the message. So my booking from januari was canceled by booking. They only send that cancelmail.

I was able to book it again as soon as they sent me the mail that the house was canceled. That mail they sent!

At the end. The house was 200 euro’s more expensive. And booking charged me also 200,00. So in total 400,00 euro more expensive.

I asked Booking to be kind for me, Because it was a mistake from booking. They denied that it was their mistake. So I am genius 3 client. But they lost me. I will never use booking again!! A few years ago the client service was good. But now. Long waitingtimes at the phone. And no mercie. So Booking. Don’t book!",1,2026-08-09T19:01:38.000Z
Booking.com,Travel,Absolute scam website,"Absolute scam website. While yes, I've booked one or two legitimate stays, last year an apartment we booked took the money from our account, only for booking a few days before our stay to say the booking had been cancelled without going through and we didn't have a place to stay after all. We had to scramble to book a new, worse, more expensive apartment through another site. Since then, for a whole year, I've tried every possible thing to get our money back for the first apartment. The online customer website doesn't work even a little bit, at least if the booking isn't tied to an account. They tell you they have to send a code to your email to verify the booking is tied to the email address, but they never send the code. If you write them an email, you get stuck in a loop of 'please verify your information', but if you do verify it, you get another of the same mail. It's almost impossible to reach them by phone - their waiting loop may randomly end the call or leave you to wait for forty minutes, then tell you they're having a technical issue and hang up. If you do magically manage to reach them, they tell you they'll call you back to verify your number, then don't do that 90% of the time. If you do get that far, they simply lie to you telling you that your money will be refunded, but never do it. If you mention a refund up front, they immediately cite technical issues and hang up. We still don't have our money back and I'm stuck in their horrible, glitchy waiting loop as I'm typing this. There is no way to actually reach them, and at every point you're encountering 'technical issues' that never resolve and keep you from even making an official complaint. Could not recommend in any way, even if we used the site before for years.",1,2026-08-09T18:33:49.000Z
Booking.com,Travel,Booked what was called cosy 3 bedroom…,"Booked what was called cosy 3 bedroom propert in backworth, Newcastle cost £198. Looked good on booking.com but when arrived it literally looked like someone had been evicted that day. Bins over flowing and unable to shut in front garden. Old discarded clothing in front, dirty, stained carpets and settee not fit to sit on. Items that were shown as hung on walls were just stood on the floor. Inside bins not emptied, found empty cans and uneaten food in bag in drawers where clothes should be stored. Could not stay and so had to book emergency hotel accommodation at a cost of £250. Complained to booking.com and sent multiple videos. Despite that, they refused to refund and when I looked at the reviews for that property on their site, many other people had said the same. Booking.com clearly know this property is unacceptable as they have now removed it from their platform and simply credited my booking.com account by £16.
Utterly disgusted by booking.com. if your holiday goes well and you have no issues then you are fine. If you have any issues like I did, tough luck you are on your own. Would never recommend or use booking.com again.",1,2026-08-09T17:20:03.000Z
Booking.com,Travel,Booking.com abandoned its customers…,"Booking.com abandoned its customers during an extreme emergency

I had used Booking.com for many years and made numerous reservations through the platform. However, its conduct during the catastrophic wildfires around Arcachon has completely destroyed my confidence in the company.

Our family had booked two rooms near Arcachon Bay. At that time, the area was being affected by some of the largest wildfires in modern French history. Major access roads were closed, mass evacuations were taking place, and the Gironde authorities were asking tourists not to travel to the affected region. Arcachon Bay was effectively situated between two major fire zones.

Despite the extraordinary scale of the emergency, Booking.com apparently did not classify the area as being affected by an extreme or emergency situation. It did not issue us any meaningful warning and, when we asked for assistance, simply distanced itself from the problem.

The hotel’s position was predictable: it wanted to keep the money, even though no accommodation service was provided. But Booking.com’s attitude towards its customers was truly shocking. Its customer service merely told us that nothing could be done because the hotel refused to authorise a refund.

I am certain that our family was not the only one planning a holiday around Arcachon Bay at that time. Booking.com’s failure to recognise the seriousness of the situation and its refusal to provide any meaningful assistance are therefore extremely difficult to understand.

Booking.com was perfectly willing to act as an intermediary when accepting the reservation and benefiting commercially from it. However, when a genuine emergency occurred and its customers needed protection, the company simply stepped aside and accepted no responsibility.

After many years as a loyal customer, I can only say that Booking.com disgraced itself in this situation. Before making my next hotel reservation, I will think very carefully about whether to use Booking.com again. At the very least, travellers should not expect any real assistance from the platform when something serious goes wrong.",1,2026-08-09T17:18:24.000Z
Booking.com,Travel,1 Star is too much,"1 Star is too much
15 years ago, 5 years ago 5 days ago it doesnt matter. Booking.com makes sure that you have an hell for an holiday!",1,2026-08-09T17:12:48.000Z
Booking.com,Travel,Booking.com scam,I use booking.com to book a 5 night stay at The Brooklyn Hotel. I experienced an unexpected family emergency and canceled the non refundable reservation before 24 hours. The hotel kept $897.74 of $1015.19 total. Nearly 90% of my money. Booking.com said there was nothing they can do about it. They advertise this hotel on their site with photo shop pictures. Booking.com is apart of this scam. They get zero stars. I would never book a hotel reservation through them again.,1,2026-08-09T16:48:43.000Z
Booking.com,Travel,Last minute they cancelled my…,Last minute they cancelled my reservation without reason and without replacing it!,1,2026-08-09T16:34:30.000Z
Booking.com,Travel,We needed to change a hotel…,We needed to change a hotel reservation. This can be done according to the website. Booking.com said we needed to call the hotel directly the hotel said that booking.com is responsible because it was booked through them. We got charged. It is NOT woth saving a couple of dollars using this company. They are liars and customer service is non existant.,1,2026-08-09T16:33:55.000Z
Booking.com,Travel,Horrible service and property,"If I could give them less than 1 star I would! 1st, the property they represent at 2500 Pennsylvania Ave (Washington DC) is terrible. Dirty, poorly maintained, and A/C barely working. We we discussed with front desk personnel (who were high and reeked of pot) were not only unhelpful but were rude. When we called Booking.com customer service, they also were completely unhelpful and disconnected the call multiple times. We filed a dispute which they have denied with no means of contacting them. DO NOT USE booking.com.",1,2026-08-09T15:56:38.000Z
Booking.com,Travel,**Very disappointing experience,"**Very disappointing experience – we will not use Booking.com again**

Unfortunately, our experience with this booking has been extremely disappointing.

After completing the booking, we repeatedly requested the invoice, but **we have still never received it**. Despite following up several times and providing all the necessary information, the issue remains unresolved.

Receiving a proper invoice should be a basic part of any professional booking, particularly when it has been specifically requested. The lack of communication and failure to provide the invoice has made the entire experience frustrating and unprofessional.

Based on this experience, **we will not be using Booking.com again**. We expected a much higher level of service and support, and unfortunately, this experience has completely undermined our confidence in the platform.

We hope this issue will eventually be resolved, but we cannot recommend Booking.com based on our experience.",1,2026-08-09T15:38:52.000Z
Booking.com,Travel,Totally unacceptable service,"Totally unacceptable service. Got my data compromised for a booking i made. Phishing message received on whatsapp and asking me verify my payment link using 3Dsecure all over again. Luckily used AI on my phone to spot its phishing attempt as for a booking made in Sri Lanka, i was getting a message from a business on whatsapp in Peru! Totally feel unsafe using their platform in the future as they are not putting protocols in place properly to comply with GPDR and data protection of their customers. I want to formally raise a complaint and happy to provide details on this. Booking.com Please TREAT THIS URGENT!!! i have a Ticket number only and your chat agent has no idea of the timeframe for the security team will respond by! completely unacceptable. I would never use your platform in the future if my data is NOT secure!",1,2026-08-09T15:14:12.000Z
Booking.com,Travel,Avoid and find an alternative,"I have had an absolutely awful experience with Booking.com and I am still trying to get my money back.

I booked a property through Booking.com, but before my stay the property owners began demanding an additional €150 payment and told me I would not be allowed into the building unless I paid it. This was extremely concerning, particularly after I checked the property’s reviews and found multiple guests reporting problems getting their €150 “deposit” returned. The property had also received a significant number of very negative reviews.

Because of this, I contacted Booking.com at around midday on 31 July, BEFORE booking alternative accommodation. I asked them for help and reassurance about the situation. I received no resolution or meaningful assistance. As I could not risk arriving with nowhere safe to stay, I eventually booked another hotel.

On the day of my original booking, the property refused to let me enter because I would not pay the additional €150. They also refused to cancel my booking. I contacted Booking.com again, extremely upset, and explained what had happened. I was told that I would receive approximately a quarter of my money back once the booking period had ended. Even this seemed completely inadequate considering I had paid for accommodation that I was not permitted to access.

I have now contacted Booking.com to claim the refund I was promised, only to be told that I am not entitled to it because I supposedly booked my replacement hotel BEFORE reporting the problem.

This is simply not true.

I have evidence showing that I contacted Booking.com on 31 July before booking the alternative accommodation. Booking.com therefore had the opportunity to assist me before I was forced to make alternative arrangements, but failed to do so.

I had previously had good experiences booking hotels through Booking.com, but this was the first time I actually needed their customer service to resolve a serious problem. The experience has completely changed my opinion of the company. When something went wrong, I received virtually no meaningful support, was left to find alternative accommodation myself, and am now being refused even the partial refund I was previously told I would receive.

I would strongly recommend booking directly with hotels or using another provider. My experience has shown me that when a serious problem occurs with a property, you cannot necessarily rely on Booking.com to protect you or help you recover your money.

I am still requesting that Booking.com review the evidence, honour the refund I was promised and resolve this properly.",1,2026-08-09T14:55:57.000Z
Booking.com,Travel,Booking.com is a terrible platform,"Booking.com is a terrible platform that had repeatedly failed me when I needed customer service

I have used Booking.com extensively, but my experience following a serious incident at a property has completely changed my view of the company.

I booked four nights at Westbury House in Windermere through Booking.com. I physically attended the property within the stated check-in period, with my luggage, and attempted to check in. Following an extraordinary confrontation with the owners, the door was closed on me while I was still standing at the threshold. I was not admitted and received none of the four nights I had paid for.

What happened afterwards with Booking.com was almost as appalling.

I spent approximately two hours making around 16 calls to Booking.com numbers in Australia, the UK and the Netherlands trying to report what had happened. Calls repeatedly disconnected, including after I had been placed on hold, meaning I had to call back, identify myself and start explaining everything again.

One agent, Mohammed, became embroiled in a pointless argument about my reservation number, despite ultimately acknowledging that he could already identify the booking. When I asked for a supervisor, he refused to escalate the call.

I called again and spoke with Christine. After I criticised the lack of empathy and customer service I was receiving, she actually told me:

“I’m hanging up on you. You have to call back. I don’t like the way you’re speaking to me.”

And she did.

Meanwhile, Booking.com was emailing me saying it had contacted the property about my complaint even though nobody had successfully taken my complete account of what had happened. I replied asking, “How can you have advised them when I have not told you a thing?” and repeatedly asked for someone to call me.

I then pursued Booking.com through email and X/Twitter, including providing a detailed written account. I was repeatedly redirected back towards the same telephone customer-service system that had already failed me.

Now comes perhaps the most disturbing part: despite my repeatedly telling Booking.com that I physically attended Westbury House and had the door closed on me at the threshold, I have apparently been recorded as a NO-SHOW.

That is simply false.

And conveniently, being classified as a no-show means I am now unable to leave a Booking.com review of the property and what happened to me there.

So I attended the property, was refused the accommodation, spent hours trying to report what happened, experienced repeated disconnections and failed escalation, sent written complaints explaining that I had attended — and I am now prevented from reviewing the property because the booking records incorrectly say I never showed up.

Whether Booking.com or the property disputes my entitlement to a refund is one issue. Whether I attended the property is another. I did attend. I was not a no-show.

A booking platform proves its value when something goes wrong. Taking a reservation and processing payment is easy. Providing meaningful assistance when a customer is standing outside accommodation they have paid for is where customer service actually matters.

In my experience, Booking.com failed spectacularly at precisely that point.",1,2026-08-09T14:52:39.000Z
Booking.com,Travel,Odious company,Odious company. They take your money and then have the face to send you an email saying the booking is not confirmed. Another disgusting morality free US corporation. Always try to book direct where possible and cut out this revolting middle man.,1,2026-08-09T14:44:19.000Z
Booking.com,Travel,Terrible company,"Terrible company, first time using booking.com and the host tried to keep my deposit, no mention of a deposit until I had paid for the property. Booking.com did not help me in the slightest to get my money back, I had to go through PayPal in the end. Do not recommend.",1,2026-08-09T14:20:16.000Z
Booking.com,Travel,never help when you get scammed.,"I've had to deal with scams and accommodations that didn't match the description several times. Booking.com's support has never actually helped me — all they did was contact the property owners, who simply refused to do anything. I can contact the owner myself. So basically, Booking.com charges a commission for doing absolutely nothing that's why i recommend reserving apartments avoiding booking.com",1,2026-08-09T12:57:35.000Z
Booking.com,Travel,Booking.com should be Booking.con,"Two hotels on two consecutive nights booked through booking.com. First night the hotel is closed down. Second night the hotel is overbooked. Phoned, messaged and emailed booking.com with no response, quick enough to take and keep my money though.",1,2026-08-09T11:05:26.000Z
Booking.com,Travel,Be very careful using booking.com,Be very careful using booking.com. I have had my all my personal details breached. They emailed to tell me it had happened. But you can never speak to anyone to resolve the ongoing issues. I will never use them again. Your personal data including bank details is at risk.,1,2026-08-09T10:16:17.000Z
Booking.com,Travel,Booking.com canceled my reservation without my permission,"I booked a two week reservation at a Stay USA hotel in Hot Springs, SD. I had some scheduling issues, so I called the hotel ahead of time and told the employee on the phone I would not make my first night of vacation. The hotel put in the notes I would not make it in on Friday, August 7th. When I showed up on August 8th, the hotel employees did not have a room for me. This is unacceptable, and I expect a full refund and all of my Venture credit card reward points back. The fact that booking.com can update my reservation to a “no show” without getting in touch with me first should be illegal",1,2026-08-09T06:10:54.000Z
Booking.com,Travel,Never again,Never again! Horrible customer service! Still waiting and hoping to get my money back and I’m highly hopeful my holiday will work out as there is still few things booked through them…,1,2026-08-09T04:14:39.000Z
Booking.com,Travel,Never use them- they DO not refund,"We booked a hotel that we found on Trip Advisor, through Booking.com. Trip Advisor indicated the hotel was pet friendly. When we showed up at the Holiday Inn and Suites in Meriden we were told it was NOT pet friendly. Booking.com refuses to refund us as they blame Trip Advisor. Trip Advisor blames The Holiday Inn and Suites for not monitoring the Trip Advisor site. Booking.com is who we paid so they should be reimbursing us. We were a family of four left to find alternate accommodation in the middle of the night. Very disappointed. Will never use Booking.com again.",1,2026-08-09T02:01:44.000Z
Booking.com,Travel,Booking.com allowed a completely fake listing onto its site and it has cost me dearly.,"Do not trust this platform with your family holidays or your personal data. I booked an apartment in Paris (Le Grand Paris Apartments, Reservation 6142145566) for a family holiday. Shortly after, the scammers contacted me directly inside Booking.com’s own platform messaging system and via official-looking emails demanding payment and identity verification. Because the request came through Booking.com’s trusted channels, I uploaded a scan of my driver's license. The scammers then immediately sent demands for external payments via third-party links. When I investigated further, past guest reviews exposed the horrific truth: previous guests turned up to find they had no booking, and reviews showed a horse-drawn ive in waggon in an empty field instead of a luxury Paris apartment, leaving families stranded.

Booking.com openly allowed a completely fraudulent vendor onto their platform and enabled them to use internal messaging tools to trap customers.
Because of Booking.com’s utter failure to secure their platform our family holiday is in ruins, and we are left stranded with no accommodation in Paris.

Scammers now possess my full name, home address, date of birth, email address, age and a scan of my driver's license.

I had to pay £30 for CIFAS Protective Registration to prevent fraudulent bank accounts from being opened in my name, over £20 for a replacement driver's license, and cancel my credit card.

Hours of Administrative Stress and I have had to spend hours filing criminal police reports with Action Fraud and setting up fraud monitoring. When I confronted customer support about this nightmare, the agent offered zero accountability, gave copy-paste advice on running antivirus scans, and abruptly ended the chat while I was still speaking.

Booking.com allowed criminals to exploit their internal system, handed over my personal data to fraudsters, destroyed our family holiday, and dumped 100% of the cost and stress onto me. Use this site at your own extreme risk.

Hours after I made a complaint and was told they were investigating the listing, I went on to Booking.com becasue I was curious.
Le Grand Paris Apartments, with its fake photos and fake reviews, is back online and fully capable of taking bookings. After everything I went through, I find that unbelievable and unacceptable.",1,2026-08-09T01:22:52.000Z
Booking.com,Travel,We had 2 horrible experiences with…,"We had 2 horrible experiences with booking.com.

We booked a place in Italy, that didn't appear to exist. Called, emailed, couldn't get a hold of anybody. Then had to fight booking.com and the credit card company to get a refund.

Then we booked a stay in Marathon, FL called Rainbow Bend. They had somebody in our room that we booked that didn't know their reservation that they thought they extended with booking.com wasn't legit. Huge mess. We had to book another stay somewhere else, and we're currently fighting with booking.com for a refund again.

I will never use them again or recommend them to anybody, and I will be reporting them to the appropriate government agencies.",1,2026-08-09T01:22:20.000Z
Booking.com,Travel,Never booking with booking.com,"I made a reservation for a hotel with booking.com. They provided all the details to my email (the payment, confirmation number, pin, date of stay, ect.) Everything seemed settled and organized. Enough for me to feel safe that everything is set. However. When I tried to check in, the hotel couldn't find my reservation. I showed them the confirmation number, but they said they can't find anything under my name or confirmation number. They instructed I call booking.com since I booked the reservation through a third party app.
Trying to get ahold of a person is insanely difficult. It's all pretty much AI bots helping you all the time. I had to call twice because the first time I was on hold, they just hung up out of no where. When I finally got ahold of an actual agent (which took close to an hour of being on hold), they told me they can't do anything besides give me a full refund, which was going to take 7-12 business days. I wasn't given an option to book a different room, or even different hotel. I had to buy another room if I wanted to stay. I didn't have the funds to book a different room. I had to cancel my weekend plans.
Never have I had a horrible experience booking a hotel. Never have I had a horrible customer service experience in general. I was not left happy. The fact that they told me that the only thing I can do is buy another room because of their incompetence. I would not recommend this app to even my worst enemy. The amount of stress I had to go through trying to find an agent to help me out, and having to delay plans because of this unfortunate experience. This place should not even deserve a star. Please stay away from this company.",1,2026-08-09T01:17:37.000Z
Booking.com,Travel,Hidden unreasonable cancellation…,"Hidden unreasonable cancellation policy, difficult refund policy (still begging for a refund)and non-existant customer service",1,2026-08-09T01:14:59.000Z
Booking.com,Travel,"Fake listings, avoid using it","Avoid booking apartments as there are so many fake listings and the scammers will send a link to make the payment to confirm the booking which is scam. Booking-com doesn’t perform verifications for the apartments and the support team needs customer’s support to identify such type of fake listings. They simply say sorry and leave the conversation, and by that time your other hotels price will shoot up and booking-com just ignores all that stuff . So avoid using it",1,2026-08-09T01:08:04.000Z
Booking.com,Travel,Refunded me the difference of a replacement booking as they said they would,"I just wanted to leave a review since I appreciated that Booking followed through on refunding the difference in price of a more expensive replacement stay after the original location cancelled on me. It did take me a few tries via email and had to send in documents multiple times, but finally today spoke to someone and she helped get it straightened out. So I have a good impression that I will be ""taken care of"" if something goes wrong and plan to continue to primarily use the site for my travel accommodations.

It seems a lot of businesses these days are dropping the quality of their service, so it's good to see that some still have integrity. Also, I will say that I was not impressed with Agoda support when I ran into an issue on their platform.",4,2026-08-09T01:07:31.000Z
Booking.com,Travel,Avoid at all costs!!!!,"Booked a few properties through booking.com for an upcoming Europe trip. First issue was they were hacked, and we got a message with all the details of one of our accomodations, including my wifes name, and asking for a credit card to confirm the reservation. Luckily our bank spotted the scam and blocked our card. We reported it to booking.com with no response. Second, we booked an apartment for a week in London months ago with a ""confirmed"" reservation, and just got an email to say the booking is cancelled. So now we have to find an alternative at short notice when all the best places are already gone. No apology from Booking.com and no explanation!",1,2026-08-09T01:04:55.000Z
Booking.com,Travel,Shockingly poor,"I tried to stay at a property in Alfriston, Sussex. It was booked for three nights but I was forced to leave within half an hour as the property was uninhabitable. After trying for hours to get through to Booking's customer service, they offered no useful advice. We chased up via several emails, during which we were of course told that they were on the case. Nothing has happened apart from a risible £13.00 refund (not yet sent). On the basis of this experience, I find Bookings to be an irresponsible and dishonest company with an incredibly poor Customer Service. In future I will not use Booking .com again. Zero stars.",1,2026-08-08T23:18:49.000Z
Booking.com,Travel,Booking.com isn't trust worthy,"Zero customer service,
They claim price match guarantee, while they can't even commit with their own website listed rates,
I wouldn't trust Booking.com again",1,2026-08-08T22:34:25.000Z
Booking.com,Travel,I tried to get my vacation home listed…,"I tried to get my vacation home listed on Booking.com without sucecss because I was asked for a bank account number with 5 or 7 digits. Mine has 9. I tried and tried to get hold of some sort of customer service help, but I only got mindless AI robots who spewed silly unrelated responses. Seems like there really is nobody home. I have yet to get any sort of personalized response. It's one thing to be concerned that the robots are taking over. It's another thing to leave before it has happened. Perhaps that is idea? Set up a fully automated cash machine.",1,2026-08-08T22:34:20.000Z
Booking.com,Travel,This company LIES,"This company LIES.
I booked what they said was a sea view. The minute I paid for it, they changed it to partial view and won’t give me my money back and it was a lot.",1,2026-08-08T22:21:38.000Z
Booking.com,Travel,I have been waiting since the 23rd of…,"I have been waiting since the 23rd of July for a refund & i been told multiple times that it has been processed & now it’s august 8th way past 10 days n im yet to receive the refund. The person on the phone is now saying 7-12 days. That is unacceptable
Horrible customer service . Takes so long to get a refund even when hotel confirms they approved it.
Worst website ever",1,2026-08-08T21:44:12.000Z
Booking.com,Travel,"Disgraceful breach of contract. Left stranded, support hung up on me","Absolute nightmare experience with Booking.com. We booked a 6-person Sea View apartment three weeks ago for a holiday. The host cancelled last-minute due to overbooking. Under the UK Consumer Rights Act 2015, Booking.com is required to provide a par-to-par relocation. Instead, their support team tried to force us into a severe downgrade—splitting our group and giving 4 of us a City View room.

Because this is peak season, market rates have skyrocketed. The only true equivalent sea-view alternative left is £2,252—a £1,667 cash difference from our original £585 booking. When I refused their inferior city-view downgrade and demanded they honor their relocation policy, the customer service agent completely hung up the phone on me.

This is a clear breach of consumer protection regulations and an appalling way to treat a customer facing a travel emergency. I am proceeding to book the replacement accommodation independently to mitigate my damages. I will be recovering the full £1,667 consequential loss via a statutory Section 75 claim through my UK credit card provider and filing a formal complaint with the Competition and Markets Authority (CMA) and MCOL.

Booking Reference:6500399835",1,2026-08-08T21:28:34.000Z
Booking.com,Travel,WARNING,WARNING! Wish I could have given this company ZERO stars! They cheat people big time! We booked two nights at a hotel in New Jersey and they charged three times the amount that Expedia was charging for the SAME hotel! They are cheating people by constantly inflating the prices! Book directly through a hotel and DO NOT use Booking.com!,1,2026-08-08T20:48:03.000Z
Booking.com,Travel,Beware. Booking.con makes all bookings non refundable,"I booked a hotel by the airport using booking.con 2 weeks before my trip. 24 hours later, I tried to cancel my hotel but booking.con told me that my booking was non refundable. I didn't check any box or even remember seeing an option to make it non refundable. I had to cancel my hotel anyway which cost my me $168 for absolutely nothing. Never again will I use booking.con. I will use Expedia from now on. I would give them 0 stars but trust pilot won't let me do that",1,2026-08-08T20:44:33.000Z
Booking.com,Travel,"Promised a refund, now being offered Travel Credit","Extremely disappointing experience with Booking.com.

We booked an apartment in Nice but were informed there was a leak and were offered an alternative apartment further away from the city centre. We said we wanted to keep that option open while seeing whether something closer was available. Instead, our booking was cancelled, leaving us without accommodation and having to spend a considerable amount of time contacting Booking.com.

When we eventually spoke to a representative, we were told we could choose alternative accommodation and that Booking.com would refund the difference in price.

We selected more expensive accommodation in the centre and then received written confirmation from Booking.com stating:

“We will cover up the price difference up to the amount EUR 336.39.”

Based on both the telephone conversation and this written confirmation, we booked the more expensive accommodation, which cost €882.96. We would not have chosen accommodation at this price had we not been assured that Booking.com would cover the difference.

After our stay, Booking.com asked us to provide an invoice in order to process the reimbursement. Their subsequent email repeatedly referred to this as a refund, including:

“To proceed with your refund request…”

“We’ll be happy to move forward with your refund.”

And most clearly:

“Once we receive this, we will promptly process the refund for you.”

Despite all of this, we are now being told that the price difference will NOT be refunded and can only be provided as Booking.com Travel Credit towards a future booking.

What makes this even more frustrating is that Booking.com clearly knows the distinction between a refund and Travel Credit. In the original email, they separately stated that if we incurred “additional charges at the new place”, they could “look into adding Travel Credits to your Wallet.”

Travel Credits were therefore specifically mentioned in relation to additional charges, but NOT when Booking.com told us they would “cover” the price difference. We were also verbally told it would be a refund and subsequently received an email referring to the payment as a “refund” multiple times.

Had we been told from the outset that we would have to pay the additional cost ourselves and receive credit towards a future Booking.com reservation instead, we would NEVER have chosen the more expensive accommodation.

Customer service throughout this process has also been incredibly frustrating. Telephone waiting times are very long, getting through to someone who can actually help is extremely difficult, and we have even had calls cut off after waiting, forcing us to start the process again.

We aren't asking for anything extra. We simply want Booking.com to honour what we were repeatedly told, both verbally and in writing, and reimburse the agreed price difference, up to the €336.39 maximum confirmed in their email.

Travel Credit requiring us to book with Booking.com again is not the same as the refund we were repeatedly told we would receive.

I will happily update this review if Booking.com honours the reimbursement we were promised and resolves the matter.",1,2026-08-08T19:16:39.000Z
Booking.com,Travel,Don’t trust Booking.com,"Booking.com are advertising the rental property my daughter and family rent and live in. It used to be an Air b n b but is no longer. But Booking.com keep taking bookings and the money from unsuspecting people who are left with no money and no accommodation. The managing company, We Love Property are still on the listing but declare they are no longer in business.",1,2026-08-08T17:50:41.000Z
Booking.com,Travel,Very bad experience overall,"Very bad experience overall. I hosted a property on booking.com and this website overall is so bad. You can't see guest profile/rating at all to ensure guest is safe to host or not; neither you get the chance to approve guests as it's automatically approved by booking.com which means almost anyone[even a criminal or an over drunk] can book and walk in your property. Host has no option to review a guest even if the guest is a criminal/over drunk and damages your property. The only option is to complaint and basically you are not hearing back anything from Booking.com.
The website is also too difficult to use. The process of contacting them is really complex, making changes to the property is also the same thing. I would prefer Airbnb any day over booking.com for hosting the property for a safe and smooth process.",1,2026-08-08T17:40:32.000Z
Booking.com,Travel,"Dear All,","Dear All,
I would like to formally raise a serious concern regarding the repeated email verification requirement in the NAS app in the UAE.
The application is requesting email verification every few minutes, which is highly inconvenient and is causing unnecessary delays in completing and updating information. The frequency of verification is even more excessive than what is normally experienced with mobile banking applications.
I have also raised this concern through a Google review; however, unfortunately, I have not received any meaningful response or seen any clear indication that someone is taking responsibility for addressing the issue.
This level of inconvenience is not acceptable for a service that users are expected to rely on. I strongly request that the concerned team take ownership of this matter, investigate the root cause, and provide a proper resolution at the earliest.
I would appreciate a clear response regarding the action being taken to resolve this issue.
Best regards,",1,2026-08-08T17:28:59.000Z
Booking.com,Travel,Non-existent and atrocious after booking customer service,"Easy booking experience however non-existent and atrocious after booking customer service. I would strongly advise against using this platform as you will not receive any support or recompense should anything go wrong. Contradictory advice, very slow to respond (if at all), multiple emails, responding from different people every time. So disappointed.",1,2026-08-08T17:17:28.000Z
Booking.com,Travel,Booking.com bordering on illegal.,"Booking.com is clearly fraudulent.

I booked a hotel room for one night and very shortly after I realised I had entered the wrong date by 24hrs and put a submission in for a change of date. This submission goes directly to the Hotel.

In the morning I had a message from Booking.com to say the Hotel had confirmed that no rooms were available for the previous night. Even though I’d checked before submitting the request and there were 5 same room vacancies.

So I called the Hotel who told me there was evidence of a change of date submission. Before they had had a chance to accept this change Booking.com had intervened and rejected it. The hotel said there was nothing more I could do.

So in short Booking.com rejected my request on the Hotels behalf even though they have a free date change policy (within 24hrs of booking) and there were plenty of rooms available and would have accepted my request.

Booking.coms Customer support is non-existent and their app just keeps referring me back to the hotel, who in turn refer me back to Booking.com

Booking.com are clearly acting fraudulently and retaining my money and going against the Hotels own policy by intervening the system quickly to reject my request. It’s insane.

That’s called FRAUD! I want my money back.",1,2026-08-09T06:19:09.000Z
Booking.com,Travel,Use trivago,"We use booking.com a lot home & abroad .
I am writing this review after trying to speak to a manager & also emailing the ceo . Given over a week and they still haven't bothered to contact me. Again proving that their customer base is not important. Well booking.com you do have a few rivals who will be getting our business in future .

So we booked a pub stay in a small market town . Drove 3 hrs expecting to have a lovely relaxing weekend. When we arrived the pub had a sign saying closed under new ownership . We tried to contact the pub but the phone just kept ringing . We then called booking.com took awhile to get past AI ( in the street with bags around us ) eventually spoke to a young man what a joke ( extremely poor if any training given ) he said all he could do was apologise ( a good trainer will tell anyone that's a big no no it's not all you can do ) he said he couldn't contact the pub but they were open & still taking bookings ( passing the book ) then the new landlady came out explained that she had been onto booking.com for 2hrs saying they weren't open & only just moved from Scotland that morning . She had asked them to contact the many people that were booked in .

The young man kept putting us on hold for long periods of time . He said there was no manager in the building ( anyone running a cc will also
Know this is utter rubbish) he couldn't give us a managers name . In the end he promised to get one to call us back . Well this never happened. He made out he was doing us a favour by cancelling the booking and refunding us . He couldn't make another booking but we could ourselves if we wanted to.

The customer service and policy's are shocking .

We either slept in the street - returned home or tried to find somewhere else with no further help from them .

We had gone for a purpose to this market town and nearly everything was booked up as it's only small . One hotel at over £400 a night was free 🤣.

We called a BnB ( never our first choice to stay in one ) she luckily had just had a cancellation more than the pub we had originally booked . We were grateful that this lovely lady accommodated us in her lovely home .

I will never trust booking.com again . Yes mistakes errors things like this happen . It was extremely stressful & my husband's ill . But the cc agent wasn't given any support by his manager . No real empathy to our situation.

Staff should be able to make things right when mistakes are made they should be able to log on book the customer a new place to stay and stand any price difference. Shame on the managers working there that day & clearly have ceo s who don't care either.

Anyone who has got an upcoming booking I suggest you call the place before leaving home . If this had been vulnerable person on their own it could have a bad outcome . We won't use them again & they haven't apologised or refunded the price difference either as promised . Disappointed & disgraceful service",1,2026-08-08T16:51:06.000Z
Booking.com,Travel,Listing property issues & support problems,"I own a couple of Villas that I am attempting to list on booking.com (via their partner site). (1) I go through the entire listing process only to find the number of bedrooms is wrong, click edit and once again add the missing bedrooms, get to end and the number of bedrooms has increased; but is still wrong. For a 6 bedroom it took 5 edit cycles to finally get it correct.

(2) today I tried to login to the partner site from my cell phone and out of 7 attempts, only successful on one. Checked the 6 bedroom property to find it is once again wrong. Corrected it. Logged out. Tried to login in again and could not.

Called their support. Told them I was having problems getting logged in. Rep kept asking for the property number, even after I told her I can not get logged in to see the property number.
Mathis experience is really unfortunate because I was excited that I had found a site that supports my pricing strategy (per person, per night).",1,2026-08-08T16:22:52.000Z
Booking.com,Travel,"Locked out, and no support from customer service","While on holiday we were locked out of the house, and despite calling customer services numerous times no one would put us in touch with the owners. Several times customer services just hung up. We had no way of contacting the owners and ended up being outside in a very high temperature with none of our things for over 4 hours. I'm trying to contact customer services again since coming home and I still can't get through. I won't be using this company again",1,2026-08-08T16:13:48.000Z
Booking.com,Travel,Shouldn't have to take legal action to get a refund!,"I have been a long time user of Booking.com, however having booked a holiday cottage in Wales to use as a base, we were very badly let down this summer.
The accommodation was absolutely appalling, dangerous and NOT as advertised.
We booked the accommodation as it stated it had a garden, ideal for hosting family outside, as we have done on previous occasions. However the visitors book advised that if you wanted to sit outside, there was a bench available in the woods across the road! The accommodation was absolutely filthy, with cobwebs EVERYWHERE, spiders (both dead and alive) and the musty smell was absolutely overwhelming to the point of being nauseating; probably best not to book if you suffer from any breathing difficulties. Plus we couldn't even freshen up as there was no hot water upstairs, despite the water heating being on.
The two dangerous aspects to the cottage were pointed out to the owners of Bodeinion Cottage (as well as the filth) and neither had been an issue the previous week. That much level of muck and dust do not accumulate over such a short period of time.
Booking.com advised us to liaise with the owners, who advised we needed to lower our expectations, as it was a dog friendly establishment. I booked an old cottage, but I would expect a certain level of hygiene if I'm to cook for my family. The place was soo grubby I couldn't even make the children hot drinks when we got back from a lovely pub tea. We also had to take ourselves off to a cafe for breakfast whilst waiting to get access to alternative clean accommodation.
We asked the owners if they would be happy to pay over £700 for a 4 night stay, their response was that they only charge £100 per night, with the agents taking a huge slice of profit for anything above that rate.
Owners batted our issues to booking.com, who in turn blamed the owners and asked us to get in touch with customer services at Cottages.com.
Photo evidence of the appalling state of the accommodation and the dangers within were all supplied to cottages.com, who have had well over a week to respond to our request for a refund.
To date no response has been forthcoming, therefore we seek redress via small claims court.",1,2026-08-08T15:44:13.000Z
Booking.com,Travel,This company is literally scamming…,"This company is literally scamming people and no authority is taking note. They offer car rentals, they charge your NeoBank without hesitation, knowing that the car rental company will not accept these types of cards. Don't even try to contact their ""customer service"" because they have the guts to put you on hold, just to come back and make you click on countless of links until you find the small letters... Needless to say none of these found in your reservation, so no refund possible, and in top of that, a reservation for 2 days, they tell you they will charge you for 3 days, technically making you owe them money. Hope there's a group of people willing to press charges against this guy's, I am willing to assist on this quest!",1,2026-08-08T15:24:16.000Z
Booking.com,Travel,**Extremely frustrating customer…,"**Extremely frustrating customer service experience**

I had a very frustrating experience with Booking.com. I attempted to make a hotel reservation, but the booking was never confirmed even though the payment was successfully processed by my bank. The hotel itself confirmed that they never received the reservation.

I contacted Booking.com multiple times to resolve the issue, but the entire process felt completely automated. I was repeatedly directed from one place to another, asked for information that does not exist because the booking was never confirmed.

There seems to be no straightforward way to speak to someone who can actually investigate a payment issue when a booking fails. Instead, I have been going in circles between automated responses, Booking.com, the hotel, and my bank.

For a payment that has already been successfully processed, I expected much better customer support and a clear resolution. This experience has been extremely inconvenient and stressful, especially since I am simply trying to recover money for a reservation that was never created.

I hope Booking.com improves its customer service system and provides a direct way for customers to resolve failed bookings and payment issues with an actual support representative.",1,2026-08-08T14:56:44.000Z
Booking.com,Travel,"Extremely disappointing experience1 STAR — BOOKING.COM LEFT ME £5,000+ OUT OF POCKET AFTER GUEST DAMAGE with…","Extremely disappointing experience with Booking.com and their handling of serious property damage.

I had guests stay at my property, Monkleigh House, who caused significant damage during their stay, including serious flooding. The total damage was in excess of £5,000.

There were also issues with the number of guests. The guests arrived with more people than were included in the original reservation. Rather than cancelling their booking and ruining their stay, we tried to resolve the situation reasonably and allowed the booking to continue after agreeing that the additional guests would be paid for.

After they checked out, we discovered extensive damage to the property. We provided Booking.com with photographs, evidence and contractor information demonstrating the extent of the damage.

And what did Booking.com do?

They simply sent a payment request to the guest.

The guest said they didn't agree to pay it.

And that was effectively the end of the process.

Despite the damage being supported by evidence and the costs being thousands of pounds, Booking.com offered no meaningful solution and no effective mechanism for recovering the money.

What makes this even more frustrating is that Booking.com controls the booking process and charges commission on every reservation, yet when a guest causes thousands of pounds worth of damage, the responsibility appears to be pushed entirely back onto the property owner.

Their damage deposit system is also completely inadequate. The maximum deposit they allow for the property is nowhere near sufficient to cover serious damage. In my case, the actual loss was over £5,000.

What is the point of having a damage claim process if a guest can simply say ""I don't agree"" and the platform effectively washes its hands of the matter?

As a property owner, I accepted the booking through Booking.com in good faith and relied on their platform to provide a reasonable level of protection when something goes seriously wrong. Instead, I have been left with a substantial financial loss and a damaged property.

This isn't about trying to avoid paying for legitimate damage or making an unreasonable claim. The damage was real, substantial and documented.

The problem is that Booking.com's system appears to be designed to make it easy to book a property, while leaving the property owner carrying the financial risk when a guest causes serious damage.

Very disappointing treatment of property owners.

If you operate a property through Booking.com, I would strongly recommend understanding exactly how little protection you may actually have when a guest causes significant damage.

For me, this experience has seriously damaged my confidence in Booking.com as a platform for property owners.",1,2026-08-08T14:41:45.000Z
Booking.com,Travel,Failure of consumer protection and lack of accountability,"I am writing this to highlight a significant failure in Booking.com's role as a service provider. We recently stayed at an apartment where the physical reality bore almost no resemblance to the digital listing—specifically regarding furniture quality, advertised amenities (outdoor furniture/exercise bike), and even the promised view. This was not merely a minor discrepancy; it was a fundamental difference in the standard of accommodation we paid for.

Despite providing Booking.com with a detailed report containing extensive photographic evidence comparing the listing to the actual property, we have received no meaningful response. There has been no attempt to address our complaint, nor any offer of compensation for the significant loss in value and the distress caused by these discrepancies.

Furthermore, Booking.com has failed to take any steps to ensure the host updates their misleading information, leaving future travelers vulnerable to the same false advertising. We spent a significant portion of our holiday managing maintenance issues—including a non-functional heating system—instead of enjoying our stay.

When a platform like Booking.com ignores documented evidence and leaves customers to bear the full financial and emotional cost of misleading advertisements, they lose all credibility.",1,2026-08-08T14:15:31.000Z
Booking.com,Travel,Terrible customer support,"Terrible customer support. Platform is good, until it’s terrible.

Have used the service multiple times but had an issue with a booking (host didn’t reply for over a month!) - booking.com said they can do nothing, then cut off the conversation. Next agent did nothing, got a refund through my credit card.
Only book if the booking is 100% refundable until the day of the booking and make sure you don’t put a card on account - cash only on arrival. This will save you all the stress.",1,2026-08-08T14:06:42.000Z
Booking.com,Travel,Absolutely awful customer service,Absolutely awful customer service. Trying to confirm my flight. They've taken my payment but apparently it takes 2 days for the confirmation email to come through. Once they tell you they just cut the phone. With respect they're foreign nationals so have no customer service tone at all. Act like you should know how their process works. Really poor service. Would sack the lot of them,1,2026-08-08T13:49:12.000Z
Booking.com,Travel,Rubbish,"I will never book with this site again. My son booked two rooms at a luxury hotel in North Wales for him and his partner and me and my husband. On arrival we discovered we did not have rooms in the hotel but were put in outside accommodation, which was rubbish! Nowhere on this booking did it say we were not in the hotel. Booking.com completely mislead us with this booking. They are a disgrace.",1,2026-08-08T13:48:23.000Z
Booking.com,Travel,I have been using this company for 5…,I have been using this company for 5 years and make quite a few bookings a year. However just lately I haven't received a cashback I was entitled to after 3 months(i have contacted customer services 3 times) and I have just looked at my status I have gone from 4 bookings to reach level 3 to 6 this morning.,2,2026-08-08T12:54:56.000Z
Booking.com,Travel,Very bad experience,"Very bad experience. We got bumped our flight, we called them and they will not let us adjust the booking of our car booking. We still want to pick up the car but we just need to push it out one day. More than £200 lost.

Very rigid with their polices! I will not use booking.com again. I warn everyone not to use them especially for booking done 24 hours before.",1,2026-08-08T12:18:03.000Z
Booking.com,Travel,No swimming pool!,"We paid extra money to stay in a hotel with a rooftop pool in Faro as there arent many hotels with pools in the area. We were informed on arrival that the pool was closed for refurbishment. The only reason we paid over the odds for a 5 night trip was for the pool. The hotel should have been on a discounted rate and we should have been informed at the time of booking that the pool would not be available for use. We would have picked a different hotel to stay in had we known. I feel like our trip has been ruined, we have packed cases based on days at the poolside. We have had to pay extra money for ubers to the beach and a day at the beach club to try and salvage this holiday. I would not be comfortable using booking.com in the future, I'm very disappointed.",1,2026-08-08T12:13:09.000Z
Booking.com,Travel,I have an issue with an accommodation…,I have an issue with an accommodation from there site. The accommodation told me that they are were wrong but that I couldn’t get the money back. The accommodation wasn’t possible to come there. Booking.com should help me but in 24 hours they told me without any reason that can’t help me. That’s all. So be careful when you book something !! There is no help,1,2026-08-08T11:23:14.000Z
Booking.com,Travel,Disgusted by this company,"Disgusted by this company. Worse company ever. We’ve spented thousands of euro with them in the past years until one day my mom booked a hotel and it also appeared in my app / account. No correlation between so no clue how it happened. We have no travel buddies added in neither of our accounts. They had no answer. Same confirmation number and same pin, I cancelled mine being afraid I will be charged as well for the hotel, and it also cancelled her. I was in shock when she mentioned it to me. Now, one week apart for her to go she has no hotel. They said they will contact their security team. I will never book again with them, and I will advise everyone to do the same.",1,2026-08-08T11:06:06.000Z
Booking.com,Travel,Refused to resolve a booking issue with owner who refuses to provide the service,"I booked a property for my mom coming to visit us. The property is located in residential area with 18 towers and about 13000 apartments sharing the same address.

Property owner doesn’t specify the exact address. I have reached out to the owner via booking.com and got no response in 3 days.

When I called the owner, she asked to message in the local messenger. When I messaged them, they said that “there’s a mistake in booking.com” and they don’t lease with such price, asked me to cancel and pay to them directly. I refused because the price they expect is much higher than listed price.
After I refused to do that and said I will keep the reservation and expect them to provide the service, the property owner blocked my phone number.

I have reached out to booking.com support and have never had such an inhumane approach to customer service. Even though I told them the property is located in one of 18 towers and I don’t know which one (because the owner refuses communicating and providing services), they still suggested to keep the reservation and go at the property address on the check in date. Like go where? Stand in the middle of the street? And do what? It’s just a ridiculous advise. They said that this address is real and it does exist. Yes, it does, and there’s 18 blocks here! 18!

When I told them I can not get the details about property location, they suggested me (!!) to reach out the property owner! I told them they have blocked my number, and guess what — they said I should reach out to them via their phone number.

I feel like with customer support of booking.com I’m in a reality of the Idiocracy movie.",1,2026-08-08T10:47:07.000Z
Booking.com,Travel,Terrible customer service from…,"Terrible customer service from Booking.com in a crisis situation.

We were travelling from the Netherlands to Tignale with three children. On the day of our arrival, there was a serious wildfire in the area and the situation became unsafe enough that we had to change our plans.

Booking.com basically left us to deal with everything ourselves.

I had to find another hotel on my own, arrange everything at the last minute, and worst of all, pay for a second hotel out of my own pocket.

We will only receive the refund for the original reservation after our holiday, which means that because of a situation completely beyond our control, we had to finance two hotels at the same time.

This was not a last-minute change of mind or a matter of personal preference. There was a wildfire, and we were concerned about the safety of our family.

Booking.com seems to work perfectly well when everything goes smoothly. But when you genuinely need support, the stress, the organisation and the financial burden are apparently left entirely to the customer.

A huge disappointment. After this experience, I will seriously think twice before ever using Booking.com",1,2026-08-08T10:37:07.000Z
Booking.com,Travel,Very disappointing and misleading…,"Very disappointing and misleading experience with Booking.com. I made a reservation approximately early July 2 weeks before I travel and entered my credit card information believing it was required to hold the booking. Instead, my card was charged immediately. I then received a notice stating that all details of the booking were final and that no changes could be made unless I contacted the hotel immediately.

That is not what I expected when making a reservation so far in advance. The entire process felt deceptive: take the card information to secure the reservation, immediately charge the full amount, and then inform the customer that the booking is essentially locked. Yes, I could have disputed the charge with my credit card company, but why should a customer have to go through that headache immediately after making what they understood to be a reservation? When I emailed them they responded with a lame excuse: ""the system charged your card"".

I have used online booking services expecting transparency about when I will be charged and what cancellation or modification conditions apply. In this case, I felt those terms were not made sufficiently clear before the charge was processed. A reservation platform should make it unmistakable—before the customer enters payment information—whether the card is being used simply to guarantee the reservation or whether an immediate charge will be made.

I will never book with them again.",1,2026-08-08T10:10:29.000Z
Booking.com,Travel,As 90% of the reviews for Booking.com…,"As 90% of the reviews for Booking.com customer services are rated one star I will not invest anymore time in providing details of my specific experience as the evidence of how unsatisfactory their CS is has already been very well documented.
So my advice is don’t persue it, your time is more valuable than dealing with a company that simply doesn’t care about there customer’s. Therefore my conclusion to this awful experience is simply to never use Booking.com again and to advise others never to use them.",1,2026-08-08T08:56:28.000Z
Booking.com,Travel,"Room had vomit, excrement, mold, foul smells and dirty sheets","I have used this platform.for years, this is the first time iv had issues and have been thouroughly let down. I was given a room covered in vomit, feaces and mold with no towels, toiletries, tv or lamp and dirty sheets. Was told id have to sleep there anyway as the hotel coukdnt move me and booking.com couldnt do anything. I waited till 11am the next day for anyone to even attempt to help me. I had to leave as i needed sleeo and a shower. I have been told no refund will be given and i am getting no help from booking.com despite them selling me this property. What they have put me through is appauling and you cannot expect anyone to sleep in those condtions i couldnt even shower as the bath was full of mold and there were no towels as advertised. Absolutly disgracful customer service from btoh booking.com and the beresford hotek newquay who are managed by stayz.",1,2026-08-08T08:37:09.000Z
Booking.com,Travel,I have been trying to contact…,"I have been trying to contact Booking.com about being charged for reservations that did not go through, even though the funds were taken from my account. I have already sent the requested documents, but I still have not received any assistance. I live paycheck to paycheck and cannot afford to have money taken from my account. I am struggling to get anyone to help me with this issue. When you are asking for a refund or to make a complaint, their website is not user friendly.Can someone please help me!",1,2026-08-08T05:45:09.000Z
Booking.com,Travel,Booking DOES NOT deserve the volume of…,"Booking DOES NOT deserve the volume of business they get just by offering the best price occasionally. And it will catch with them soon or later and all those frustrated customers that were not able to reach booking when they most needed, will witness the fall of this company.
There are plenty of other good companies to take over the business gap left by booking extremely poor customer service.",1,2026-08-08T05:10:19.000Z
Booking.com,Travel,Booking.com and Gotogate don’t give refunds back,If you want to book flights you shouldn’t use booking. Com. Once something goes wrong they Tage you three to Gotogate. And there your endless journey begins. At the end you will spend hours in a waiting room and will never get what you want or you will pay more than booking a new flight. It’s simple: they always refer you back to the airline you booked and they will refer you back….the ping pong game with no end. I gave up after spending several hours online and I never got my money back even though the airline wrote a letter of refund guarantee.,1,2026-08-08T05:09:45.000Z
Booking.com,Travel,"No real customer service, horrible if you need any changes",Foreign company. No way to call US based agents to change reservation. They force to a chat that takes forever and after a long wait they state you need to wait for another department to review your request. Will never use them again. It's like anything I have ever experienced.,1,2026-08-08T05:03:39.000Z
Booking.com,Travel,After using booking .com for over 10…,After using booking .com for over 10 years very disappointed with their canceling a flight with in 10 minutes of purchase because of wrong date applied where Thai air Asia offer free cancellation with in 12 to 48 hours of purchase,1,2026-08-08T02:44:56.000Z
Booking.com,Travel,"🚨 Fake Reviews, Bait-and-Switch Scam & £300 Extortion (Res: 6884228422) ""Stylish Room in Central Location in Swansea, UK""","🚨 WARNING: Retaliatory £300 Extortion & Bait-and-Switch Scam (Reservation: 6884228422)

I am writing this to warn all travellers and demand immediate action from Booking.com corporate compliance regarding Reservation 6884228422 for the property listed as ""Stylish room in central location in Swansea, UK. This property is operating a fraudulent bait-and-switch operation out of a residential family home, and Booking.com is allowing them to extort customers.

THE PROPERTY SCAMS:

1- BAIT-AND-SWITCH: The room was explicitly advertised and paid for as a private en-suite. The moment payment cleared, the confirmation email stealthily changed it to a shared bathroom. The water pressure was terrible and turned freezing cold whenever a tap was opened elsewhere. When challenged, the female host was aggressively rude, telling me to cancel and leave.

2- PARKING LIES: The listing promised parking. In reality, it is strictly competitive street parking in a very rough, unsafe-feeling neighbourhood. One side of the road is restricted to permit holders, and the free side was so packed there wasn't a single centimetre of space.

3- UNLISTED RULES & CONDITIONS: I was forced to remove my shoes at the door without warning and walk up multiple flights of stairs bare-footed. The hosts cooked highly pungent food with burning spices at 10:00 PM, heavily triggering my asthma and allergies. The bedding and towels smelled disgusting and unwashed.

4- INTOLERABLE NOISE: Stomping and items dropping inside the house lasted until 1:30 AM, while crowds and young children loudly shouted in the street until 2:30 AM. Sleep was physically impossible.

RETALIATORY FINANCIAL EXTORTION: After I left an honest, highly negative review on the platform to warn others, this hostile host fraudulently abused Booking.com's system to send a retaliatory demand for a £300 payment for fake ""policy violations."" This is blatant bullying and financial extortion to scare me into deleting my review.

PLATFORM FAILURE: This property has a highly inflated 8.2 rating from only 20 reviews—these are clearly fake, manipulated reviews that Booking.com fails to filter out. Furthermore, when trying to report this scam, the system traps customers in a useless AI bot loop, making it impossible to reach a human agent.

I demand Booking.com immediately investigate this property for fraud, suspend their listing, and issue a full refund for services completely misrepresented.",1,2026-08-08T01:14:49.000Z
Booking.com,Travel,Booking.com Doesn't Verify Host Terms... Non-Refundable Despite Hidden Requirements,"Booking.com does not verify their hosts' terms and conditions. We paid on Booking.com and then got sent an obligatory ""check in agreement"" from the hotel with CRAZY terms – blanket authorization to charge my card if they see fit, removal of all liability for any issues with the accommodation (including injury or death), among other concerning things.

Spent literally hours emailing and calling customer support trying to cancel. Was forced to pay for a hotel where we never stayed because the reservation was non-refundable, even though these terms and conditions were required by the host and present NOWHERE on the listing. Booking.com processes your payments but accepts no responsibility whatsoever for the accommodation booked and won't refund you when it doesn't correspond to what is advertised.",1,2026-08-08T01:03:44.000Z
Booking.com,Travel,Reservation 6387445410 Utropolis 2R1B…,"Reservation 6387445410 Utropolis 2R1B on 18.7.26 to 20.7.26. Very bad Booking.Com advertise a property that is not available, cannot be contacted. NO REFUND from Booking.Com. No responsibility by Booking.Com. Excuses from Booking.Com is complaint after booking date. THIS IS A SCAM. Booking.Com is NOT A TRUSTED PLATFORM . Unverified Properties listed. SCAM",1,2026-08-08T00:40:45.000Z
Booking.com,Travel,Poor Customer Service and Unresolved Complaint,"Very disappointed with the customer service. My confirmed booking was cancelled less than 48 hours before check-in due to overbooking, despite being booked and fully paid almost four months in advance. I was also promised by customer service that the parking and pet fees for the replacement accommodation would be reimbursed, but this has still not been honoured. I have contacted customer service repeatedly, but my complaint remains unresolved.",1,2026-08-08T00:00:27.000Z
Booking.com,Travel,Never use this company's services.,"I hade a car booking confirmation is 764051844.
I booked it 13.04.2026. In the confirmation email I had a chicklist and there was nothing about flight tickets as I am a local citizen. When I came today to Airport Enterprise car rental company they refuse me and didn't help because I booked car through booking
I called to booking442039788649. I explained everything above and gyu helped me to book another car for tomorrow but more expensive. He promised me full refund from my first car booking. I agreed to pay more £250 for new booking.
Now he tell me that booking customer service refuse full refund. It is unacceptable. You can check your confirmation email that was nothing about flight tickets!!! They claim that when making the booking, I am also responsible for personally checking the rental company's terms and conditions.
I want full refund for car booking because you confused me with wrong information in the email.
Very disappointed. Another car rental stuff suggested me don't use booking anymore.
I will follow this suggestion.",1,2026-08-07T23:38:58.000Z
Booking.com,Travel,Hotel Treated Poorly,"I represent a hotel and my experience is that this company and affiliated companies under the Booking.com umbrella continually undercut.

They need to provide accurate rate information that aligns with the rate that we provide.",1,2026-08-07T23:31:29.000Z
Booking.com,Travel,Scam reservation on Booking.com,"I can't reach the property I booked through Booking.com; they're not responding to emails, phone calls, or messages. Booking.com has been stalling me for days. It's clear that such a place doesn't exist, and Booking.com hasn't checked this. They're not canceling either; if you cancel, they'll take the full amount. They're trying to say they'll only look into it if the property doesn't exist when you arrive. This is outrageous. They don't understand how we're supposed to go on vacation to another country without arranging our accommodation. Booking.com hasn't done anything to prevent this fraud. It's a disgrace.",1,2026-08-07T23:10:15.000Z
Booking.com,Travel,We got scammed trough a fake booking,"We got scammed trough a fake booking. Booked weeks ahead, during travels did you notice that a few days before a person already left a rewiew on the property that it is a scam, we left a rewiew and another after us too. Comtacted booking straight away on 20.07, now on 07.08 havent gotten any answer from customer service. So many people’s have been scammed because they did absolutely nithing and still are not doing nothing",1,2026-08-07T23:02:03.000Z
Booking.com,Travel,If I could rate this less than 1 star I…,"If I could rate this less than 1 star I would.

My husband and I took up our tenancy in June this year and we are still getting people turning up here having paid to stay in our house. Initially I thought perhaps they booked weeks and weeks in advance, as apparently you can’t remove a listing with a reservation, but no. The lovely gentlemen who turned up this evening booked just two weeks ago. Some of these people have travelled for hours. HOURS. They have PAID to stay here and are unable to. Their holiday has been ruined and it puts our kids on edge because one or two of the groups turning up here have been fairly aggressive. One group even turned up with the police. We have kids with additional needs, they don’t need this.
And yes, before anyone thinks it, our landlord has tried and tried to get the listing remove but booking.com won’t allow it. Each time I try to contact them It just says it won’t send and to try again. Not that there seems to be any point, if the other reviews here are anything to go by . Absolutely abysmal company, should be shut down",1,2026-08-07T22:59:22.000Z
Booking.com,Travel,Aweful booking process,"Aweful booking process. We booking a hotel, received confirmation that it was booked. Booking.com never sent the hotel our confirmation. The hotel then got full in the time we were trying to resolve and we were left trying to find another hotel while traveling. Booking.com took no accountability and offered no support.",1,2026-08-07T22:52:34.000Z
Booking.com,Travel,Price match is a Lie,"They are failing to honor their price match policy. I found the exact item on another site for nearly half the price. I sent customer support the link and a screenshot as proof. They claimed the item was sold out, but I verified and showed them that it is still in stock. They simply refuse to cooperate.",1,2026-08-07T21:08:15.000Z
Booking.com,Travel,I would strongly advise against booking…,"I would strongly advise against booking flights through Booking.com based on my experience.

I booked flights and was told they would take a couple of hours to process. The money was immediately showing as pending in my bank account, so naturally I assumed the booking was being processed.

Two days later, I still had no confirmation email, and the payment was still showing as pending. Trying to contact customer service was incredibly frustrating. The phone numbers either rang out or led to an AI system that asked for a confirmation code I had never received, meaning I couldn’t get through to anyone. I was repeatedly directed to the online help page, which offered no useful assistance whatsoever.

I also sent numerous emails to customer service, only to receive the same automated AI-generated responses over and over again. This caused unnecessary stress while I was trying to organise my holiday, including accommodation, transfers, and activities.

After several days with no meaningful support, I eventually contacted Booking.com through Instagram. They finally provided a phone number where I was able to speak to a real person. I was then told that my flights had never been processed. There was no apology and, more importantly, no email, phone call, or any other attempt to inform me that the booking had failed.

Had I not continued chasing this myself, I could have turned up expecting to travel without ever having valid flights. Thankfully, there were still seats available, but that may not have been the case.

This experience was stressful, time-consuming, and completely unacceptable. I have lost all confidence in Booking.com and will never book flights through them again. If you’re considering using Booking.com for flights, I would recommend booking directly with the airline instead to avoid the risk of being left without a confirmed booking or any meaningful customer support.",1,2026-08-07T20:40:43.000Z
Booking.com,Travel,If I could leave a -10 star review,"If I could leave a -10 star review, I would. By far the most horrible experience I've ever had with a third party booking site, there was a change in schedule of our flights, and they did not accommodate enough time with the extra layover. So our last two flights departed at the same time, causing us to completely miss our third flight. They've been impossible to reach for a refund or fix for this situation, so we forked out another $2000 to get an immediate flight, doubling our cost this trip.",1,2026-08-07T20:19:18.000Z
Booking.com,Travel,CANT CONTACT THEIR SHI...,CANT CONTACT THEIR SHI.... CUSTOMER SERVICE,1,2026-08-07T20:17:39.000Z
Booking.com,Travel,No room & no refund,"Reserved a room, got there & it was a dorm, a male dorm & I'm female. Had nowhere to stay, it was 36 degrees, 2 months & still haven't been refunded because apparently I didn't have a flexible policy. Impossible to speak to a person with sense, & they just want me to give up & pay for a place I didn't stay in. I advize not to bother.",1,2026-08-08T07:42:18.000Z
Booking.com,Travel,Thieves - refund not sent despite cancelled flights!,"Had two flights booked - to Istanbul and a return to Gatwick . Both flights were cancelled and refunded by the airline , yet I have been sent a partial refund and still owed over £100 from booking.com despite the airline refunding them the total amount . I have chased and chased via call , email and chat and nothing . Repeatedly told to wait and be patient , promised deadlines that have repeatedly passed . Thieves!! Send me the rest of my refund!",1,2026-08-07T19:30:39.000Z
Booking.com,Travel,I tried to book flights to Malta which…,I tried to book flights to Malta which didn’t go through as my Klarna didn’t have enough spending power so the money got taken out of my account refunded then taken out of my account again. I’ve contacted the customer service but they are not even getting back to me so now I’m a lot of money out of pocket. Thanks,1,2026-08-07T18:50:32.000Z
Booking.com,Travel,Never again,Booked a 3rd floor apartment with sea views and a balcony but got a grimy rundown groundfloor flat next to a busy road at a completely different address to the one I booked. Booking say they can’t refund me without permission from the host. Of course the host isn’t going to agree. They are the one who scammed me. So Booking take the side of scammers. Avoid this site like the plague. Why do we keep giving our money to these awful companies?,1,2026-08-07T18:14:32.000Z
Booking.com,Travel,I booked a place it shows with in one…,I booked a place it shows with in one mile to me in Croatia when I booked the book me same name 20 miles way and different country in Bosnia when I discoverer I told them to cancel they didn’t even bother and they asked for a review which I made one and they refused my review this the 3 time I hade problem with booking.com and the last time will no be booking with them,1,2026-08-07T17:54:22.000Z
Booking.com,Travel,THE ABSURD,"I have been a customer of Booking.com for several years, but now I have experienced the absurd.
Now I find myself with a property not being booked any longer because the website says that the owner has cancelled the stay.
I had booked time off from work in order to travel to the property and spend 10 days of relax. How can I find something at a similar price in such a short time? to make things more interesting and awkward, the app has stopped me acting because Booking has disabled my account. I did not receive no emails, text messages or calls to tell me that the reservation had been cancelled. What if I would have not checked the app and on the presumed arrival day I would have crossed England for over 200 miles for naught?",1,2026-08-07T17:30:53.000Z
Booking.com,Travel,Software and customer service failure,"Their software had a bug and I was unable to pay for my hotel reservation with an updated credit card. They said they would help me find a different hotel if bug was not fixed before payment deadline.

My reservation was canceled due to the bug not being fixed and they made no effort to help me find a new hotel.",1,2026-08-07T17:18:07.000Z
Booking.com,Travel,DO NOT USE BOOKING.COM,"When my reservation was processed, Booking.com incorrectly classified one of the youth travelers in my party as an ""unaccompanied minor"" and charged an additional fee of $194 for a service that was neither requested nor available through the airline. As well as charged me for seat reservations $49.90 per person.

After the booking was completed, the airline contacted me directly to advise that this reservation was invalid because they do not offer unaccompanied minor services. As a result of the error made during the booking process, the airline was forced to cancel the entire reservation for all five travelers. The airline also confirmed that even though booking charged and collected payment for reserved seats, they did not reserve them with the airline.

This cancellation created substantial inconvenience and financial hardship. I spent approximately four hours working with the airline to rebook travel arrangements that should not have been disrupted in the first place. The situation caused unnecessary stress and required significant time and effort to resolve.

To support my claim, I have submitted multiple written complaints and provided documentation, including:

Copies of the original booking confirmation
Documentation
Written communications from the airline confirming that the reservation was improperly booked
Evidence that the airline canceled the reservation as a direct result of the booking error

Despite submitting this information on three separate occasions, I have not received a meaningful response or reimbursement from Booking.com.",1,2026-08-07T17:11:30.000Z
Booking.com,Travel,DO NOT USE,"DO NOT USE! We put in the date only to discover when we arrived, it was two months later. No ability to cancel, had to pay for what room was available. Impossible to actually find a way to speak to a person, took 10 minutes just to find a ""Request"" button for the cancelation which they say is non-refundable. Hotels don't like working with them. First and LAST time ever using them.",1,2026-08-07T16:31:10.000Z
Booking.com,Travel,Steer away from this website,"I used booking.com twice, ended up being a horrible experience both times. the first time, i booked a place to stay at in toronto. it was nothing like described. the listing had used fake pictures, the place had bugs, and we were told only 3 people can come in even though our reservation was for 5. The second time, i give it one more chance and rent a car on it. when i show up to come pick up the car, i get told that they dont have my reservation on file and that i shouldnt have went through booking.com. My advice would be to absolutely steer away from this service because they turn simple bookings into stress tests.",1,2026-08-07T16:10:48.000Z
Booking.com,Travel,Booking .com are the worst company I…,Booking .com are the worst company I have ever dealt with in 65 years there customer service is non existent with 3000 staff dedicated to fobbing you off with every excuse under the sun to avoid giving you an agreed refund there policy must be “if we fob them off enough times they will give up and go away and we will achieved our goal of maximising our profits to our customers expense after 7 phone calls all promising a supervisor to call back not once have they attempted to call absolute sheisters,1,2026-08-07T16:00:50.000Z
Booking.com,Travel,Booking.com Took the Payment but Did Not Take Responsibility,"Very disappointing experience with Booking.com customer service. After booking and paying for an accommodation, the property sent separate check-in rules with important restrictions that were not clearly disclosed on the Booking.com listing before payment.

One major issue was that close family members were not allowed to visit us during the stay, which made the accommodation unsuitable for our family, as both parents would be working and our child needed care from grandparents during the day.

I contacted Booking.com support several times, but the process was circular and unhelpful. I had to repeat the same issue multiple times, and Booking.com mainly acted as a messenger between me and the property instead of properly reviewing the situation and helping resolve it.

This experience seriously damaged my trust in Booking.com. Customers should be protected when important conditions are disclosed only after payment.",1,2026-08-07T15:31:43.000Z
Booking.com,Travel,Their customer service is an American AI Agent,Their customer service is an American AI agent. Do not use,1,2026-08-07T15:29:10.000Z
Booking.com,Travel,DO NOT BOOK FLIGHTS,"Classic - if I could put 0 stars I would. I booked return flights to Vietnam through Dubai in January this year. Now I totally understand that flight were disrupted because of the war in Iran. Booking.com or really ‘gotogate’ contacted me to ask if I wanted to change my flights or get a refund. I chose the refund option as I had a limited time in Vietnam due to time off and the new flight didn’t match up with hotels book. I was told that my refund would be with me in 14 days. Fine - I booked another flight. I go on the trip and come back and it’s not been a month or so and still no money. I contacted booking.com customer service multiple times all giving me different answers. One woman even said there was not time limit on refunds - I asked her okay so I have to wait a year - 10 years (as a joke) and she said maybe. The trip was end of march- April. I continued to contact them through April and into may and eventually I had to contact my bank which is how I finally got the refund IN JUNE. They offered me a refund in Feb/ march time. Hotel experience has been okay with booking.com but DO NOT BOOK FLIGHTS. I’ve learnt my lesson and I will always booked through the airline even if it is more expensive. I thought as booking.com is usually very reputable that they would be okay but never again.

The only response I ever got was we are waiting for the airline. However I contact the airline direct and they basically told me they have issued it to booking.com and could not do anything else on their end.

BE AWARE THEY ALSO USE GOTOGATE so this review is also for them.",1,2026-08-07T14:18:55.000Z
Booking.com,Travel,NEVER HIRE A CAR THROUGH BOOKING.COM!!,"NEVER HIRE A CAR THROUGH BOOKING.COM!!
Having hired a car from SIXT through Booking.com for an 8 day trip whilst in Australia and paying extra for the full insurance, I can safely say NEVER AGAIN! I had an accident when a Wallaby ran out in front of the vehicle, as well as injuring the animal it caused £1500 worth of cosmetic damage to the car. As the insurance was through a third party, I had to pay SIXT $6000 bond to cover the damage, wait weeks to get the balance back once they had repaired the vehicle and then weeks again to finally get my claim paid to me. This whole process took over 3 months and a lot of time and many, many emails, as well as stress and inconvenience. The whole process was flawed from start to finish, terrible communication and awful customer service. I will be cancelling my Booking.com account and never using them again. Hire directly through the car hire company and pay a little bit more, it’s worth it.",1,2026-08-07T13:52:19.000Z
Booking.com,Travel,Please do not book your car hire with…,"Please do not book your car hire with Booking.com. I booked in good faith for car hire and full insurance only to be charged twice as much by the car hire company for the same services. Booking.com were of no help in getting me any refund, I will never use them again.",1,2026-08-07T13:36:29.000Z
Booking.com,Travel,DON'T USE BOOKING.COM,"DON'T USE BOOKING.COM - property didnt exist and they would not let me speak with a supervisor, hung up on me saying they won't answer my questions and I'm not allowed to record or report this further.",1,2026-08-07T13:17:31.000Z
Booking.com,Travel,Never use Booking.com ever,"I booked flights to Canada through Booking.com before reading any reviews which is my first regret. My flights were cancelled by airline at short notice and I was unable to speak to anyone. After booking my own flight direct with another airline and arriving in Canada safely, I attempted to call Westjet and Booking.com over days with no solution except each company pointed to the other. Staff at Booking.com, when I eventually got through to a human being, were extremely rude and lacking in any care whatsoever. They repeatedly gave me false information and ignored my plight. It’s nearly 24 hours since I was promised a call back from a supervisor in “a couple of hours”. Even after repeating their legal requirements they pointed me back to Westjet. This has left me completely stressed out and spoiled at least 2 of my holiday days.

DO NOT USE BOOKING.COM EVER. They just scam you and nothing for their customers",1,2026-08-07T13:10:07.000Z
Booking.com,Travel,Booking.com compensation fails to meet expectations,"Two times it happened that our booking got cancelled the day of arrival, after a lot of hassle and calling with the booking costumer service we have received our money back. The downside is that we now had to book a different accommodation very last minute and pay more for those accomodations.

Booking.com would compensate up to €60,- for this, which we thought was quite good costumerservice.

It turns out that this is the amount paid out to the booking wallet. You don't receive the money it self, if you don't use it quickly enough it will disappear and its extremely hard to find an accommodation that accepts wallet payments.

All in all, traveling with booking.com has been the worst, most time consuming and stress full experience in my years of travel",1,2026-08-07T13:05:26.000Z
Booking.com,Travel,Never in my life will I use Booking.com…,"Never in my life will I use Booking.com again. Charged me when trying to book a stay, got a message saying that the booking went wrong but the money has been charged (?!). No problem, next message was an option with the question ""do you want a refund?"" - yes, i do. It then said you will be refunded in 7-12 days(?!). Okay. Funny how you can charge in a blink of an eye but need 12 days to pay back. But okay. It has now been a month and no refund has been issued. Customer service is a bot, i messaged them there, got the answer that i will be receiving an answer within 24h. 7-10 days went by, then a got an answer asking me for some kind of pin so that they could look into the refund issue. Comical to be honest, this is one of the worlds biggest online platforms. Never again simply.",1,2026-08-07T13:01:39.000Z
Booking.com,Travel,Im not sure what has changed lately…,Im not sure what has changed lately with this company. They cancelled my booking as they tried to take the full amount but I was paying on arrival. Rang the hotel directly and they were so pleasant to deal with. Couldn't get in contact with booking.com. Not sure i would book with booking.com again,1,2026-08-07T12:44:36.000Z
Booking.com,Travel,Horrible company will never use them…,Horrible company will never use them again. They charged me for two rooms on the same days. Sent them a cancellation for one of the rooms since I extended my stay and they won’t accept it unless the hotels sends it. Crooks,1,2026-08-07T12:21:16.000Z
Booking.com,Travel,Never use Booking.com for flights – absolute scammers with atrocious customer service,"Avoid Booking.com for flights. Our 19-year-old son was left stranded in the USA after Booking.com told us his return flight had been cancelled and that the only option was to buy another ticket home. Delta later confirmed the ticket had actually been converted into an eCredit, meaning there was no need to purchase a new flight. We spent hours on live chat, were repeatedly promised callbacks that never happened, given contradictory information, and even provided with the wrong email address to make a formal complaint. The lack of competence, accountability and customer care was shocking. An incredibly stressful experience that cost us time, money and unnecessary worry. I would never trust Booking.com with flights again.",1,2026-08-07T12:11:49.000Z
