Company,Industry,Review Title,Review Text,Rating,Date
DoorDash,Food Delivery,,"Just a heads-up for anyone who uses DoorDash. I recently placed an order, and the store was out of the items I ordered. The store told me to report the items as out of stock in the DoorDash app... See more",1,2026-08-06T14:28:30.000Z
DoorDash,Food Delivery,,Second time I placed delivery order from the same restaurant. Second time Door Dash delivered someone else's order. Door Dash customer service said all they could do was refund order - but not the w... See more,1,2026-08-08T23:35:27.000Z
DoorDash,Food Delivery,,Cancelled order DoorDash charged afterward on account Ask to cancel transaction on account for order was cancelled Instead they put a credit on DoorDash account I didn’t ask for On message to... See more,1,2026-08-01T06:42:01.000Z
DoorDash,Food Delivery,,I ordered McDonald's Door Dash delivery and they delivered an entirely wrong order! The driver claimed to have delivered the correct order but I have the bag with the receipt clearly showing the order... See more,1,2026-08-02T21:17:43.000Z
DoorDash,Food Delivery,I decided to write a review based on…,I decided to write a review based on service since I have moved. I realized when I came to write a review they have the worst reviews I’ve ever seen of any company and it’s understandable. They are liars they cheat they steal your money. They bring you food that’s nothing but shit that you have to throw out when it gets here. I really can’t think of anything worse that they could do that. They haven’t already done. They are criminals and they steal your money.,1,2026-08-11T08:20:16.000Z
DoorDash,Food Delivery,The worse service you ever have!!,The worse service you ever have!!! I placed an order for the groceries for Costco through door dash. They delivered to completely different address and refused to take a responsibility out of it!! I spent $300 for this and got nothing!! Their help desk are useless!! Even the the supervisor are useless!! The map clearly shown they dropped it off to the wrong place!! And all they need just to retrieve it and sent it to the rite one!! How hard is that be??? So unfair from my end but they literally do nothing about it!! Pls don’t ever use this useless service!! They are more like robbing u!!,1,2026-08-11T05:31:42.000Z
DoorDash,Food Delivery,My driver or dasher did fantastic,My driver or dasher did fantastic,5,2026-08-11T04:28:01.000Z
DoorDash,Food Delivery,Very disappointing experience with…,"Very disappointing experience with DoorDash. I placed an order and provided the correct delivery address, but the order was marked as “delivered” to a completely different address. I never received my food.

When I contacted customer service, I was told that it was an “app glitch” and that it was not their fault, and they refused to provide any meaningful solution.

As a customer, I shouldn’t have to deal with the consequences of an error in the app or delivery system. If the order was delivered to the wrong address, DoorDash should take responsibility and resolve the issue instead of simply blaming a technical glitch.

Very poor customer service and a frustrating experience. I expected much better from DoorDash.",1,2026-08-11T03:19:41.000Z
DoorDash,Food Delivery,Anytime I place an order,"Anytime I place an order, I am unable to make ANY custom changes, and I don't mean anything detailed, just no ice in my drink or something similar. The bottom portion where these requests should go is completely grayed out, and no changes to the prompt can be made. It states instead that I have to call the restaurant to make special requests.

The fact is that you cannot make special requests if you can't get the restaurant on the phone, which is impossible during a rush.

When I called DoorDash, I was told that there isn't anything that they will do about it because the problem is the merchant. But if I call the merchant, they say it's a setting that's decided by DoorDash. Nobody is willing to fix anything, and everyone just passes the buck. I've now cancelled my DashPass subscription permanently.",1,2026-08-11T01:44:17.000Z
DoorDash,Food Delivery,The worst customer service and driver…,"The worst customer service and driver delivery service I have ever experience since delivery began. I order and got the wrong order and my whole food experience was ruined. They only gave me one third of the total cost back. The bag was soiled with wet greasy spots. I was terrified
Doordash consistently does this to me. I have had an account for a year and this day I decided to terminate. Don't do business with Doordash. They personally are all low on the scale.",1,2026-08-11T01:22:45.000Z
DoorDash,Food Delivery,★ 1 Star,"★ 1 Star — DoorDash Completely Ignored a Serious App Problem and Penalized Me for It

I’ve completed nearly 5,000 deliveries as a Dasher and have maintained a 95%+ acceptance rate and Platinum Dasher status. I know how the DoorDash app is supposed to work, which makes what happened—and DoorDash’s complete lack of response—even more frustrating.

On July 28th, I started dashing and was hit with 15 timed-out orders. The problem? The assignments NEVER showed up on my phone. They didn't appear on my screen for me to accept or decline. I never saw the restaurants, the payout, the distance, or any other information about these orders. They simply weren't there.

I couldn't accept them. I couldn't decline them. I never even had the opportunity to make a decision because DoorDash never delivered the assignments to my phone.

And to be clear, this isn't a case of me using some outdated phone that can't handle the DoorDash app. I have a current, top-of-the-line smartphone with 5G capabilities, with more than enough capability to run the DoorDash app. I've completed nearly 5,000 deliveries using the platform.

I immediately contacted DoorDash multiple times and explained exactly what was happening. I was told they would investigate the issue. I actually stopped dashing for 10 days to give DoorDash time to figure out what was wrong before I tried again.

During those 10 days, all I received were generic, form-letter responses essentially saying, “Here's your reference number, and we're looking into it.”

Apparently, they weren't looking into anything.

On August 7th, I tried dashing again, and the exact same thing happened. This time I caught the problem after another 5 assignments timed out, bringing my total to 20 timed-out orders.

Twenty orders.

NONE of these were declined orders. I did not decline them. The assignments never showed up on my phone.

Some of these were high-paying orders. Some were very short, easy deliveries that I would have gladly accepted. I never even got the chance to see them.

Yet DoorDash's system apparently considers all 20 of these as though I intentionally chose not to accept them.

The result? My acceptance rate went from over 95% down to 76%, putting my Platinum Dasher status at risk.

I've contacted DoorDash repeatedly. I've explained the problem. I've given them the dates. I've provided the reference numbers. I've stopped dashing for 10 days while they supposedly investigated. Then I tried again and experienced the exact same technical failure.

And what has DoorDash done?

Nothing.

They refuse to properly investigate the technical problem. They refuse to correct the 20 timed-out assignments. They refuse to restore my acceptance rate. And they refuse to restore the Platinum status that I earned through thousands of deliveries.

After nearly 5,000 dashes, I know the difference between an order I intentionally decline and an order that never appears on my phone in the first place.

If DoorDash's system fails to deliver an assignment to a Dasher's phone, the Dasher should not be penalized for it.

I did everything I was supposed to do. I reported the problem. I stopped working for 10 days to give them time to investigate. I tried again, and the exact same problem happened. I've repeatedly contacted support, and instead of actually fixing the problem, I've been given generic responses and reference numbers.

At this point, I have no confidence that anyone at DoorDash is actually investigating my situation.

DoorDash needs to take responsibility for its own technology instead of making Dashers pay the price for technical failures that are completely outside of their control.

Nearly 5,000 deliveries, a top-of-the-line 5G phone, a history of maintaining a 95%+ acceptance rate, and Platinum status—and apparently none of that matters when their system fails and their support team refuses to fix it.

If you're considering becoming a Dasher, understand that when something goes wrong with the DoorDash app, you may be completely on your own.

Extremely disappointed in DoorDash and their support. One star is generous.",1,2026-08-11T01:11:48.000Z
DoorDash,Food Delivery,Don't order from this company they are…,Don't order from this company they are dishonest and will take your money even if you didn't get the food or they cancal your order they will keep your money,1,2026-08-11T00:26:46.000Z
DoorDash,Food Delivery,So I ordered a pizza at my place of…,"So I ordered a pizza at my place of employment. I came out the meeting when they said they were here but didn’t come up to the 5th floor, so I went back and forth to my meeting and the 5th floor elevator, nobody showed. So he then text me he was here, got to the elevator and he or she not there neither is my pizza. So I called the driver and he said DoorDash told him to leave my pizza on the floor by the elevator doors. This makes no sense because there are glass doors on both sides with a receptionist. So tell me how do the say this was delivered to me. I refuse to use any of these apps anymore, they are actively stealing your order which in case they stealing your money. I have been a customer for years but I no longer will order and neither is my family. I would suggest no one use them because they are finding ways to take your hard earn money, it’s bad enough how much they charge us for delivery.",1,2026-08-10T20:31:52.000Z
DoorDash,Food Delivery,"Horrible customer service, withholding funds","They took my money and cancelled the order when the driver was supposed to be collecting it, withholding my money for 5 days and no form of compensation. No human customer service only bots, avoid this disgusting excuse for an app.",1,2026-08-10T13:39:12.000Z
DoorDash,Food Delivery,Ordered some kettle de scaler and they…,"Ordered some kettle de scaler and they delivered oven cleaner instead, then sent me an email saying the claim to change it was denied!
Was my first ever purchase for delivery like this and will be my last.",1,2026-08-10T06:15:05.000Z
DoorDash,Food Delivery,Door dash appears to be a huge scamming…,"Door dash appears to be a huge scamming company and I plan to expose them. Several of my orders have been stolen! Tonight my food was delivered to the wrong address. I messaged the dasher but no reply he claimed at first that he didn’t know which house when my light is on and I’m in my door and the address is clear as day on my home! I contacted Doordash and they rudely said there’s nothing we can do about this and end the chat on me! I feel that they have been doing this to me lately because I have reported them to the Better Business Bureau. I’ve noticed that I’ve been getting unfair treatment since then. I want my money back. I’m sick of this for Easter. I placed the order four times for my children’s Easter things I spent a lot of money and four different dashes stole each order and canceled after checkout! Doordash has become a huge rip off Company and I’m sick of it! I’ve ordered food with no tomatoes no lettuce, but have gotten food with lettuce and tomatoes. I reported it to Doordash with screen, record, recording, and screenshots of the Food and screenshots of the specifics of no lettuce, no tomatoes and they have refused my refund. Also, I was overcharged a few days ago. I uploaded screenshots to chat support and was told that my money would be refunded however, my money was not refunded and they completed the transaction! I was told that I would be refunded and receive a seven dollar credit that’s to be used in 24 hours. I immediately checked once I was told this and did not see the seven dollar credit nor the refund. I immediately contacted Doordash, and they completely ignored me saying we see it on our end. I sent screenshots immediately showing it was not there several times even until the next morning at 4 AM and they treated me like crap and refuse to fix the issue. This company should be banned by the Better Business Bureau Dasher should be made to use LEGIT phone numbers. I’ve had Dashers show up that the profile don’t even belong to men showing up when it’s supposed to be Women smelling like weed and alcohol. I’ve complained to Doordash and they still sent the same dashes to me over and over. I’m sick of this.",1,2026-08-10T05:07:11.000Z
DoorDash,Food Delivery,DoorDash Support Is an Absolute Disaster,"DoorDash delivered one of the worst support experiences I’ve ever dealt with. I’ve still got a headache from trying to imagine how a company can be THIS bad. I spent 48 hours trying to fix a simple issue adding a payment card, and every single agent — about 10 of them over two days, including a supervisor — gave me a different story. “Under review,” “escalated,” “waiting for payments team,” “24 hours,” and my personal favorite: “Do these troubleshooting steps,” which basically tells me they think I made the mistake. The problem is I did ALL the troubleshooting steps at least six times. Every explanation they gave me was wrong.

After two full days of wasted time, I finally got the real answer: DoorDash does not accept KOHO cards. A basic policy fact that could have been communicated instantly by simply checking the list of accepted payment methods.

Instead, I was dragged through a pointless cycle of scripted apologies, fake escalations, and agents who clearly had no idea what the actual policy was. No one checked anything. No one gave a straight answer. They just repeated the same empty lines over and over.

The supervisor claimed to be “consulting with my team,” yet still couldn’t provide the correct information. That tells me the training is poor, the communication is worse, and the support system is basically theatre — lots of talking, zero action.

And after finally telling me the truth, they had the nerve to ask me to complete a survey. After two days of misinformation and wasted time… unbelievable. A simple answer turned into a 48‑hour mess because no one knew the policy. My advice: don’t use this company EVER.",1,2026-08-10T02:48:51.000Z
DoorDash,Food Delivery,Horrible service,Horrible service. Dasher/Driver never showed up and DoorDash takes no responsibility for this and charges the customer anyway. Disputing charges. Horrible customer experience.,1,2026-08-10T02:31:18.000Z
DoorDash,Food Delivery,I was at hospital on tyler texas 703…,I was at hospital on tyler texas 703 south fleshiel Ave Tyler TX heart hospital I ordered from door dash they picked it up and they say they delivered it they did no we were at desk they took a picture of a corner of hospital no food in it I asked did anybody recognize the place they say they left it they would not refund my 45.00 don't use these dam crooks us Uber eats much better fxxxthem will never do business with them again Larry Veal milam TX,1,2026-08-10T01:02:14.000Z
DoorDash,Food Delivery,DOORDASH HAS THIEFS DRIVING FOR THEM !!!!!!,"I PLACED AN ORDER FROM A COSMETIC STORE. THE DOORDASH DRIVER PICKED IT UP FROM THE STORE BUT NEVER DELIVERED IT TO ME, AND DID NOT RETURN IT TO THE STORE. DOORDASH HAS THIEFS DRIVING FOR THEM !!!!!!",1,2026-08-09T21:57:56.000Z
DoorDash,Food Delivery,Very disappointed,Very disappointed. Delivery delayed due to no local delivery personnel.,1,2026-08-09T18:46:10.000Z
DoorDash,Food Delivery,New customer no more…,"New customer to doordash had 3 orders total. First 2 were great experiences. I even left a great review for each order and the driver.

Last night I was feeling snackish and I ordered some cookies and cheesecakes from 7-11. The driver arrived in a timely manner and asked me if 7-11 had contacted me to which I replied no. He told me they did not have any cheesecake in stock so there is none in the bag. He asked I sort that out with Doordash for a refund but to let them know it was the store not the driver.

I then escalated the issue through the app. There was no option to take a photo. I reported the missing cheesecakes and it went under review. I then after that discovered they also sent me the wrong cookies as well but couldn't report that because they were already reviewing that.

I wake up this morning to find out my refund was denied.

I called customer service ans was denied a refund again after explaining everything above.

I let the lady on the phone know she ws very pleasant but seems to me that doordash has some really poor procedures and policies and I would no longer be a doordash customer after this.

So I just paid $25 for $12 worth of cookies. Such BS",1,2026-08-09T15:55:35.000Z
DoorDash,Food Delivery,They don’t refund items that were never…,They don’t refund items that were never delivered.,1,2026-08-09T15:12:40.000Z
DoorDash,Food Delivery,Horrible issue resolution and penalizes customers.,"Of recent the accuracy is poor ie every time I order meat from the grocery story they charge me for more lbs than purchased. The first time they refunded the price of the meat (excessive-I only needed the difference) and going forward no matter what’s wrong they can’t help. The meat was $9. Smh. I’ve paid for more things that I did receive, and charged once more for more meat than I received. SMH. No thank you. Best of luck.",2,2026-08-09T06:14:49.000Z
DoorDash,Food Delivery,I am homebound and have to order food…,"I am homebound and have to order food delivery. I've been using DoorDash two times they delivered to the wrong address.. the first time they refunded my money of $19 which was just a portion. Today I ordered a meal that cost me $40. I did not deliver it, but it said on the app that it had been.
I sent a text to DoorDash and have heard nothing back
I would be very Larry of using any food delivery apps!!! I will no longer use these food delivery apps. I will order from the places that do their own deliveries.
BEWARE!!!!!
BEWARE!!!!
BEWARE!!!!
BAD FOOD APPS",1,2026-08-09T03:15:37.000Z
DoorDash,Food Delivery,Worst company in the world poor service,Worst company in the world the customer service is complete crap. I had a friend give me a door dash gift card bc I had to put my dog down this week and I had four confirmed orders in my door dash this week and get to the restaurant and they say they never received it and this is a common issue with DoorDash. I call DoorDash and they go we will get you a refund within 24 hours for your credits. I say what can you do as this has ruined my dinner for four nights this week and they go I get how you feel but there is nothing we can do for you. This company can burn in hell.,1,2026-08-09T02:37:40.000Z
DoorDash,Food Delivery,Ditch doordash,"What a ridiculous business, they take your money then find out they do not have what they claimed to have, so you choose no substitutions and they give a refund, that takes 5 to 7 business days. How about knowing your inventory so this can not happen, I will NEVER use this stupid doordash again, what a clown show, loaded with incompetence, I would advise to anyone to pass on these unorganized grifters.",1,2026-08-09T02:32:40.000Z
DoorDash,Food Delivery,Doordash is less than convenient.,"Doordash is less than convenient.
Less than helpful.
Less than useless......",1,2026-08-09T00:29:44.000Z
DoorDash,Food Delivery,"Door dash drives are clueless, customer service useless","Second time I placed delivery order from the same restaurant. Second time Door Dash delivered someone else's order. Door Dash customer service said all they could do was refund order - but not the whole charge for the order. When asked why, they told me I had to go after the restaurant. They have an I could care less attitude then have the nerve to ask my issue has been resolved - NO.",1,2026-08-08T23:35:27.000Z
DoorDash,Food Delivery,I have had two different orders…,I have had two different orders delivered to wrong address or stolen by driver even after texting or calling the driver they made no attempt to rectify the delivery. I had to deal with constant run around getting my money back for my orders they are the worst and delete my account they told they couldn’t refund my money on my last order to to their refund policy. They will not ever get my business again.,1,2026-08-08T14:13:37.000Z
DoorDash,Food Delivery,Order was delivered to the wrong…,Order was delivered to the wrong address. The Dasher stated it was the address Door Dash gave him and wouldn't resolve the issue. He asked me to go and pick uo the order myself after i told him i was sick. Can't talk with or even email anybody at Door Dash to verify if they did provide the wrong address.,1,2026-08-08T12:47:43.000Z
DoorDash,Food Delivery,Hopeless!!,"Hopeless!!
Order wasn’t delivered. Delivery time kept changing
In the end NO dinner
However did get a refund
However I wanted food 😏",1,2026-08-08T09:58:39.000Z
DoorDash,Food Delivery,They screwed up my order,"They screwed up my order, twice in one night, said they would refund it, they never did refund it, called back, they told me to contact the restaurant, when their employees messed it up, not the restaurant.",1,2026-08-08T04:45:44.000Z
DoorDash,Food Delivery,Priority Customer Consumer Beware,"Consumer beware: DoorDash charged me an extra $2.99 for Priority Delivery, advertised in red letters as “directly to you.” I have a screenshot of that claim, yet my driver had two other customer stops before mine. How is that different from regular delivery? DoorDash also refused to refund the fee. Regulators should examine whether customers are being charged for a service that is not provided as advertised.",1,2026-08-08T01:13:49.000Z
DoorDash,Food Delivery,⭐ 1 STAR,"⭐ 1 STAR — DoorDash is NOT what you think it is

After using DoorDash repeatedly, I have to say that my experience has been extremely disappointing. Food frequently arrives late, cold, damaged, or poorly handled. And when there is a problem with the driver, getting meaningful help from DoorDash can be incredibly frustrating.

We have had drivers leave food without asking for the required delivery code. We have also had situations where the driver was late, the food was cold, and the pizza arrived crushed.

One incident went far beyond a bad delivery. We contacted DoorDash while the driver was still involved, and the driver became belligerent and cursed at me while DoorDash was on the phone. He was more concerned with leaving to make another delivery than addressing the fact that our order had arrived late and damaged. The situation became serious enough that a police report had to be filed.

What made it even more frustrating was DoorDash telling us that they couldn’t do anything because the driver was working through a third-party arrangement. That raises a very basic question: Who is actually responsible when something goes wrong?

DoorDash charges customers delivery fees, service fees, membership fees, and encourages tipping. Customers are essentially being asked to absorb more and more of the cost while the delivery experience can still be terrible.

And then there are the confusing options where you’re asked to pay extra if you want your order delivered immediately rather than having it bundled or delayed. If I’m already paying delivery and service fees, why should I have to pay even more just to receive the food I already ordered in a reasonable amount of time?

The biggest problem is accountability. When everything goes smoothly, DoorDash gets paid. But when something goes wrong, suddenly everyone has an excuse — the restaurant, the driver, the third-party company, or the customer.

DoorDash needs to take responsibility for the entire delivery experience, not just the transaction.

At the end of the day, DoorDash doesn’t feel like a reliable delivery service. It feels like a middleman collecting fees while customers are left dealing with the consequences when the system fails.

My advice: think twice before ordering. The fees aren’t worth it if your food arrives late, cold, crushed, or you can’t get meaningful help when something goes wrong.",1,2026-08-08T00:39:00.000Z
DoorDash,Food Delivery,Everything has been fine until last…,Everything has been fine until last night the domino's order from hell. The delivery driver delivered $51 of food and drink to yhe wrong address not once not twice but three times. Because apparently he cant follow GPS. Pizza was 2.5 hours late and ice cold. DOORDASH couldn't find it in their heart to issue even partial refund. Avoid this company like the Black Death they dont deserve your business.,1,2026-08-08T00:27:44.000Z
DoorDash,Food Delivery,Awful,"Awful, instantly canceled my order after taking my money and then they wouldnt let me get credits and instead made me wait 5-7 business days for my money back.",1,2026-08-07T22:46:53.000Z
DoorDash,Food Delivery,Someone used my credit card twice to…,Someone used my credit card twice to make their own purchases.,1,2026-08-07T22:27:55.000Z
DoorDash,Food Delivery,Fraudulent company,I ordered Wingstop and then I – an order at steak ‘n Shake. My steak ‘n Shake was never picked up. DoorDash refused to refund me for the steak ‘n Shake order. I escalated the issue and they said there was nothing they can do and then hung up on me without resolving or giving me my money so now I’m filing a dispute with my bank in my bank said that they will refund my money.,1,2026-08-07T21:24:53.000Z
DoorDash,Food Delivery,Efficient,"Food always arrives on time, the drivers are friendly, courteous, and handle items with care and their customer service is excellent unlike Uber eats.",5,2026-08-07T19:28:36.000Z
DoorDash,Food Delivery,I ordered door dash and the app…,I ordered door dash and the app glitched and sent it to a city 110 miles away from my location. I called them and they refunded and then the order after it was cancelled was rerouted from another store but still was 110 miles away from me. So they said they would cancel and refund. So I tried a second time and when I did get my correct order a 3rd of my food had been eaten and my drink had been drank. But I still received a cup with ice and about 1/4 of my drink. So they said they would refund that. I sent them pics of it still sitting by my hotel door. The next day they charged me full price on all 3 orders and now refuse to refund. This is all on my corporate card so it doesn’t come out of my pocket at all. So it wouldn’t do me any good to make this up. Door dash is a joke. Never using it again.,1,2026-08-07T14:03:17.000Z
DoorDash,Food Delivery,Too many times my order was WRONG so…,"Too many times my order was WRONG so the request was declined in which it's understandable the policy has this rule due to untrustworthy people. However, customer service really infuriated me to the point of screaming and cussing out the guy that refused to give the refund. It took this stubborn [ not going to use the word I'd like to use on this review] long enough to get someone else on the line to get the money placed on the card and that could take up to 5 days to get it back on the card. The reciept was correct but the food was not. Pictures of the food and the reciept was taken and sent . I heard I'm sorry but....blah blah blah and I understand...No they don't! They don't care who they try to scam. NEVER AGAIN will I ever be using the corrupt door dash again. They'll make a woman want to unleash the Madea in her.",1,2026-08-07T12:08:56.000Z
DoorDash,Food Delivery,The worst delivery service ever,The worst delivery service ever! They assign multiple orders to a driver and the drivers usually take very very long to complete the order as they have to deliver multiple orders and the food delivered is cold!!,1,2026-08-07T11:47:32.000Z
DoorDash,Food Delivery,Started monthly service without my authorization,I don't have their app nor do I have an account with them but they started charging me a monthly fee which I never signed up for. Of course you cannot contact anybody there so I had to go through the trouble of canceling my credit card and getting a new one. This company is a scam,1,2026-08-07T00:00:20.000Z
DoorDash,Food Delivery,Door dasher has food thieves,"Twice now someone has picked up my food from wawa, and decided they needed it more than me. Either have some standards or pay your people better. This is ridiculous",1,2026-08-06T23:14:05.000Z
DoorDash,Food Delivery,I placed an order with a store for general items and grocery.,I placed an order with a store for about 25 items. I received a message from the dasher saying he was there and starting to stop. I messaged him when the order was an hour late - he never responded. I found later from DD customer service that he cancelled my order. I was never notified by him or by DoorDash.,1,2026-08-06T23:10:12.000Z
DoorDash,Food Delivery,i do not recommend using doordash,i had to deactivate my account cause doordash only wants to refund you what they want. then they want to give you credits instead of your money back. i paid 5.99 plus tax for my baby kids meal from wendy's that never showed up with the rest of the food. they gave me a 1.47 credit which they did not want to give cause they said the food was weighted and showed all of it was together. dasher did not speak enligsh and was no help. i have had to many problems with doordash and not receiving my food or it was made incorrectly to only lose out on money.,1,2026-08-06T21:06:30.000Z
DoorDash,Food Delivery,Stupid commercial on TV,Stupid commercial on TV - says it's free - duh - costs $100. to get a Doordash before you can order their jacked up prices,1,2026-08-06T20:50:28.000Z
DoorDash,Food Delivery,So awful if I could give it zero I…,So awful if I could give it zero I would consistently getting the order wrong today sent me the commenter wrong order and gave me credits instead of a proper refund and then use bots to try and fix the issue so awful this company is horrible,1,2026-08-06T19:47:31.000Z
DoorDash,Food Delivery,I ordered my food and it was delivered…,"I ordered my food and it was delivered to the wrong address. The driver argued it was delivered per the GPS. I reached out to Door Dash help, and they were only going to offer a $4.00 refund. So, I lost my whole order and got NOTHING from Door Dash. I have deleted the app and will only use UBER for now on. This was a horrible experience, and it definitely swayed me away from Door Dash.",1,2026-08-06T18:16:02.000Z
DoorDash,Food Delivery,My pharmacy uses doordash to deliver…,My pharmacy uses doordash to deliver their medicine and I called in my prescription not I didn't call him my doctor called it in on the 5th of August it's now the 6th of August and they're saying it's going to be 5:00 this afternoon before I can get very important medicine that I need I even called doordash and requesting them to do something and they transfer me back to Walgreens it's a sorry company don't use them make the extra effort go to the store get it yourself if you're waiting for a prescription like me you might die before you get it,1,2026-08-06T18:13:49.000Z
DoorDash,Food Delivery,Ordered a Cheesesteak that was never…,Ordered a Cheesesteak that was never delivered. DD would NOT refund payment,1,2026-08-06T17:31:11.000Z
DoorDash,Food Delivery,Just a heads-up for anyone who uses…,"Just a heads-up for anyone who uses DoorDash.

I recently placed an order, and the store was out of the items I ordered. The store told me to report the items as out of stock in the DoorDash app so I could request a refund or credit.

Unfortunately, DoorDash denied both my refund and credit request, even though the items weren't available. I ended up paying for food I never received.

Just be careful when ordering, and make sure you understand DoorDash's refund policies before placing an order. I wanted to share my experience so others are aware.",1,2026-08-06T14:28:30.000Z
DoorDash,Food Delivery,Throw monies out the window,Rude driver who didn’t even attempt to get me correct icecream. Said didn’t have in stock when I know they did. Got 2 gallons of icecream I had to throw away cause weren’t sugar free. Customer service was horrific denying me a refund. Stay away from DoorDash unless u like throwing monies out the window,1,2026-08-06T13:46:52.000Z
DoorDash,Food Delivery,Mixed Reviews,"While I do hate the DoorDash fees and sometimes the workers are rude and don't deliver as quickly as I want so the food is cold. The deals DoorDash has can be good and there are times when the workers do their job well and if they don't, then DoorDash is usually willing to accommodate you for it.",3,2026-08-06T06:54:21.000Z
DoorDash,Food Delivery,Halloween Delivery,"As a college student, I was always on Doordash and I've had pleasant experiences overall. Compared to their competitors, they are a little cheaper, but it definitely depends on the area. I've never had any major issues with deliveries, and if I did, it was resolved pretty quickly.",4,2026-08-06T06:27:07.000Z
DoorDash,Food Delivery,Just a terrible company,"Just a terrible company. I spent 40 bucks Dasher delivered to wrong address, their response give me 8 bucks refund, I spend so much money with them and 8 bucks is what I get, I'm getting rid of it I hope it crashes a burns.may take years but I think it will",1,2026-08-06T05:19:43.000Z
DoorDash,Food Delivery,DoorDash has been helpful when I don't…,"DoorDash has been helpful when I don't have time to cook or go pick up food myself. My biggest issue has been that delivery times can sometimes be longer than expected, and occasionally food arrives colder than I would like.",2,2026-08-06T04:25:17.000Z
DoorDash,Food Delivery,DoorDash steals customer money,"After having DoorDash for 4 years, suddenly I had an order cancelled by the Dasher after posting a pic of the receipt. No explanation, so DoorDash charged my account and would not give me a refund. Oh well probably on to better health. I do not recommend being a customer of this service.",1,2026-08-06T03:36:45.000Z
DoorDash,Food Delivery,"Convenient, but order accuracy could be better","I've used DoorDash many times because it's convenient and has a good selection of restaurants. Most of my orders arrive on time, but there have been several occasions where items were missing or my order wasn't completely correct. One thing I do appreciate is that customer support has usually been quick to issue refunds or credits when there's a problem, which makes the experience less frustrating. Overall, it's a convenient service, but I think there's still room for improvement when it comes to order accuracy.",3,2026-08-06T02:21:28.000Z
DoorDash,Food Delivery,My food got only arrived late by 15…,"My food got only arrived late by 15 minutes. It was cold and it was not what I ordered and then when I replied to customer service, they told me that they had no.",1,2026-08-06T01:40:08.000Z
DoorDash,Food Delivery,Door dash is scammers!!,Door dash is scammers!!! They jack up prices charge service fees (they do absolutely nothing to earn) then add “discounts” that will show all they way until you checkout then the price completely changes and goes from a simple $20 order to mow a $60 meal .. screw you door dash!! SHUT THEM DOWN NOW!!!,1,2026-08-06T01:09:04.000Z
DoorDash,Food Delivery,the driver says he delivered the order…,"the driver says he delivered the order BUT, he took a picture of our PARKING SPACE, which is not in front of our building. Everything is labeled clearly on the buildings. what was not in the picture is a picture of the order sitting in front of our door. So the drivers stupid picture of our parking space is totally worthless. it proves nothing other than the driver doesn't know how to think.",1,2026-08-05T23:38:40.000Z
DoorDash,Food Delivery,"Proof of out of stock item, refund denied anyway",Was given proof by the store that the item I ordered was out of stock. Doordash still refused to refund me and wasted hours of my time. Absolutely criminal that they can just steal from you and refuse refunds.,1,2026-08-05T23:13:04.000Z
DoorDash,Food Delivery,Stay away from this company,"Stay away from this company
Twice I ordered and twice the item did not arrive and they would not refund
Most rude",1,2026-08-05T21:38:24.000Z
DoorDash,Food Delivery,I ordered food from them,"I ordered food from them. They sent a pic of where they left it. It was a pic of the restaurant.
Driver didn't read directions. Called cust service couldn't get a refund or have it redelivered. I order my groceries from them and they use doordash. They suck.",1,2026-08-05T19:38:22.000Z
DoorDash,Food Delivery,Wrong order received,"Wrong order received, was cold and not edible. Contact support for them to offer nothing not even a replacement. Really bad customer service. Will not be using DoorDash again. Absolute disgraceful service",1,2026-08-05T11:45:11.000Z
DoorDash,Food Delivery,Arrogant Rude Driver & Doordash Allows It,"I placed a grocery store order and delivery. I carefully put in specific substitution preferences, very accurately I might add. There would have been NO reason for the shopper to message me. However the shopper apparently was not even reading those instructions and started bugging me texting beeping messages 20 minutes after the order. They pretty much posted the exact opposite of my instructions, which were to choose the NO-salt version of a product, for medical reasons. This was irritating so I replied no not that product in all caps. That really ""set the driver off"" for some reason and for the next 3 minutes all they did was escalate and call me ""Dude"" in the chat. The driver acted all aggressive in chat with ""I just sent the screen shot to support"" etc. Just bizarre and aggressive. Because of their rude attitude at that point I repeatedly posted ""CANCEL ORDER"" and the cancel request was refused. Also earlier I put in almost 20% tip !! And BTW doordash calls it a ""tip"" but it's actually a ""bid"" because you don't get to tip the driver AFTER the service !! Then the driver used a private entrance instead of public entrance as clearly indicated in my instructions !! Other items of the order were also wrong !! Hours later doordash sent an email warning to ME instead of reprimanding their driver !! The arrogant driver handled my food, has my address etc. yet somehow he is ""the victim"" ?? I mean wow it's an utterly out-of-control anti-consumer company that should be shut down imo. I filed a BBB complaint. I will not use doordash again.",1,2026-08-05T08:03:02.000Z
DoorDash,Food Delivery,I am a driver,"I am a driver, 100 percent complete rating 100 percent on time. Customer rating 4.97. Accepted an order for $5.00 dollars for 5.6 miles. After picking up the order the milage changed to over 12 miles. Contacted driver support and first did not want to adjust the pay. Then decided $2.50 was good. Not right i didn't agree to 12 miles. This is why drivers do not care. They charge the customer a whole lot more than we get paid. They wouldn't drive 4 or 5 miles for $2.00 but they want us to.",1,2026-08-05T07:54:55.000Z
DoorDash,Food Delivery,Don’t Trust Dealing with DoorDash!,"This is the company with the absolutely worst service I’ve ever experienced: DOORDASH!!!!
It took 3 transfers and 1:30 hours to get an A-H____ as a Manager to not only treat me like as “Why the Hell should I help you after 8 years of service,” but deal with it. Of course he gave a one name (Ray). Bs. Why have to hide your manger name!
My food was delivered to a wrong address, and DOORDASH wasn’t refund my money!
Give them up! I will after 8 years of good service, until this giant mishandling of a simple problem…",1,2026-08-05T07:17:34.000Z
DoorDash,Food Delivery,Why isnt there ZERO stars,"Why isnt there ZERO stars? The dasher kept my food but showed it was picked up? So they kept my food while me and my kids were waiting on our food? AND IT WAS MY BIRTHDAY? The dasher didnt respond to my last message and I knew what was up..I waited OVER 2 HOURS for my food and the chat message kept saying there was nothing they can do at this point,,take it FURTHER!!!!im never using this service again,.there are way too many delivery services available to have to deal with this !!!",1,2026-08-05T06:42:05.000Z
DoorDash,Food Delivery,I wish I could give a “0”,"I wish I could give a “0”. I had a very disappointing experience with both Macy’s and DoorDash. I placed an online order through Macy’s, and they used DoorDash for delivery. Although my address is correct in both my Macy’s and DoorDash accounts, my package was supposedly delivered to a completely different address that does not exist.

When I contacted Macy’s, they told me to call DoorDash. DoorDash then told me to contact Macy’s. I was left going back and forth between the two companies with no one taking responsibility or offering a real solution.

This experience was extremely frustrating and a waste of my time. Customers should not have to act as the middleman when a delivery goes wrong. Based on this experience, I cannot recommend using either Macy’s or DoorDash for deliveries.",1,2026-08-05T06:30:39.000Z
DoorDash,Food Delivery,What went wrong was y’all treated a…,What went wrong was y’all treated a loyal customer that spends $500 or more with yall EVERYDAY LITERALLY. And this is how you treat me no just because I have to call in on business you are partners with or your dasher because my order wrong or messed up BULL! And I sent you pictures of the messed up food and receipts and videos and you tell me you can’t accommodate me because of to many call in or reports hell yeah I deleted my account as a human being no one deserves to be treated like that! Y’all are thieves stealing people money because if I send you pictures of dry ass pizza soggy fries pizza burnt and you start talking about to many reports. Bull 💩,1,2026-08-05T06:12:25.000Z
DoorDash,Food Delivery,Scam,I went to pay for my order and had a 50% code. I placed the order and the whole time the price was showing with the discount but after paying I had the full price with no discount removed from my bank. I contacted them to get this sorted and was told I'd get a refund. After messaging multiple times and being told the same thing I then get a call asking for all the details again. I give them it and get told they won't refund me. They then say they'll refer it to someone who can refund me. I have had seven calls from them now all exactly almost to the word the same and no refund. The final one saying that she would refund me if it was in her hands but it's not. I then asked to actually be sent through to someone who can deal with my situation like I'd been told I would several times. And she almost on repeat would reply saying she's sorry for the inconvenience and try end the call.,1,2026-08-05T05:45:29.000Z
DoorDash,Food Delivery,Lazy Drivers Cannot Find the Correct Address,"DoorDash in Arlington just cannot get a delivery address correct. We live at a 4705 address and there is another 4705 address on a nearby street. The Dashers ALWAYS, without fail, deliver our food to the wrong 4705, even though the street name is not even vaguely similar to ours. We even tried to ask for in-person delivery, which requires a code, but the Dasher went ahead and delivered to the porch of the wrong address , apparently without waiting for the homeowner to give them a code.

Uber Eats and Instacart have no problem finding the correct address, but apparently the Door Dash folks are too lazy and disinterested to do a good job. A reputable company would refund the delivery fee and better train their drivers, but we are not holding our breath. If you have a choice, NEVER use Door Dash for anything - ever.",1,2026-08-05T01:46:02.000Z
DoorDash,Food Delivery,⭐ 1 Star,"⭐ 1 Star

I placed an order through DoorDash and later noticed on my bank statement that I was overcharged. When I contacted customer service, they gave me the runaround and tried to blame my bank. I’ve never had my bank overcharge me when using DoorDash before, so that explanation made no sense to me.

Instead of actually helping resolve the issue, they just kept passing the blame. Terrible customer service and a very frustrating experience. I will NEVER use DoorDash again. I deleted the app and will take my business elsewhere.",1,2026-08-05T00:26:45.000Z
DoorDash,Food Delivery,Issue signing up,"Title: DoorDash verified my identity, but system locks onboarding due to old account glitch.Review:The DoorDash Operations Team explicitly reviewed my submission and sent me an email stating: ""We reviewed your submission and were able to verify your identity. You can now head back to the app, finish signing up, and submit your background check.""However, when I go back to the app, it is completely locked by an error saying ""It looks like you already have a Dasher account.""It is matching my verified ID to my old, inactive email address: j.....................I previously requested DoorDash to cancel and remove that account, but they failed to purge my data from the backend database. I need a corporate specialist to manually unlink my information from j.................... so I can submit my background check like their email says.Please contact me and update my file at my current email address
d..................",1,2026-08-04T23:17:26.000Z
DoorDash,Food Delivery,DoorDash tampering with food,I ordered a pizza and cinnamon rolls that was delivered by DoorDash. My pizza had been eaten out of and the cinnamon rolls were turned upside down. Both deals of both boxes were broken. I contacted DoorDash but they refuse to give me a refund. I spent $40 and got nothing back for their dasher tampering with my food. I refused to eat it or give to my children. Beware because DoorDash does NOT honor the quality of the food that they deliver. Use another platform.,1,2026-08-04T19:35:56.000Z
DoorDash,Food Delivery,Food from shakeshack had mold on it…,Food from shakeshack had mold on it which is a serious health hazard. I was denied my refund because it was first order. The supervisor Olivia told to dispute with my bank and get them to refund my money.,1,2026-08-04T19:33:29.000Z
DoorDash,Food Delivery,They are trying to double charge me and…,They are trying to double charge me and customer service lied to me. Will not be renewing my dash pass and will probably switch to exclusively using Uber Eats.,1,2026-08-04T17:35:03.000Z
DoorDash,Food Delivery,Order had item missing I did not take…,"Order had item missing I did not take order inside I took multiple pics of order and submitted it within 10 mins of receiving it
when I went to support to show it wasn’t there and they declined to refund me for my missing item
I have since cancelled door dash and will stick with uber also the price per item is more expensive than in the store",1,2026-08-04T14:12:03.000Z
DoorDash,Food Delivery,Every third order is a nightmare with…,"Every third order is a nightmare with delays, cold food and when u complain generic ""here is your 5 dollar voucher"". Deleted my account and not going to feed these poor delivery apps.",1,2026-08-04T13:51:15.000Z
DoorDash,Food Delivery,I believe they are fraudulent,I believe they are fraudulent. They have been charging me for the past few months and I didn’t know I was being charged. The customer service agent I was connected to seemed to have issues with reading what I had written - when I asked if he or she can read it - they blocked me because I now can’t log back in. I have been charged for over a year without even knowing I was signed up. Very bad and wrong. It’s going to be expensive for me to call them because I’m based in the UK and can only see a US number online.,1,2026-08-04T12:23:21.000Z
DoorDash,Food Delivery,They delivered someone elses order. Rude and don't care,They delivered someone elses order. They are giving us a hard time about a refund. They don't care. They are rude. They delivered someone else's order!!!!!,1,2026-08-04T04:29:58.000Z
DoorDash,Food Delivery,Customer service is terrible,"Customer service is terrible, their entire system seems to built on refusing you service and making it so hard to connect to a real human being that you just give up on it. Best option if you get scammed and don't get your food ends up just being to work with the bank to chargeback. Would not recommend if you value good customer service. If the restaurant makes a mistake or the driver straight up steals your order doordash will not care.",1,2026-08-04T02:35:19.000Z
DoorDash,Food Delivery,If I could give them a zero,"If I could give them a zero, I would do so. I ordered a meal for my family and am yet to receive it. They claim they have no way of verifying if the driver delivered my order and that it is my responsibility to check that the driver is on his or her way to deliver the meal to me. I've never heard such nonsense. I recently signed up for this doordash nonsense and will be cancelling my account with them with immediate effect, as they can't be trusted. I am most pissed, as my family was inconvenienced and had to endure hunger because of these doordash thieves",1,2026-08-04T01:45:22.000Z
DoorDash,Food Delivery,Hiring Dumb People At Door Dash,The driver that delivered my merch actually pushed her way through my gate and fence to come onto my property to get to the package that she just dropped off. In doing so she damaged my gate. I have a full video that I would love to share.,1,2026-08-04T00:01:39.000Z
DoorDash,Food Delivery,BEWARE DOORDASH WILL STEAL YOUR MONEYon…,"BEWARE DOORDASH WILL STEAL YOUR MONEYon Friday Aug 1st , I order two hoagies from Jersey Mikes (Italian and Club) I received someone else's order (Beef and Chicken) I reported it right away and received a message it was under review, I haven't got a response. I didn't get what I ordered and couldn't eat what I received. I would like a refund how can we resolve this? AFTER NUMEROUS CONTACT, UPLOAD PICTURES AND FOLLOWING THEIR PROCEDURE THE ERROR STILL WASN'T RECTIFIED . BEWARE.",1,2026-08-03T21:21:28.000Z
DoorDash,Food Delivery,I think DoorDash doesn’t deserve as…,I think DoorDash doesn’t deserve as terrible of reviews as it is getting. I have never experienced any issues with DoorDash.,5,2026-08-03T19:27:30.000Z
DoorDash,Food Delivery,How does a company not offer a refund…,How does a company not offer a refund when their dasher deliberately goes to the wrong location for a store and brings you the wrong order? They told me I was not eligible for a refund. Especially as someone who was a dash pass member. Looks like I’ll be switching to Uber Eats instead now.,1,2026-08-03T18:05:16.000Z
DoorDash,Food Delivery,"Unreliable drivers, zero accountability, and rising costs—I’m done with DoorDash.","I used to rely on DoorDash regularly, but the recent, rapid decline in service quality—paired with constantly escalating fees—has made it completely impossible to justify using this platform anymore. Between drivers mishandling orders and DoorDash refusing to take responsibility, the overall experience has become consistently frustrating.
Three recent experiences in a row demonstrate just how bad it’s gotten:
Instance 1 (Delivered someone else’s food): A driver completely mixed up orders and dropped off the wrong food while I was at work. Because of their carelessness, I was left without a lunch for the rest of my workday.
Instance 2 (40-minute grocery detour with my hot food): A driver picked up our restaurant order, but instead of bringing it to us, drove to a nearby Kroger and spent 40 minutes inside doing personal shopping or running another errand. The food arrived nearly an hour late and completely cold. When I reached out to DoorDash, they passed the buck and claimed they couldn't do anything because the order was placed through the restaurant’s app—leaving the local restaurant to take the financial hit and remake the food for a mistake the DoorDash driver made.
Instance 3 (Prioritizing distant deliveries over a 1-mile route): I ordered smoothies from a location just one mile from my office. The driver picked up my order, bypassed my office entirely, and drove significantly farther away to complete another delivery first. By the time my drinks were dropped off, they were completely melted into warm liquid.
It is ridiculous that customers are charged premium markups, service fees, and delivery charges only to receive melted drinks, cold food, or no lunch at all. DoorDash treats its customers and partner restaurants as collateral damage while taking no accountability for driver negligence.
I will no longer be giving DoorDash my business, and I strongly recommend ordering directly from local restaurants or using alternative services that actually value their customers.",1,2026-08-03T16:24:07.000Z
DoorDash,Food Delivery,Unbelievable,Unbelievable. Support will never compensate you when you don’t get what you paid for. Literal scamming criminals.,1,2026-08-03T12:32:24.000Z
DoorDash,Food Delivery,i just wanted my damn wings,placed my order at 11 pm. I am a night shift nurse so i cannot go get food and the cafeteria is closed. restaurant is less than 5 minutes from the hospital. order was cancelled by 3 drivers and charged twice before the fourth driver told me at 1 am it was already picked up and the store was closing. i did not receive food. i asked why someone was allowed to steal my food that i paid for and now i am out $115 until the refund comes back in a week. i have payments to make on top of having to pay back the other people who had ordered something. drivers like the last one are great but the pieces of shit that steal other people's food should be fired and i have no sympathy or respect for anyone who steals and thinks it's okay or laughs about it. i was hung up on for voicing that and the driver still got to keep the tip. i am supposed to be refunded everything but the tip so we will see. there should be consequences for actions but obviously there aren't anymore. doordash should be shut down or the drivers should be better monitored and ACTUALLY given reprimanding or fired. but no they hire anyone and everyone and allow them to do this as much as they want and refuse to give any information on the person to cover their own ass.,1,2026-08-03T07:40:42.000Z
DoorDash,Food Delivery,Horrible don't use,Horrible don't use! Never got my food after a 2h wait time,1,2026-08-03T06:35:26.000Z
DoorDash,Food Delivery,Doordash customer support is aweful and not responsive,"Its not surprising that Doordash get's 1 star from 14k reviews. My experience was terrible. Restaurant was 30 min late delivery, and half the order was incorrect and we could not eat it. I spent $80 on an order and Doordash support was completely useless. Will be using Uber Eats Grubhub Instacart going forward.",1,2026-08-03T04:19:22.000Z
DoorDash,Food Delivery,My family has spent thousands of…,My family has spent thousands of dollars on this service over 3 years. But recently they have been lacking in service and the restaurant in quality. I have only asked for refunds when they are legit and warranted. Now they have basically blocked me or put me on a blacklist for how often I complain. We are now done with this terrible service and I recommend everyone jump on board. I hope this company collapses in two years!,1,2026-08-03T19:32:49.000Z
DoorDash,Food Delivery,Everyone need to stop ordering on door…,Everyone need to stop ordering on door dash because they have drivers that dont deliver peoole food and then they don't refund you because you've reach the threshold on how many times they refund u so basically they saying if driver steal your food your still gonna pay then need to be boycotted,1,2026-08-03T03:30:52.000Z
DoorDash,Food Delivery,Does DoorDash have standards for their drivers?………,"This is the third time that I have lost too much money with DoorDash. DoorDash seems to hire drivers that either can’t read, follow directions, or thieves! Their app is so jacked up. It is impossible to get in touch with them. I truly would like to take back my tip for the driver, but you can’t even do that.",1,2026-08-03T01:33:29.000Z
DoorDash,Food Delivery,"Wrong order delivered ""nothing they can do""",I ordered McDonald's Door Dash delivery and they delivered an entirely wrong order! The driver claimed to have delivered the correct order but I have the bag with the receipt clearly showing the order was not mine and was for someone else. Screwed my breakfast plans up and offered no compensation. A refund that will take 1-3 days to process won't help me right now. For a large corporation you'd think they'd have better customer service procedures to rectify situations like this. Super dissapointed.,1,2026-08-02T21:17:43.000Z
DoorDash,Food Delivery,Worse delivery ever,Worse delivery ever. They cancelled my order and sent me an email. No call to ask if I still want my order. Horrible!!!!! Never in my life will I use this delivery.,1,2026-08-02T19:09:42.000Z
DoorDash,Food Delivery,Door dash Will Scam and fraudulently go into your account,Door dash charged my account for a monthly 9.99and a yearly 96.00and which I never signed up for when I called and further when I put my card in it asked me did I want to use my card for my door dash pass I said no an made sure but after I ordered DoorDash not only took 9.99 out my account but then took 96.00 also for the same thing when I called they told me that they could refund me 9.99 for my monthly but not the 96$ for the yearly in which I never wanted or signed up for I’m very disappointed and upset why in the hell would I want a yearly pass over a monthly an further tell me when we cancel both but you can’t get your money back for the yearly so I have a yearly door dash pass that I will not used because DoorDash fraudulently went into my account in took money for something I never signed up for nor did I want and I do not recommend NOBODY TO USE DOORDASH AT ALL THEY WILL SCAM YOU AND THIS IS REAL FACTS.,1,2026-08-02T18:49:42.000Z
DoorDash,Food Delivery,Deleted the DoorDash app.There are…,Deleted the DoorDash app.There are complaints everywhere about issues and lack of ethics. Now i have experienced first hand. I contacted The Kebob Shop for a refund after receiving burnt food. It took a few days to catch up with the manager. The manager said that he attempted to refund my money through DoorDash and DoorDasjh refused to refund the money saying it’s past their 5 day refund policy. Both DoorDash and the Kebob Shop say “there is nothing that they can do” Really? Just stealing our money.,1,2026-08-02T17:20:25.000Z
DoorDash,Food Delivery,$140 order was never delivered to hungry family,"My family ordered dinner from Gates BBQ costing over $140 plus fees and tip. This was a full family meal including 2 slabs of ribs, fries, sandwiches and overall the works. The order was picked up by the driver but never delivered. The driver sent a black screen instead of the actual picture of our food at our door. The driver was allowed to keep the tip and no explanation of what happened to the food. My family was hungry and upset and we had to drive to restaurant and spend another $100 plus dollars this same night. In this economy this was a nightmare. Never again we will order a large family meal through DoorDash. They did provide a refund for the meal, not the tip, but this takes many business days. While DoorDash is convenient at times, be careful and mindful of what happened to us.",1,2026-08-02T07:56:30.000Z
DoorDash,Food Delivery,Customer service hung up on me 8 times…,"Customer service hung up on me 8 times and a manger hung up on me twice.
Take your business to Uber Eats trust me",1,2026-08-02T05:44:00.000Z
DoorDash,Food Delivery,On time is bull crap,I just want to say I don’t know how you can say it’s on time when you keep updating the the delivery time mine was supposed to be by 10:34 and didn’t get it until 10:51 and still said it was on time so your time tracker is not showing correct time and therefore causing peoples food to be delivered cold and I’m sure that allows you to claim it was delivered on time,2,2026-08-02T05:00:04.000Z
DoorDash,Food Delivery,Title: Repeated documented issues and no confidence in DoorDash’s resolution process,"7/21/26

I have been a regular DoorDash customer, and I don’t write negative reviews lightly. Unfortunately, after several documented issues over the past few weeks, I no longer have confidence in DoorDash’s customer support or escalation process.

My concerns began with multiple Starbucks deliveries from one location where my Frappuccinos repeatedly arrived significantly underfilled and often melted. I documented these deliveries with photographs because the issue became recurring. I reported these problems through DoorDash, but I did not feel they were resolved appropriately.

I eventually switched to a different Starbucks location, and the difference was immediate. My Frappuccinos arrived properly frozen, much closer to the expected fill level, and the espresso was noticeably stronger. That confirmed to me that the drink quality issue appeared to be specific to that Starbucks location—not every Starbucks.

However, what never improved was DoorDash’s handling of customer service.

On July 21, 2026, I placed a DoorDash Starbucks order that was marked as delivered, but I never received my food. I contacted DoorDash multiple times and was told my case had been escalated to a specialized team. I never received any follow-up, refund, or resolution. After waiting, I ultimately had to file a PayPal dispute, which is still pending.

Then, on August 1, 2026, I ordered dinner from another restaurant through DoorDash. I paid for two extra tzatziki sauces, but they were missing from the sealed bag. I was not asking for a refund of my meal—I requested reimbursement only for the missing paid add-on. DoorDash’s automated system immediately denied my request.

Because of my previous unresolved experience, I called customer support instead of relying on the app. The representative was courteous and professional, and I appreciate the way they treated me. However, I was once again told my case would be escalated to a specialized team—the same process that never resulted in a follow-up on my previous case.

My frustration isn’t about $1.50. It’s about confidence in the support process. Restaurants make mistakes. Drivers cannot verify the contents of sealed bags. I understand that.

What I don’t understand is why customers who document legitimate problems, report them promptly, and ask only for reimbursement of missing paid items are left feeling that their concerns disappear into an escalation process with no meaningful follow-up.

I sincerely hope DoorDash improves both its automated refund system and its escalation process because customers deserve to know that documented issues will actually be reviewed and resolved.",1,2026-08-02T03:45:06.000Z
DoorDash,Food Delivery,I have had the DoorDash subscription,"I have had the DoorDash subscription, but the customer service department is awful, they are inexperienced, unprofessional and very useless. I’ve had three orders either delivered to the wrong address or items missing. Finally, I had to cancel my subscription indefinitely because DoorDash has sent me notifications stating that there is nothing they can do to satisfy my customer satisfaction. Therefore, I don’t need a lying, incompetent inconsiderate customer service representative or the company representative to deliver anything for me, keep your sack of stupidity on that side of town.",1,2026-08-02T02:54:30.000Z
DoorDash,Food Delivery,DoorDash has stooped to scamming and…,"DoorDash has stooped to scamming and confirming orders charging customers cards without even submitting the order to begin with. And they never have any real problem solving skills other then I’m sorry this happened to you your valued customer but you have to contact your bank. Load of shhh.. I’ll never be using this app ever again. I will no longer be ordering meals through family occasions , co work lunches or dinners if this app is being used to purchase it..",1,2026-08-02T00:44:21.000Z
DoorDash,Food Delivery,Door dash needs to change criteria for drivers,Donna has been door dashing in Portland Oregon. passed the test to deliver and now my Dasher app is on pause for no apparent reason so hopefully the app will fire up tomorrow.,2,2026-08-01T18:35:16.000Z
DoorDash,Food Delivery,I spoke with a customer representative…,I spoke with a customer representative at around 7:38 pm regarding a problem where the doordasher Sarah delivered my order to the wrong address. So my family recieved nothing. I submitted a 4K ring audio and video of my conversation with the dasher should there be a doubt as to whether I am telling the truth and was still denied. Unfortunately this was more than just an inconvenice because I had limited funds and was trying to feed my grandchildren. I again contact customer support at 9:48 pm because I was told that my issue would be escalated. Then when I spoke with that support person. She stated that my refund or credit was denied. I am 65 years old with a severe spinal disability so doordash has been my connection to feeding myself and getting items I need. Since I can not drive and I am the caretaker for my 4 grandkids who did not eat because of a mistake made by the dasher not by me. This is highly unfair to me as a customer. The dasher even asked did I want the chicken fila order because of the mistake she made giving my order to someone else and I told her know,1,2026-08-01T17:42:10.000Z
DoorDash,Food Delivery,Bad Everything!!!,"I ordered barbecue tonight and it cost $52.07. I got a text from my driver that said ""I'm here"". I usually wait for a picture and let them leave before I open my door to grab it due to having a fur baby. I wait for a minute or two and get no picture but get a notification that it has been delivered so I go to my door and open it to grab it and it's not there. I open the app which is not working properly to reach out to my driver. He doesn't answer and his message is in Spanish so I didn't leave a message. I reach out to him by text but no reply. My next option is to call Doordash support. I call them and they reach out to him and he answers but she doesn't speak Spanish so they are unable to communicate to find out where my food is and she proceeds to tell me that they are issuing me a refund for $13.01. I can't make this shit up!! They wanted to give me $13.01 of a $52.07 order to compensate!!! I let them know that it was unacceptable and I wanted to speak to a supervisor!! The supervisor called and told me he would resubmit my refund request for a full refund but he couldn't guarantee I would be approved. He said he believes I didn't receive the order due to there being no picture sent and I would receive an email with their decision within 3 hours! It's been 8 hours and I haven't heard from them. I will be calling back in the morning!! I looked it up and it is against the law for them to keep my money if I DID NOT receive the Food!!! That is Theft!!!! I also cancelled my dash pass!! I will NEVER use them again!!!",1,2026-08-01T10:20:54.000Z
DoorDash,Food Delivery,DoorDash has literally done this to me…,"DoorDash has literally done this to me several times and I’m completely over it. They have taken my money even though I had not received the product saying that my history says that I have done it too many times I barely order off of DoorDash, but clearly they don’t care that my three year-old wanted his fries and that the merchant McDonald’s did not put the fries inside the bag so they refused to refund me mind you I spent my last couple of dollars just to get my son this food, which means that I’m out of luck and my son gets no fries Only thing they can tell me is they know it’s not my fault but the system said no. doorDash is not a trustworthy company. They find any in every way to skim your money and keep your money. Any kind of way they can. and make you feel as if it’s your fault.",1,2026-08-01T06:42:59.000Z
DoorDash,Food Delivery,Cancelled order,"Cancelled order
DoorDash charged afterward on account
Ask to cancel transaction on account for order was cancelled
Instead they put a credit on DoorDash account I didn’t ask for
On message to them they just passed me to different people
Do not leave accounts open for them to use absolutely untrustworthy",1,2026-08-01T06:42:01.000Z
DoorDash,Food Delivery,Just ordered dinner,Just ordered dinner. The guy was taking forever and saw he was at my location. So I went downstairs to the lobby to see if he was lost only to find a massive mess in my lobby and huge trail of food on the ground (pozole). He didn’t tell me he dropped it. I had to find out for myself and that’s what I spent my Friday night doing.. cleaning up his mess and mopping my lobby floor. He ended up going back to the restaurant and getting a new order.. but the food took 2x as long. For the inconvenience door dash only gave me back $5… I feel like it should been more but they said that was the max they could do. Terrible customer service! Use Uber Eats instead.,1,2026-08-01T05:07:16.000Z
DoorDash,Food Delivery,I ordered food thru doordash earlier…,I ordered food thru doordash earlier this afternoon to be delivered between 10 and 10:20 p.m. and got it closer to 10:40. The messed up part is I ordered the food from right across the street and instead of receiving my food right away they go several minutes away for another order instead of taking 2 minutes to just drop my food off so my food was cold and my chocolate shake was basically chocolate milk. I spend alot of money through doordash a d this is ridiculous to be treated like this. I contacted customer support and all they pretty much kept saying was my food will be there in just a few minutes and sry they can't help me Yada yada yada. You would think considering how much money I spend thru them and being a loyal customer they would give me credit or refund or something considering the situation,1,2026-08-01T05:06:09.000Z
DoorDash,Food Delivery,"Charged for food from a place that is out of business, and wouldn't provide a full refund","My first time using DoorDash. We were staying in a holiday apartment, and it listed a restaurant a few minutes walk away. We ordered some food and I selected to pick up the order. After the app said it was ready to pick up, I walked to the address and the business was shut down and the space empty, with a ""For Lease"" sign on the window - it obviously hadn't happened overnight.
I used the Support Chat to try and get it sorted, as I had been charged $62 for food. After getting through to a human, they couldn't understand that the restaurant wasn't in business, and wouldn't refund any money. I offered to send them a photo I had taken of the building. After two days of trying to get it sorted, I was told they would only refund $42, with no explanation and no further review from their end. I ended up challenging the charges with my credit card company, who have reversed them. Needless to say, I won't be using them again.",1,2026-08-01T03:23:39.000Z
DoorDash,Food Delivery,My last 3 orders have had major issues…,"My last 3 orders have had major issues to no fault of my own. The first 2 were refunded only after spending hours dealing with it. And the 3rd one they are still refusing to refund.
#1 I ordered a fan from meijer and the driver said they were out of stock so he claimed to have bought me one that was twice as expensive. I was fine with this as I just really needed a fan. My problem here was that the driver actually brought me the fan I originally ordered and door dash charged me for the more expensive one. When I brought this to their attention they denied my request for a refund even though I had the pic the driver took that clearly showed the fan I received was not the fan I paid for. They eventually refunded this but only after a big headache.
#2 I took the credit I received from the first mistake and ordered Walgreens. A product that was 14.99 was out of stock, no problem they replaced it with something else that was the same price. My problem, this item didn’t show up, not physically or even on the receipt that was given to me from Walgreens itself. They refused to refund this item to me even when I sent them the receipt showing that the driver didn’t purchase it for me so I am not paying for it, after about an hour and a half they finally refunded me.
#3 a couple nights later I ordered McDonald’s. Ordered 2 meals and only received 1. They have straight up denied my refund. Why? Because I had refunds on the 2 previous orders. Hmm. Whose fault was that? Not mine. So now I’m out over $12. Charged for food I never received. They should be charged with theft. It’s disgusting they get away with this. They will never review another cent from me.",1,2026-07-31T10:46:26.000Z
DoorDash,Food Delivery,Once again did not receive my order,"Once again did not receive my order. This has happened. Multiple times,they receive my order and no dasher want to pick up my order.",1,2026-07-31T05:26:24.000Z
DoorDash,Food Delivery,I ordered (4) retail merchandise…,"I ordered (4) retail merchandise products (Advanced Bio fungal spray) from the Doordash website directly. The price was $1.99 ea.
There were fees and tip also, total $18.79. The supplying retailer was Tractor Supply Co. I placed the order the night of July 13 and
received email confirmation of my order at 9:14pm the same night, the order was to be delivered to me the following morning of July
14, within a delivery window of 10:10 am- 11:10 am the next morning. At 10:36, July 14, I received an email saying my order had been
cancelled and that I would be fully refunded. Turns out, as it was explained to me via a phone call initiated by Doordash just before
the cancellation, that TSC was charging way more for the product and they were not gonna lose money so they cancelled the order
after I would not agree to increased cost. The increased cost exceeded $90. The charge of $18.79 is still on my Discover card.
Doordash has never refunded me even though they promised to in the email dated July 14. I have disputed the charge. Discover
decided the charge is valid even with all my supplied proof as described above. I asked them to reopen my dispute, they did, and the
same day they again decided in Doordash's favor. Doordash's answer was ""they delivered"", but no proof. I am retired and am always
home, especially that day I was waiting on them, nothing was delivered. Today is July 30, still no refund and when I call Doordash customer service, they tell me there's nothing they will do!",1,2026-07-31T03:34:51.000Z
DoorDash,Food Delivery,Not even one star is worthy,"Not even one star is worthy, they are literally the worst most despicable delivery service on the planet. Once again they screwed me over.

Pick up my food, then before it gets here, the driver has to stop at several other restaurants and make other deliveries. Gets here cold and inedible.

Never again. They should be shut down.",1,2026-07-31T02:03:45.000Z
DoorDash,Food Delivery,DoorDash Employs Meth Addicts,"Supervising a worker, they’d take breaks to smoke meth and then continue working for DoorDash. Leaving food outside of apartment buildings rather than at the door. App is buggy.",1,2026-07-30T21:53:24.000Z
DoorDash,Food Delivery,The doordash concept is good however…,"The doordash concept is good however the people running it are horrible. Im unable to get customer support. They locked my account and ive done everything to get a representative on the phone to no avail. To make things worse they keep sending me dash notifications with a locked profile. Horrible customer service, definitely would choose Uber over doordash anytime.",1,2026-07-30T20:18:45.000Z
DoorDash,Food Delivery,On my previous review,"On my previous review, I even left my phone #, So why didn't she call me? And to top that off she walked right passed me and denied working for door dash . She got my tip too. Never again. I feel sorry y for that company ..",1,2026-07-30T19:12:04.000Z
DoorDash,Food Delivery,This is by far the worst service,"This is by far the worst service, DoorDash has become absolutely unreliable with deliveries and refuses to refund customers for dashers delivering to wrong address. It makes no difference if your complaint is within the app with live agent or over the phone. This rating allows nothing less then 1 star. Sadly DoorDash deserves a big zero for their service. The way this company is de escalating they will be out of business very soon.",1,2026-07-30T09:04:46.000Z
DoorDash,Food Delivery,My order from Wendy's was 32 mins late…,"My order from Wendy's was 32 mins late and cold. The burger,chicken sandwich, fries, and cookie was cold. I watched the driver sit at a location for 20mins not moving. I kept implying by text to Dalton about my order with no reply, so i called twice and got sent to voicemail. I contacted support and they asked for a picture of all the food, so i showed it. They denied me a refund for my food being 32mins late and cold because of driver. Mind you Wendys is only 10mins from my house. I am an Army Veteran and never been treated like this before.",1,2026-07-30T07:05:43.000Z
DoorDash,Food Delivery,Cold food...no refund or credit,"This is my experience today. Looking at the reviews, I can honestly say that I'm not surprised. The driver took a very long route to head to 2 other stops. I also wrote to the driver, and he didn't respond.
Mind you, I live close to the restaurant. The food came cold, and the bread bag came open. So I reached out to DoorDash, and they responded that they want a picture of my cold, cardboard pizza. REALLY?? How will you prove that it's cold?
They didn't even offer to give us a credit or refund. This company & their drivers are the worst! We have been customers for a long time. We also don't complain to them. 1st time and they couldn't even help. Highly disappointed that my kids had to eat that garbage.",1,2026-07-30T06:49:10.000Z
DoorDash,Food Delivery,They robbed me…I was charged for items…,They robbed me…I was charged for items that were never delivered. Simply…then the representative told me the policy says they cannot provide a refund. DoorDash literally stole money from me smdh,1,2026-07-30T04:57:17.000Z
DoorDash,Food Delivery,I ordered over $54 of food from…,"I ordered over $54 of food from McDonald's in Tampa, doordash canceled the order, and I never received my refund.. I have been a customer since 2004, support help doordash they are so condescending,",1,2026-07-30T03:55:43.000Z
DoorDash,Food Delivery,Horrible customer service!,Horrible customer service!! I ordered food advertised as vegan ( animal product free) and received the meal...filled with dairy and cheese !! Something im allergic too. Customer service was no help. Gosh false advertising!!!,1,2026-07-30T02:48:34.000Z
DoorDash,Food Delivery,Doordash customer service has to be…,"Doordash customer service has to be down there with cable companies and gyms that trap you into memberships. The agents are friendly, but they never have access to the information you shared in the three previous conversations with agents about the same issue. The agents then try to ""make things right"" by offering you a free month... to sign up for a subscription service that will then charge you $10 per month. It's not the agents fault, they are obviously copying and pasting from a script. They tell you you've been referred to a ""specialist team"" or to connect you to a manager, and that you'll get a response in 1-3 hours. 4 days later, you have to start another chat with them because you've never heard back from the ""specialist team"" and the agent doesn't have access to the long conversation you had with the previous agent about the issue. You have a good app that has obviously made you a TON of money, I was a loyal user, but never again.",1,2026-07-29T22:22:00.000Z
DoorDash,Food Delivery,Cancelled my order still charged me and…,Cancelled my order still charged me and still no refund after over 1 month. Called multiple times and every time assuring me that my refund will be in my account after 3 business days but it never is.,1,2026-07-29T21:18:46.000Z
DoorDash,Food Delivery,The driver drank part of my drink and ate part of my onion rings on the way to deliver my food!!!!,"It’s a poorly operated business. They hire any and everybody. You may get your food, you may not. You may get the food ordered, you may not. The drivers tend to eat out of your bag or drink out of your drink. Don’t trust anybody by the way that delivers your food unless it’s sealed and taped up. On several occasions, I’ve gotten my food where it was untied. The bag was opened and taped back. As well as the drink being drank out of and taped back or not taped at all. This is a service that should be done away with. We can find better ways to get food delivered to us. After this last delivery that I had delivered by DoorDash . I’m disgusted severely and I can guarantee I will never deliver through you all again.",1,2026-07-22T08:00:07.000Z
DoorDash,Food Delivery,I work for them as a driver we get treated like garbage and paid like trained monkeys .. peanuts.,I work for them as a driver we don't get paid much average pay is 3 dollars for 6 mile drive. Customers tip their waitress for walking to the kitchen but not the driver we drive 10 15 miles in the heat cold rain day night holidays and we get almost nothing from customers. I had one tip me a penny and because of that he was labeled a good tipper. Any mistake regardless is blamed on the driver. Restaurant leate smile and take it you are late you lose you rank and lose jobs regardless of why. Slow traffic traffic congestion traffic construction late resteraunt it falls back on the driver. We get treated like shit from both customers and the company. The staff usually treats me good is the only up side.,1,2026-07-22T03:35:38.000Z
DoorDash,Food Delivery,Translation:,"Translation:

“DoorDash service is fuc.ed up. We order food so we can eat it while it’s hot, but they charge extra for priority delivery. Even then, the driver still has two stops along the way, and by the time the order reaches us, the food is cold.”",1,2026-07-22T01:18:58.000Z
DoorDash,Food Delivery,Door Dash is a disgusting abomination of business practices,"This company, time and time again, has persisted in, not only charging a premium for their services (which is not a problem), however, they fail to deliver time and time again!!! On 7/13, I ordered something from one of their clients/stores, and, not only was I not notified of a ""cancelled delivery"", but after I contacted their support, they did nothing to rectify the issue! They have call centers and people reading from an effing script, and I spent, literally, 50 minutes on the phone dealing with something that wasn't even my fault. I got a refund, whereas, these garbage people initially wanted to give it as a credit, however, after spending ~ $18-22,000 over five years, they refused to offer a credit! My time is worth something as is the CEO's apparently, who, in turn, made approximately $400+ million dollars last year. I have a big problem with the fact that this worthless, garbage company cannot even admit to their faults and provide proper compensation! Meanwhile, even though the funds were ""allegedly"" refunded, I now have to wait 5-7 days, and, yet, they blame it on my bank. The point of the matter stands as such: I demand compensation as a result of this and having to deal with their employees, who are clearly robotic, and can do nothing. There is a reason as to why (literally) millions of people wishes death upon this company! It is the most dishonest, disgusting, unethical bull**** that I have ever experienced with a company. Compensation is demanded! On the contrary, I hope that the government finds a way to shut this disgraceful company down and, in turn, finds a way to incarcerate Tony Xu! For all of the time and money that I have spent, at this point, a minimum of $100 in credits is now merited! Period!!!

This company needs to be shut down by the government, period!",1,2026-07-22T00:42:43.000Z
DoorDash,Food Delivery,If i could give doordash zero stars I…,If i could give doordash zero stars I would. I placed a grocery store order. I selected refund for out of stock items. The shopper didn't refund they substituted for items that cost less that what I requested and not even close to what I paid for. They lessened the quality but I still didn't receive the item that was less than the requested. Door dash denied the refund of the unreceived merchandise. Door dash stole my money in so many words. Maybe its time the we the people bring a class action lawsuit against door dash.,1,2026-07-21T22:20:23.000Z
DoorDash,Food Delivery,made order- order picked up,"made order- order picked up, driver took order never came to my house (apparently told dash that they never received the order from the vendor...I spoke to the vendor order was made and picked up) order was canceled and remade (AGAIN: apparently told dash that they never received the order from the vendor...I spoke to the vendor order was made and picked up) order was cancelled and remade...Vendor decided not to remake cause it was remade twice and ""disappeared"" twice. Door dashed charged me twice for order! They tried to tell me that order was never made by vendor as well, so both driver and door dash lie and steal my money and now I have to wait 3-5 business days for money they took out in 2 seconds. I understand that the first transaction needs processing but the duplicated my transaction. And they have the audacity of only offering 20.00 credit and the customer service supervisor would talk over me. I hate to get angry at customer service cause is not their fault, but when you are lying, messing with my money and food that is where I draw the line. You stole my money, you lied and you also have driver that are stealing food. If I can give less than 1 star I would",1,2026-07-21T22:00:58.000Z
DoorDash,Food Delivery,If I could write this Service zero…,If I could write this Service zero stars I would the app is not user-friendly. My order was sent to another state and I was not refunded. I will never use DoorDash again. It is a complete rip off.,1,2026-07-21T20:45:04.000Z
DoorDash,Food Delivery,On Saturday Jul 11,"On Saturday Jul 11, 2026 at approximately 5:30 pm, I placed an order for Kibo Sushi Mount Pleasant through the doordash mobile app. I selected the “pickup” option and found a promotion stating the following details MEGA Game Box for 30% off at $56.00 (original price was $80).
When I confirmed the order, the promotion was not applied and my credit card was charged $80.00, which is $24.00 more than the price listed in the promotion. Upon calling to request a price adjustment at approximately 5:45 pm, I was informed by Harish, customer service supervisor on duty, that the promo was for delivery only. I explained that nowhere in the order screen was it clearly listed that the offer was for delivery only, and if that was the case, then the promo should not have been visible when the “pickup” option was selected. If a delivery only promo was visible to the customer while the pickup only option was selected, then this is a bug in the doordash app and not a customer oversight/error.
Despite the details above, Harish (Supervisor) made no attempt to resolve the matter. Harish was robotic, unsympathetic, and showed a complete lack of the ability to see the situation from a customer’s perspective. Harish offered no solutions, no assistance, and was completely unwilling to help in any way. He kept talking over me, ignoring my concerns and the logic presented, and kept reverting to his scripted responses. A chatbot could have provided better customer service than Harish in this situation.
Not only was the customer service unhelpful, the entire situation seemed like a scam. The posted price was not applied, a mistake that doordash should have owned.",1,2026-07-21T20:08:25.000Z
DoorDash,Food Delivery,Two hours for delivery,Ordered at 6 PM and didn't get my food until almost 8. The driver didn't communicate at all. Everything was lukewarm and they forgot my drink.,2,2026-07-21T19:53:17.000Z
DoorDash,Food Delivery,Order was canceled,"Order was canceled. Reason ,door dash had an emergency. Then upon calling support was informed door dash had already picked it up. 36.00 to be put back in my account 10 to 12 business days. On vacation and will never use door dash again.will make sure l inform family and freinds to never use door dash.",1,2026-07-21T15:39:37.000Z
DoorDash,Food Delivery,Doordash is a joke,"Doordash is a joke! They have horrible dasher support services. They punish the good dashers and let the ones who continually screw up keep getting good paying orders! They send you on a 10 mile delivery only to pay $2-5!!! Do you Doordash support idiots not realize the cost of gas, the cost of living? They will say that you didn't accept an order and lower your acceptance rate as a consequence when you never even got an offer on your phone in the first place! Someone is laughing and pushing buttons and its all a sick twisted rat race game!!! Doordash you suck!",1,2026-07-21T14:55:00.000Z
DoorDash,Food Delivery,I placed an order,"I placed an order. Didn't get it, Driver left a picture of a bush. Put in a refund request, Denied. Asked for a review, also denied, Resolution reason given was UNKNOWN. I submitted a BBB complaint, and hopefully after a refund, closing my doordash account forever. If fast food companies wonder why sales are down, If I could reliably get my orders, I'd eat out alot more.",1,2026-07-21T14:27:59.000Z
DoorDash,Food Delivery,Absolutely terrible service + trying to get refund,"Absolutely terrible service. An order was returned to the store as I did not realise the dasher had arrived and they did not phone or knock on the door, they sent an sms I did not see. A lengthy discussion with Door Dash as they said I have fortfieted the cost of my whole order including delivery fees. Happy to lose delivery fee but the cost for the goods also was outragious. A night and day of arguing and I received a credit. I would hate to think of how much money has been pocketted by Door Dash by people accepting there 'term and conditions' that include some that don't match Australia's consumer laws.",1,2026-07-21T06:20:00.000Z
DoorDash,Food Delivery,driver isn't delivering food,"driver isn't delivering food, contact details are wrong, doordash bot just tells me to wait. no chance to see driver's previous reviews and no chance for refund until the driver says the food is delivered. they are driving up and down the same street right now and there is nothing I can do to get my money back.",1,2026-07-21T05:49:28.000Z
DoorDash,Food Delivery,Terrible Customer Service and Missing Refund,"I placed an order for about $50 from Little Caesars. My delivery address was correct, but the driver decided to leave my order at a completely different house about 20 minutes away. I contacted DoorDash immediately, and they told me they would only refund $13.85 instead of the full order. The app says the refund was issued, but more than a month later I still have not received it. My case was closed without resolving the issue. This was a very frustrating experience, and I expected much better customer service. I will not be using DoorDash again",1,2026-07-21T04:18:24.000Z
DoorDash,Food Delivery,Crap service from the driver and customer service,If and when you order your food. You will get a crappie driver that rides around with your food for 45 minutes and it's cold. They will give you $5 on a $25 meal that was cold when it got here. doordash is a scam.,1,2026-07-21T01:42:15.000Z
DoorDash,Food Delivery,Would rate less than 1 star,Would rate less than 1 star. Awful rates of pay for the orders they force on you. If you decline they give you less orders after. Often making $20 /hr and burning $10+ just in gas. Would not recommend.,1,2026-07-20T23:28:41.000Z
DoorDash,Food Delivery,They refuse to ask where gluten free items are.,I am celiac and the dashers never seem to actually ask where the gluten-free items are located and tbey just pretend theyre out of stock. I called about todays order as not only did I call the store to make sure they were in stock but then mocked me and took zero accountability for having pretended it was out of stock.. ive called over and over and there is no resolve to the issues occuring.. doordash seems to only care about money and actually doing a job which I might add is a very easy job.. isnt important. They get the same amount if they grab all the items or not and then can make more from the next partial order. This is an ongoing issue not being addressed. I shouldn't have to reorder the same items several times and pay the fee again simply because the dasher is lazy. Huge huge systemic issues are not being addressed! I feel like there's honestly a huge lack of accountability within this organization this has happened over amd over and no one looks into my claims. I called.the store while the dasher was still there and verified they did indeed have these items.,1,2026-07-20T19:03:32.000Z
DoorDash,Food Delivery,The drivers do NOT follow delivery instructions ...,"If you live in an apartment building, your chances of even getting your order are one in three. The other two will be dropped on the floor by an unlocked rear door or in the area where the intercom is. They drivers do not buzz you to get in, they just drop and run and then your package is taken by anyone coming or going out the front door. After you have reported lost deliveries 3 times, the no longer accept claims from you, You are blocked. Use another outfit!",1,2026-07-20T05:34:39.000Z
DoorDash,Food Delivery,no help,"i’ve had many bad experiences with doordash, but at least they have tried to help. Today, i received my order 1.5 hours after i made the order, which is 1 hour over the estimated delivery time. I can understand 15 minutes, but 1 hour? To top it off, the driver left my food outside my apartment building without even trying to bring it to me or ask me if it was okay. I am very pregnant and unable to move around very well.

When I reported this to doordash requesting compensation so I can purchase something else where the driver can actually bring me the food, they simply said they cannot give me compensation and ended the chat. Terrible very terrible. They don’t care that you’re still unhappy with the resolution, once they’re tired of dealing with you, they’ll just cut you off.",1,2026-07-20T04:35:07.000Z
DoorDash,Food Delivery,Sent me one meal when I ordered 2,"Sent me one meal when I ordered 2, after calling for help and requesting a supervisor 3 times , I was finally given somone to talk to, then she proceeded to say that her team approved a 5 dollar refund and that was their final decision, even though I payed 17.69 for a meal that I never recived , when saying that this solution was not acceptable , she hung up quickly after saying “ I have to end that call” . Took my money and never delivered my food .",1,2026-07-20T02:47:43.000Z
DoorDash,Food Delivery,I have had 2 issues with DD in less…,"I have had 2 issues with DD in less than 24 hours. I don’t drive so I use it sometimes but no more.
I just got an order where an item was missing. McDonald’s had 2 10-piece chicken nuggets for one. One 10-piece was missing. DoorDash would do NOTHING to help me. That’s pretty petty. I’ve had issues before and I would estimate they help less than half the time. For what I was paying a month (in addition to how expensive everything is) I am done. Once again, it’s not about customer service; it’s about taking your money.",1,2026-07-20T02:17:36.000Z
DoorDash,Food Delivery,Extremely difficult to cancel an unexplained recurring charge,"DoorDash has been charging my card $9.99 repeatedly, but I have no clear way to contact anyone or stop the charges. Reaching customer support is incredibly difficult. I am simply redirected to the Help Center, and there is no cancellation option visible in my account.

I have contacted my bank multiple times. My bank told me: “It seems like a recurring charge, as the merchant is charging you every 20 days.”

Trying to identify the account responsible for the charge using the card information has also led nowhere. I find it unacceptable that a company can repeatedly charge someone while making it so difficult to reach a real person, identify the relevant subscription, or cancel it.

This experience has completely destroyed my trust in DoorDash. I will never use this company again, and I strongly recommend that everyone carefully check their bank statements for recurring DoorDash charges.",1,2026-07-20T00:32:36.000Z
DoorDash,Food Delivery,Ripped me off sent wrong order refused…,Ripped me off sent wrong order refused to resolve it WILL NEVER ORDER THROUGH THESE CROOKS AGAIN,1,2026-07-20T00:23:25.000Z
DoorDash,Food Delivery,Horrible service,Horrible service! We never received our order!,1,2026-07-19T23:34:48.000Z
DoorDash,Food Delivery,ZERO stars minus one,"ZERO stars minus one. ""DOORDASH FRAUD/THEFT/EXTORTION""
They take your money for a lunch order you purchase to treat your workers. An hour later, D-dash sends an email that the restaurant had been closed down. They had known it. Clearly, they stole the money. They say in the cancelation email the money will be returned in 3-5 business days, and on the same email, in 5-7 business days. This is pure theft, extortion, fraud. Unavailable customer service online. Phone call resulted in a ""supervisor"" who speaks ZERO English and refuses to escalate the call, and refuses to do anything but keep (what adds up to millions of stolen/invested dollars from customers) all the fraudulently-stolen money that took only an instant to deduct: but refusal to refund their error for 7 business days? Class action suit attorney friends. . . Let's go. There's a long line of us. We also pay $100/year for ""dashpass"" privileges which is clearly just another scam by DoorDash. Share, post everywhere, and never use this criminal company again. BTW: the CEO is: Tony XU, Chinese BILLIONAIRE. Post widely. It's the face of evil against innocent American consumers. Look right into his eyes. Does THAT look like the face of an innocent man? Bet he had his billionaire's lunch though, on us.",1,2026-07-19T23:09:06.000Z
DoorDash,Food Delivery,Would not refund wrong items,"Would not refund wrong items. This has happened before as well. Also, they charged me for a subscription I didn't sign up for and wouldn't refund it. I would suggest not using Door Dash, but use Grub Hub instead, they've been great.",1,2026-07-19T22:43:51.000Z
DoorDash,Food Delivery,This company charged my card last week…,This company charged my card last week for the door dash pass I didn’t authorize the charge wasn’t even in the app since June 25th requested a refund because I didn’t ask for the pass $9.99 was told it was being processed and it would take 5-7 days I reached out simply today for an update and to ask an additional question was told my refund was cancelled because of this and the chat ended rudely twice one after a supervisor I have screenshots I will be taking them to court for my money! F this company,1,2026-07-19T21:13:03.000Z
DoorDash,Food Delivery,They don’t tell you if anyone is able…,"They don’t tell you if anyone is able to pick up your order, they have an option to switch to pick up that doesn’t work, and they do an immensely bad job of vetting the people who deliver for them. They also are unreasonably expensive",1,2026-07-19T17:46:25.000Z
DoorDash,Food Delivery,Refund denied when they made a mistake,"I placed my order and added instructions that all items not to be replaced without my approval, and if not available, refund. Yet I get the wrong size of a picture frame (so it is completely useless to me). I was not asked about the different size to approve it, the shopper probably did not pay attention or just did not follow my instructions. It is clearly a mistake by their shopper. Yet refund was denied for absolutely no reason, and my time was wasted chasing it. Not using door dash again.",1,2026-07-19T16:41:25.000Z
DoorDash,Food Delivery,Worst customer service and no person to contact. Worst experience never using again.,I’m celiac. I am also a dash pass member. I ordered from Aldi. There was a list of items that was able to choose substitutes for. The gluten free bread I ordered was not in the list. I reviewed every item available and chose only gluten free swaps. My gluten free bread was unavailable and the apparent likely replacement was bread with gluten. I can’t keep this in my house never mind eat it. And DoorDash will not refund me. Have cancelled my DoorDash dash pass and will never use door dash again,1,2026-07-19T10:20:08.000Z
DoorDash,Food Delivery,This review is just for my last…,"This review is just for my last experience. Generally I'd give them a 3, but if I could give this one a 0 I would. I ordered from 7/11 instead of the grocery store I usually use, just so I'd get my items sooner. It was more expensive to do it that way, but it also helped me get the items sooner. The original time was just over 15 minutes. I kept looking at the screen for my order, which shows where the driver is. It showed him at a stop for about 15 minutes and it wasn't even close to my apartment. Also, I had messaged the driver to make sure he saw the instructions on my profile on how to get into my building. There are two entrances, but I can only buzz a visitor in from one. He didn't answer my messages. AN HOUR LATER, HE MESSAGED ME TO COME DOWN. He was finally here, but he was at the wrong door so he couldn't get in. I told him I have bad knees and he needed to come up. I ALWAYS tip well over 20% because of this. After a very long time I get a phone call from him and he tells me he can't get in. I tell him he needs to go to the other entrance, which is clearly stated on my profile. He finally does and I buzz him in. I open my door and he tells me door dash sent him on another stop, so that's why it took so long. And now his phone is dead so he can't verify me, which he needs to do because my order contains alcohol. So he has to go to his car and charge his phone enough to verify my age before I get my items. This was the fault of both door dash and a terrible dasher who wouldn't communicate. I won't be using them again, ever.",1,2026-07-19T09:35:34.000Z
DoorDash,Food Delivery,I ordered from this scamming company,I ordered from this scamming company. Nobody would pick up my order so I canceled it. They would not refund me. They charged me even though i didnt get my order. Never order from this horrible joke of a company,1,2026-07-19T06:11:31.000Z
DoorDash,Food Delivery,Use another platform,"can barely speak to customer service, orders get stolen with no resolution, customer service extremely unhelpful, but they'll snatch that membership fee outta your account as fast as they can, even if you cancel it ahead of time. probably some of the worst customer service I've ever received on a platform.",1,2026-07-19T05:34:58.000Z
DoorDash,Food Delivery,Delivery time went from 6:35pm Delivery…,Delivery time went from 6:35pm Delivery to 7:45. At 8:15 still no food. Driver showed sitting in another town. Customer service is a joke and was not helpful on a refund. Thankfully the restaurant made it right. Will NEVER use again!!!!,1,2026-07-19T05:08:46.000Z
DoorDash,Food Delivery,Avoid this company AT ALL COSTS!,"Avoid this company at all costs. As a driver, or as a customer. As a dasher, I have seen countless customers completely screwed over. Restaurants would forget to give me one of the bags, and the customer would only get a $5 credit toward a future order, even though the customer lost a great deal more than that, and did not receive what they paid for.

A warning for potential drivers: When my license expired, there was no way to upload the paper attachment the dmv gives you to prove the license had been renewed. I contacted dasher support and spoke with a supervisor. He asked me if I had another govt issued ID, which I said yes, I have a passport. I uploaded the passport as he instructed over the phone. When I tried to do the verification face scan, it deactivated my account. It has not allowed me to re-upload anything, and remains locked. I have received no assistance from dasher support since then. Their only suggestion is to select passport and try to upload again, after being told repeatedly the app is completely locked out for just trying 3 face scans and it rejecting them all.

This is despite emails exchanged on the primary email on my dasher account, as well as using the primary phone number to contact them, and following their instructions over the phone. 3,000+ deliveries with no issues over 2.5 years, and 19 above and beyonds and a perfect 5 star rating with over 100 in a row. I would put my customers food in a thick pizza bag with 2 electric warmers, and they loved the service. From what I read here, it is best I move on to a more reputable company anyway. Delivering excellent service will not protect you from their incompetence and indifference if you encounter any issues, and you will.

DO NOT drive for this company, and DO NOT order food through them. They will scam you and steal from you, and you will receive no assistance. Driver or customer, they don't care. The fact a company like this has a business license is a failing grade for this country.

Boycott this company, and make your friends and family aware of the constant fraud they engage in. They deserve a class action lawsuit because of their dishonorable business practices. I won't be the least bit surprised when their corporate HQ in San Francisco is completely destroyed by an earthquake. They truly deserve that level of punishment with no exaggeration.",1,2026-07-19T04:57:08.000Z
DoorDash,Food Delivery,Horrible need to be sued didn't receive…,Horrible need to be sued didn't receive food order $40 worth fried duck!,1,2026-07-19T03:54:54.000Z
DoorDash,Food Delivery,I would give 0 stars if that was a…,"I would give 0 stars if that was a possibility. I ordered from a Vietnamese restaurant that I order from frequently. I had 3 issues with my order.

Driver took 44 minutes to deliver my order & restaurant is only 3.1 miles from my house. Food arrived cold due to excessive delivery time. The sampler platter I ordered contained the wrong combo of items that I had chosen for it.

I contacted help through the app. Explained the situation. Provided pic of wrong sampler platter I received. Also provided pic of the other dish that arrived cold as requested. Which is ridiculous as you can't tell it was cold from a pic.

I was told that my order was not eligible for any type of refund. I contacted Door Dash customer service next by phone and spoke to live agent. They told me that due to Door Dash policy I was not eligible for even a partial refund for the wrong item. This is BS!",1,2026-07-19T01:49:11.000Z
DoorDash,Food Delivery,Promotional Rate,"Promotional Rate. New Customer.

I haven't used doordash in years! For very like experience situations. I choose to not use doordash. This time I ordered a dinner for my family and picked it up. Using doordash and a promotional 40% claimed a whopping $10 discount. Charge applied in the app stated 67.12, and I might add, is exactly what I expect I would be charged, the total came to 67 12 I paid 80.54.

I did contact support only to be shoved through an approval process I did not even request. At no point during my conversation with support did I request a refund but after denying thier free doordash for a month was shoved through a full refund denial. It took a whole 30 secs to, mind you after going through about 15 mins of fighting with the AI and general chat agents, to a refund denial in 30 secs. Like, are you guys serious? This is exactly why I will never use doordash again and recommend anyone just order the food yourself, on the phone. What a complete waste of my time. I am on vacation and I spend 2 hours of my day trying to get $15 or so back what i was registered for.

I have screenshots and will gladly talk to whomever cares. This had not been so difficult. I literally never go this far to complain about a company but damn. If I don't get it, don't let me apply it at check out. Who's fault is that? Mine? Or yours?

** Update : Low and Behold.. the difference in promotion credited by the restaurant. So damn stupid. DOORDASH, You lost a customer for good! Horrible, horrible experience.",1,2026-07-19T16:37:41.000Z
DoorDash,Food Delivery,I keep getting messages from Culver's…,I keep getting messages from Culver's about construction issues involving concrete. I do not work for the city. Please stop contacting me.,1,2026-07-19T00:09:36.000Z
DoorDash,Food Delivery,⭐☆☆☆☆,"⭐☆☆☆☆

Absolutely terrible experience.

My order included alcohol, and when the Dasher arrived they refused to accept two valid forms of ID because I’m visiting from overseas. I had both forms of identification available, but they wouldn’t accept either of them. The Dasher was unprofessional, became impatient, and eventually just walked away with my order.

To make matters worse, I was then charged the full amount for an order I never received.

I’ve contacted DoorDash customer support twice. On both occasions I was told the issue would be resolved, but instead of refunding my $40 order, I’ve only been given a $10 credit/refund. Paying for food you never receive because of DoorDash’s handling of an ID issue is completely unacceptable.

Very disappointing customer service and a frustrating experience from start to finish. I won’t be using DoorDash again.",1,2026-07-18T23:25:20.000Z
DoorDash,Food Delivery,They suck even on improvement this…,They suck even on improvement this company is robot i can't be embarrassed bye these no paying deliveries even the minimum wage and having to pay taxes on it may as will own my own business you suck your not a real employee so get going and pay the back taxes,1,2026-07-18T22:40:20.000Z
DoorDash,Food Delivery,Doordash-How not to treat customers with logistical nightmares,"Logistics nightmare, poor food safety and non-existent customer service. Doordash are unlawfully flouting Australian Consumer Standards in delivering cold food, 40 minutes later than the final window of delivery time and if you have ever reviewed negatively your Account is automatically flagged as a 'problem customer' looking for a refund. This is after the Doordash site requests a review of recently completed delivery. DoubleDash was used in this instance : one box of cat food from Woolies approx 4km from my house and a pizza delivery 1km away. The pizza arrived stone cold, not even a skerrick of oil or heat mark on bottom of carton because it had to be changed due to sitting waiting so long for collection. If you have ever given a negative review you are treated like a criminal looking for a free meal or refund of a substandard delivery. This appears on your account for the rest of time you are willing to use Doordash. I cancelled my DashPass several times due to no delivery drivers being available in Tweed Heads area at times. Then the Doordash system automatically blocks you from booking anything further for 24 Hours! I now have a 2 year Dashpass membership via Prime - but all past information has been retained so I am a ""problem customer "" regardless. Honesty doesn't sit well with Doordash. Cut and paste responses treating you appalingly don't sit well with me.!! Bullying is not acceptable.",1,2026-07-19T01:57:27.000Z
DoorDash,Food Delivery,Despicable service,I have had multiple food deliveries canceled with no explanation and two prescription never picked up. I contacted the pharmacy and it was labeled and packaged. It even shows ready for pick up through the pharmacy app. But when I called door dash they said they had no record of the order. I am disabled and this option is crucial. After paying $8 for same day delivery. I had to pick it up two different times. This is a despicable way to run a business and I will celebrate the day they get sued for their dishonest practices.,1,2026-07-18T22:01:48.000Z
DoorDash,Food Delivery,HORRIBLE AND RUDE WITH NO CLEAR…,"HORRIBLE AND RUDE!
DOES NOT SPEAK OR UNDERSTAND PROPER ENGLISH! UBER EATS IS MUCH MUCH BETTER‼️",1,2026-07-18T18:58:49.000Z
DoorDash,Food Delivery,I had the wrong order delivered,I had the wrong order delivered. I called Doordash twice. I was. Harged $47. What I received eas a disgusting item costing $13 which had to be thrown out. Doordash said they talked to the metchant who would issue a credit. I never got the credit.,1,2026-07-18T16:14:31.000Z
DoorDash,Food Delivery,I had ordered food from a restaurant…,"I had ordered food from a restaurant that was apparently closed and didn’t know because it said they were active on DoorDash and DoorDash almost did not refund me until I demanded a refund, terrible experience!!",1,2026-07-18T15:50:39.000Z
DoorDash,Food Delivery,3 times in 1 week as I am home bound…,3 times in 1 week as I am home bound right now and they kept delivering to the next door neighbor and his garage..I would have to track the driver then contact them to explain how to get to the correct address...I did verify with door dash they had the correct address but somehow they'd go to wrong place anyway..what is worse is half the time they don't understand english...so I'd have to get my son to go get the item to bring it to me...geezz I should have done that to begin with and save me all those fees for technically NOT completing thier job and no refund or at the very least refund all thier fees as it's not the restaurants fault...this service doesn't even deserve a 1 star..they hire illegals and only have AI customer service via chat,1,2026-07-18T11:50:39.000Z
DoorDash,Food Delivery,I ordered and the man delivering kept…,I ordered and the man delivering kept getting additional orders before delivering my food. Took over 2 hours!!! Ridiculous for DoorDash to keep adding deliveries while I’m trying to get my food!!!,1,2026-07-18T10:48:49.000Z
DoorDash,Food Delivery,If I could give it a minus review I…,If I could give it a minus review I would. Door Dash delivered our meal 1 hour after ordering from a restaurant 4 kms away. It was left in the driveway with no notification it had been delivered. Will never use door dash again. It $47 for a cold meal. Was my first time using door dash and will be the last.,1,2026-07-18T09:35:09.000Z
DoorDash,Food Delivery,They don’t want to return my money it…,They don’t want to return my money it said I had a female dasher and it was a male talking about how he shoots A R 15’s I felt so unsafe and they are refusing my refund never again,1,2026-07-18T04:25:58.000Z
DoorDash,Food Delivery,DoorDash makes me physically sick,DoorDash makes me physically sick . It took me up until today to officially quit using it. Today I placed an order for apples. I put exact directions on where to put the items in bold letters….. welp the idiot stupid driver dropped it off at the wrong address. When I finally found it the smell of marijuana consumed my whole house. The food was for my 8 year old son. Why would I want my child eating food that smells like drugs? Welp customer service refused to step in . It makes me sick that they support drivers getting high on the job and then not offer ways to help,1,2026-07-18T02:46:57.000Z
DoorDash,Food Delivery,This company gives zero (shyts) about…,This company gives zero (shyts) about privacy concerns. Scans Drivers licenses and say “it’s a state database that doesn’t harvest you data” blatant outright lie. If you think when you scan anything it’s not going to a database I have some beach front property in Kentucky to sell you. Stop being sheep!,1,2026-07-18T01:25:35.000Z
DoorDash,Food Delivery,"First Experience, Terrible Impression Do NOT Use This","Yesterday, I ordered a meal from subway. I did not receive my order. I contacted doordash to try and fix this problem. I only received the driver whose name was Portia claiming bad she dropped it off at the address listed. When I tried to get this fixed with their customer service line their overall response was that there was nothing they could do. Additionally, their communication was terrible with the online service. It was fairly easy to type in however there were specific details that could have been added or verified to help future customers. I am upset because I spent over $35 to include driver tip just to not receive my order. The sad part about this is this was my first time using doordash and based off the terrible service I received I may never use it again.",1,2026-07-17T22:51:18.000Z
DoorDash,Food Delivery,Forced to Pay for missing food,"HelIo, this is about Doordash stealing money from my family, this order is ffrom Sunday 7/5/2026. I ordered from Chili's at 5:25, order was supposed to arrive at 6:00 - 6:15 it arrived at 7 pm and we only 3 out the 7 items, the other items were ice cold and not edible. I messaged DoorDash immediately that evening in their app and they told me I would get refund of $87 out $110 for the missing and late items. They told me that I could expect the refund in 3 to 5 business days. I still didn't have the refund on 7/17/2026 , so I called their customer service line and he told me he couldn't help me since someone credited me $9 by mistake and that it was outside of 3 days so his hands are tied, this is crazy and I deserve better. DELETE THIS APP NOW",1,2026-07-17T20:52:18.000Z
DoorDash,Food Delivery,Door Dash refuses a return,"I ordered a cat toy. It was unavailable at the closest Petsmart. They went to another Petsmart to get it. They refunded my money $25.97 as a credit on Door dash. I was not consulted on this. So at the other Petsmart, they got the toy and after applying the Door Dash credit of $25.97, I owed $1.05. I wanted to return and get a refund back to my original payment method. Door Dash declined my request for a refund. I'm canceling my Door Dash subscription.",1,2026-07-17T18:42:19.000Z
DoorDash,Food Delivery,They are a truly unaccountable service,"They are a truly unaccountable service. They stack deliveries on drivers and the drivers are horrible. They end customer service chats, even when you have no resolution. Just try something else. Uber eats, or just ordering from the restaurant. It's not worth it at all.",1,2026-07-17T18:06:34.000Z
DoorDash,Food Delivery,Biggest hoax I’ve ever ordered from,Biggest hoax I’ve ever ordered from. Buy one get one til they charge you. Door dash biggest enabler. They’re all in it tg. You know what I mean! Uber Eats till I collapse. Atleast that’s an honest American company shafting you.,1,2026-07-17T08:14:04.000Z
DoorDash,Food Delivery,I would give this rating a 0 if…,"I would give this rating a 0 if possible, my driver could not speak or read any English so he was going in totally blind, looking for my building that he never would have found if my boyfriend didn't go outside chasing his car down through many different parking lots. The man triggered my bpd (borderline personality disorder by screaming at me on the phone, hung up on me, ignored my calls and texts. Then when I was trying to help him find my building and said look for 15 because it was much easier for him to find a building with a hidden number on it which I specifically wrote in my directions. He was furious that I told him to look for building 15 and started throwing a tantrum. This is extremely unprofessional and this is not the first time this has happened. I am completely furious with this company for not hiring capable enough people to understand basic English and instructions due to their lack of knowledge upon reading directions.please change your policies and do better.",1,2026-07-17T03:20:40.000Z
DoorDash,Food Delivery,Driver delivered to wrong address,Driver delivered to wrong address! It was a VA Hospital - then when I let him know he told me to change the address in the app - but I’m at the VA Hospital! Called to for a refund and they emailed that they could only give me $5 back from a$22 order! When I called back to question why - they disabled my account! I’m unable to log in in so I just deleted the app! Three managers have called me since saying hold on - I’ll see about your refund - then I’m hung up on!,1,2026-07-17T02:19:17.000Z
DoorDash,Food Delivery,Do not use this app it is a scam,Do not use this app it is a scam. They send drivers who lose your orders over and over again . They buy items even when you say refund . They replace it with stuff you never wanted. Dealing with customer service is a joke. It is a huge waste of money.,1,2026-07-17T01:56:51.000Z
DoorDash,Food Delivery,Lost my food after giving directions…,Lost my food after giving directions and didn't get a refund. I ended my subscription and uninstalled the app,1,2026-07-17T01:52:01.000Z
DoorDash,Food Delivery,Will never use DoorDash again,Will never use DoorDash again. Charged me full price for items not delivered . Dasher even called to state only partial order could be fulfilled. Customer service is a joke and denied my request several times. Was promised call from a supervisor and they never happened. DoorDash will take your money and not make it right. Lost a customer permanently,1,2026-07-17T01:43:22.000Z
DoorDash,Food Delivery,Waste of Money,"Ordered food over an hour ago. Multiple ""dashers"" went to pick up. Still no food. $40 for a lunch that I won't be able to eat now. They are the worst.",1,2026-07-16T21:49:44.000Z
DoorDash,Food Delivery,Ten minus worse company ever,"Ten minus worse company ever , My experience with DoorDash has been extremely disappointing. I signed up for a membership because I believed it would help me save money. Instead, after providing my credit card information, I continued to be charged month after month, even after trying to address the issue.

I contacted my bank, filed disputes, called DoorDash multiple times, and sent emails requesting that the charges stop. In my experience, resolving the problem was frustrating and time-consuming, and I did not receive the level of customer service I expected.

Based on my personal experience, I would strongly encourage anyone considering a membership to carefully review the terms, monitor their credit card statements closely, and make sure they understand how recurring charges work before signing up.

This has been one of the worst customer service experiences I’ve ever had, and I will not be using DoorDash again.",1,2026-07-16T20:29:07.000Z
DoorDash,Food Delivery,This experience was awful,"This experience was awful. I ordered a grocery delivery, and my dasher was extremely rude from the very beginning for no apparent reason. She them delivered my groceries to the wrong apartment. When I reached out to her asking where she left them, she immediately started blaming me and saying they were left at my apartment and if they weren't there, then I put in the wrong address. Even though I've been using doordash for awhile and gave never had them deliver to the wrong address, I still double checked, and my address is 100% correct. I asked her to at least come back real quick to show me where they were and she just kept yelling at me and telling me it's my fault and that I was interrupting her night. So I reached out to doordash, and their solution was a $15 refund. My order was $52, and they're going to refund me $15? So they finally said they could redeliver, which I was basically forced to do so I didn't lose $40. Which means I had to cancel my plans to stay home for the order. So the redelivery goes smoothly, delivered without issue. So I contact doordash again to see if they can give the tip I gave to the first driver to the second driver instead. They said they could do that and it would be taken care of. All of a sudden I get an email that they've charged me an additional amount for the tip! Instead of transferring it like they said they would, they charged me for it, which I never authorized. Then when I reached out they said they could refund that additional charge, and when they did they only refunded part of it!! Overall, a 3 hour nightmare and I'm officially done with doordash.",1,2026-07-16T15:52:43.000Z
DoorDash,Food Delivery,Just a heads-up for anyone considering…,"Just a heads-up for anyone considering the KFC promotion on DoorDash.

I recently saw an offer on the DoorDash app stating that if you spend over $20 on a KFC order, you would receive 10 free wings. Based on that promotion, I placed an order worth more than $50.

Unfortunately, the free wings were not included. I contacted the KFC staff, and while they were understanding and tried to help, they advised that the issue was beyond their control and would need to be handled by DoorDash.

I'm sharing my experience so others can be aware and double-check the promotion details before ordering. If you're planning to use this offer, you may want to confirm it with DoorDash first to avoid disappointment.",1,2026-07-16T14:56:05.000Z
DoorDash,Food Delivery,Doordash ripped us off 80 dollars…,Doordash ripped us off 80 dollars .would not refund when clearly the wrong items weren't delivered .how can this fraud go on .,1,2026-07-16T06:54:22.000Z
DoorDash,Food Delivery,Warning when buying DoorDash Giftcards: DoorDash Deactivated Account & Confiscated $XXX in Prepaid Gift Card Funds,"WARNING to consumers holding or purchasing DoorDash gift cards: DoorDash deactivated my consumer account without stating any policy violation and confiscated an active, unspent balance of $XXX.00 in legitimate gift card funds. When I contacted customer support, a DoorDash supervisor confirmed seeing my active $XXX.00 balance on file. However, DoorDash refused to reactivate the account to allow credit usage and explicitly refused to issue a refund for the locked funds, telling me to contact third parties instead.I filed a dispute with the Washington State Attorney General’s Office Consumer Protection Division (File #: 724218). DoorDash declined voluntary informal resolution through the state, refusing to release my money.Under Washington State Law (RCW 19.240.110), gift card balances represent stored value held in trust for the consumer and cannot be subjected to corporate forfeiture or arbitrary seizure. Retaining prepaid consumer funds without providing a mechanism for credit exhaustion or a cash refund constitutes an unfair trade practice under RCW 19.86.Do not purchase or load gift cards into the DoorDash app. If your account is flagged by their automated systems, DoorDash will absorb your cash balance and stonewall all refund requests.",1,2026-07-16T06:28:15.000Z
DoorDash,Food Delivery,If u like having ur meal ice cold and less than half what u ordered show up taking an hr to get dot head2 speak English and then refunded screaming ur balls off ur still hungry then go ahead and call,"If I want to scream at the top of your lungs, be guar",1,2026-07-16T05:27:46.000Z
DoorDash,Food Delivery,This bank is tied to the corporation…,"This bank is tied to the corporation Crimson, who is in partnership with Doordash. Doordash hired Starion (Crimson) as the administration for their debit card services. I filed a case with Doordash Crimson 2 days ago. I am a platinum dasher for doordash. There was a promotion that took place from April-June 30th that resulted in 10% cash back refund on a weekly basis for gas services used. I received cash back refunds for the promotion on a weekly basis all the way up to the last week of their promotion. Therefore, I called crimson to seek My cash back refund for the last week of June which resulted in the dates of June 28-June 30th. I had several transactions I made for gas. I've always used my Doordash crimson card for gas in store AND at the pump. I filed my case with crimson and on several recorded calls I was assured I would receive my refund and I would receive an email confirmation with the details. My case initially was supposed to be resolved in 24 hours and it wasn't. I called Crimson approx around 4-415 pm EST on July 14th. I had a horrible experience between representatives and supervisors setting expectations that weren't fulfilled, being hung up on, and being told I would get a callback and nobody calling me back. I am very frustrated and exhausted because I had to make callbacks myself and still did not receive the resolution I was told I would receive. A couple hours later after my first few calls, I was told my case was denied because the transactions filed were not eligible based on their terms. This has NEVER prevented me from receiving my cash back refunds during the promotion before as I advised crimson. I also advised crimson management that multiple reps and supervisors informed me I'd be receiving the gas cash back refund. I am huge on morals like integrity and honesty. I was lied to and pushed around for several hours with no resolution. I am now seeking full cash back refund for transaction & damages. Case# 4e760ebe-e475-46bb-bbfa-7d721e92644a",1,2026-07-16T04:20:13.000Z
DoorDash,Food Delivery,Charged for DoorDash Passs Multiple Times without Signing Up,"Their service has been okay but their DoorDash pass is a complete scam. It seems they automatically enroll you in it unless you opt out. I don't see how they get away with this. Shame on me for not checking my credit card bill but I got $60 in charges over about 8 months for a pass I never used. I will never use DoorDash again.
This happened previously on my corporate card but I noticed it right away and got it reversed.",1,2026-07-16T04:16:31.000Z
