Company,Industry,Review Title,Review Text,Rating,Date,Sentiment
Booking.com,Travel,,Absolutely awful customer service. Trying to confirm my flight. They've taken my payment but apparently it takes 2 days for the confirmation email to come through. Once they tell you they just cut the... See more,1,2026-08-08T13:49:12.000Z,Negative
Booking.com,Travel,,Shocking. Booked three nights away back in July to go away in August. No email confirmation received. Upon trying to cancel reservation before £307 is taken from my account. I’m lead in circles on th... See more,1,2026-08-10T05:01:59.000Z,Negative
Booking.com,Travel,,They hide the total fees our hotel ended up being $75 more than listed and didn't show up until I hit submit. Tried to cancel right away but they wouldn't even within 1 minute realize if they ripped... See more,1,2026-08-09T23:05:50.000Z,Negative
Booking.com,Travel,,"If I could give them less than 1 star I would! 1st, the property they represent at 2500 Pennsylvania Ave (Washington DC) is terrible. Dirty, poorly maintained, and A/C barely working. We we discuss... See more",1,2026-08-09T15:56:38.000Z,Negative
Booking.com,Travel,⭐ 1/5,"⭐ 1/5 — EXTREMELY DISAPPOINTING EXPERIENCE — AVOID BOOKING.COM I am writing this review after repeatedly trying to resolve a serious issue with Booking.com and receiving no proper solution. I made a reservation through Booking.com for Montenegro Lodge in Kavač, Montenegro (Booking Confirmation No. 5698872168) and paid for the accommodation. When we arrived, we were informed that the property was FULLY BOOKED and could not accommodate us, despite the fact that we had a confirmed and paid reservation through Booking.com. We were left without the accommodation we had already paid for and had to deal with finding another place to stay at the last minute. This situation was completely outside of our control. Since then, I have tried REPEATEDLY to contact Booking.com through their available customer service channels regarding my refund. I have sent messages, tried their customer service system and followed up multiple times, yet I still have NO proper resolution and NO refund. What makes this even more unacceptable is that I did not cancel because I changed my plans. The property itself could not provide the accommodation that Booking.com had confirmed and accepted payment for. I should not have to spend days chasing a company to recover money for a service that was NEVER PROVIDED. Booking.com should take responsibility for reservations made through its platform and protect customers when a confirmed property cannot accommodate them. Instead, I have been left chasing customer service with no clear answer about when my money will be returned. This has caused unnecessary stress, inconvenience and additional expense during our trip. I am requesting an immediate FULL REFUND to my original payment method and written confirmation that this case has been resolved. Until Booking.com returns my money and properly addresses this complaint, I cannot recommend using this platform. ⚠️ My advice to other travelers: think very carefully before paying for accommodation through Booking.com. If something goes wrong with your reservation, getting proper assistance or even getting your money back can be extremely difficult. I will update this review if and when Booking.com finally refunds my money and resolves the case.",1,2026-08-11T16:44:17.000Z,Negative
Booking.com,Travel,Avoid using Booking.com at all costs,"Booking made via booking.com for third party hotel, payment taken from credit card without authorisation by booking.com, timing of this not stipulated in booking email confirmation, contacted customer services via on line chat, phone, email, contacts Engellyn, Rob and Johnabel all either disconnected me or were unresponsive to chats, subsequently contacted their CEO. maybe he will respond but I doubt it!. Shocking customer service.",1,2026-08-11T16:19:52.000Z,Negative
Booking.com,Travel,If I could give a minus I would,"If I could give a minus I would. Cancelled my partners hotel without telling him. On arrival home we chased for the refund as they still took half of the money. They tried to blame the hotel saying they cancelled it and would have to ask them for the refund. Still a month on and no sign of any money and are trying to say that their cancellation policy is to take half of the initial charge, despite them being the ones to cancel. Call handlers don't have a clue what they are doing and when we try to raise a complaint just get an automatic email saying error. Absolute joke!! We will get our money back no matter what it takes. Avoid booking com at all costs please.",1,2026-08-11T16:01:51.000Z,Negative
Booking.com,Travel,DO NOT USE BOOKING.COM.,"DO NOT USE BOOKING.COM. I attempted to change the dates of my reservation well before the 48-hour deadline because I became seriously ill. Despite repeatedly trying to resolve this, I have gotten absolutely nowhere. Booking.com has repeatedly disconnected my calls when I ask to speak with a supervisor. Westgate has not responded to my calls or emails, and Booking.com keeps telling me they cannot reach the property either. I did what I was supposed to do and attempted to change my reservation within the required timeframe. Yet I am now stuck in the middle because Booking.com and Westgate cannot—or will not—communicate with each other. What is most upsetting is the complete lack of assistance from Booking.com. If you are going to act as the booking platform and take customers’ money, you should also be willing and able to help when there is a legitimate problem with a reservation. I am documenting every call, email, and attempt I have made to resolve this and will be filing a formal complaint with the Better Business Bureau as well. Based on my experience, I absolutely cannot recommend Booking.com.",1,2026-08-11T15:55:15.000Z,Negative
Booking.com,Travel,Extraordinary,"Booking.com has completely transformed the way I approach travel planning. As someone who values efficiency and clarity, I find their platform to be an absolute game-changer. The interface is incredibly intuitive, making it a breeze to compare rates, filter by specific amenities, and pinpoint the perfect accommodation for any trip. Booking.com has completely transformed the way I approach travel planning. As someone who values efficiency and clarity, I find their platform to be an absolute game-changer. The interface is incredibly intuitive, making it a breeze to compare rates, filter by specific amenities, and pinpoint the perfect accommodation for any trip. Booking.com has completely transformed the way I approach travel planning. As someone who values efficiency and clarity, I find their platform to be an absolute game-changer. The interface is incredibly intuitive, making it a breeze to compare rates, filter by specific amenities, and pinpoint the perfect accommodation for any trip.",5,2026-08-11T14:55:05.000Z,Positive
Booking.com,Travel,booking.com lied,"This happened a couple of months ago.It is absolutely disgusting that a big company like booking com.Treats their customers just like this. A couple of months my best friend and I travelled to Melbourne from Brisbane for a holiday for a week. We purchase and paid for a 2 bedroom apartment. In the heart of the city, what we got when we arrived was I heard child that was quite pushy, asking us exactly what time we would be in, because i'm not from that area.I said, I don't know, but probably about one.They said, check in is not till 3 and I said, why ask in the first place. When we arrived, we were shuttled upstairs to the room.As we walked in, I realised that it was one bedroom apartments instead of two bedroom apartments that we actually paid for.... We spent closer 2 hours trying to talk to somebody from booking com, and when I finally got to speak to somebody, they said that they'll call me straight back, they never called back. It was just an email explaining that they will fix it, and nothing was ever fixed. I do have photo evidence. The hotel themselves and booking.com. Did not help at all, so I had to sleep on a couch. For the duration of the stay.... only because I kept hounding them for appropriate answers.And why they made this mistake?They were giving us next to bear minimum of a twenty percent refund that we never have seen at all. I have so much evidence taken on my phone and both hotel and booking com. As I said before, did not help and actually made the stay worse.It was a horrible hotel that is meant to look glamorous and wonderful, and it is not. Do you know not stay there? It is disgustine. You could hear people next door the walls with that thin, the only thing that worked well was the heater. The people that work as a hotel were very rude, and they did not care, they're news that they had our money and was not going to return it.",1,2026-08-11T14:12:53.000Z,Negative
Booking.com,Travel,Don’t publish negative reviews,Very easy to use and we’ve had no problems. Use it a lot. Losing a star because they ONLY post positive reviews. Negative reviews don’t get published. Do they even let the property know so they have an opportunity act on the issue? Check on other sites for true reviews.,4,2026-08-11T14:08:10.000Z,Positive
Booking.com,Travel,Do not use this company if you value your sanity.,If things go wrong they are virtually impossible to correct. Do not use this company if you value your sanity. The customer service is circus clown level. But sadly it isn't funny. Respond to an English request in Polish telling you to use the booking reference that you have stated in the problem ticket that you don't have. gee thanks. Respond to a flight problem with a number for the accommodation helpline that only deals with accommodation problems. gee thanks doubly so.,1,2026-08-11T13:15:25.000Z,Negative
Booking.com,Travel,Great Experience,"I love booking because I'm feeling much safer when I travel with them. I had an issue when my accommodation was awful, and they found me another one in less than 2 hours, which was 2 stars above what I booked.",5,2026-08-11T13:04:27.000Z,Positive
Booking.com,Travel,LIARS!!!!!,"I have been using booking for leisure and business trips since ages. However, I have noticed recently that they massively dropped their standard, to the point that they are useless on something that we have confirmation. My last experience was by the end of July when we booked 2 apartments in the same block in April 26. Then the property manager upon arrival informed us that our apartments are within 30 min walking distance from each other, you can imagine how painful this was. Furthermore an manager from booking over the phone (I have the record call) promised to refund 10% of the total cost in the same credit card where we made de payment. Liars! At this point they credited the refund into the account of the person who made the booking and they are not willing to refund the money aa promised. THIS IS UNACCEPTABLE, YOU CAN KEEP YOUR MONEY WE ARE NOT USING YOUR APP OR WEBSITE ANYMORE! LIARS!",1,2026-08-11T13:01:59.000Z,Negative
Booking.com,Travel,Booked a pet friendly hotel in Brisbane…,"Booked a pet friendly hotel in Brisbane , paid the full amount to booking.com.After driving close to 9 hours arrived at the hotel and was told there were no more pet friendly rooms available.They (the hotel) showed messages that were sent to booking.com abut my pet dog, but those messages were never forwarded to me.So the hotel did not reserve a pet friendly room for me.I had to book another hotel at 10pm( this time I did a direct booking with the hotel). Was very difficult get hold and to talk to customer service and they assured me that I will get a refund but 1 week later still no reply.Do your selves a favor and book directly through the hotel websites to avoid being stranded with no refund.Will never used booking.com again",1,2026-08-11T12:49:59.000Z,Negative
Booking.com,Travel,Rogue website,"Rogue website, sold an insurance that was not accepted by the car hire company, no refund process! Sold I room that was unusable, so had to rebook at own expense.. no refund. Too late to see the reviews... If you try to connect for a refund, it says tech issues, and disconnects. Why are these traders not blocked from trading..?",1,2026-08-11T12:25:39.000Z,Negative
Booking.com,Travel,Wide of the mark,"It’s just an inaccurate site. Totally misleading. Searching for a stay in the Peak District, most of the options provided were Manchester, Sheffield, Rochdale, Congleton, etc. None of them in the right area. Leas than 10% were actually in the Peak District. What’s the point in that? I wanted to email Booking.com to raise a complaint and they make it impossible for you to contact them. Here’s a bit of advice Booking.com - try putting the customer first in all you do. And anyone thinking of booking through this site, always check the individual property site because it’s invariably cheaper.",1,2026-08-11T12:04:21.000Z,Negative
Booking.com,Travel,Hotel did not exist - nobody cared,"I booked a hotel in London. After looking for more information about it online and found none I investigated further. I found clear evidence that this hotel did not in fact exist - the location given was a pub, none of the contact details worked, the photos did not match the given (spurious) location. This was The London Crown near Tower of London which offers apartments. I reported this to booking.com and they said they would contact the property. They did and got no response. No further action was taken. I raised it again and they contacted the property, received no response and did nothing. I raised it a 3rd time (by this point two reviews of hotel reported it as a scam) and asked for a refund. They said they were still investigating and would not provide a refund at this point - this was for a booking in 3 days time for my family. When I went to question this the agent closed the chat. Investigating further, I found a few similar properties in the London area on booking.com - apparently good quality properties at low prices in good areas but with no online presence. I would definitely not use booking.com again (this was my first booking through them) as clearly they do not vet properties rigorously and listings cannot be trusted",1,2026-08-11T12:01:47.000Z,Negative
Booking.com,Travel,3 Months No refund No proof and rude customer service,"Title: 3 months, no refund, no proof, and rude customer service I booked a flight through Booking.com which was cancelled by the airline (Air Tanzania). It has now been over 3 months and I still have not received my refund. When I contacted customer service to ask for proof that the airline is even processing the refund, I was told they ""cannot provide any proof"" and my chat was disconnected without resolution. I was spoken to rudely and given no clear timeline, no documentation, and no accountability. For a company that takes payment instantly, this level of delay and lack of transparency for refunds is unacceptable. I would not trust Booking.com with a cancelled flight again — once something goes wrong, they offer no support and no evidence of progress. I am now escalating this through consumer protection channels since Booking.com support has failed to resolve it.",1,2026-08-11T11:02:19.000Z,Negative
Booking.com,Travel,Awful costumer service,"Awful costumer service I have tried many several times to cancel my hotel bookingnumber 6678518214 but it seems impossible. I have called and got a number to a Danish agent who never answered og called back. I have wrote mails too but nothing worked. When everything goes smooth, it's OK to use booking.com but when things goes wrong you get no help from a person, only a machine who don't understand what you are saying. Don't use this company....",1,2026-08-11T10:56:38.000Z,Negative
Booking.com,Travel,0----rating,"0----rating! ABSOLUTELY ATROCIOUS customer service. I have used the site many times before to book accommodation which has been fine. On Saturday I booked a hotel in Copenhagen and was offered flight through the site so I booked them. I then got a message stating 'your booking is pending airline confirmation'. This was over 48 hours ago and I have tried to contact Customer service several times but their AI bot cannot help with flight bookings. Absolutely no humans to talk to, no way of contacting them on the phone about a flight booking and the email responses ask for more information (that is already in the email) and then don't come back to you. I have no idea if I am booked on a flight or not as money still pending in my account. Stress and time wasting chasing I could do without. I will never use this site again. Its scandalous!!!!",1,2026-08-11T10:55:34.000Z,Negative
Booking.com,Travel,Never ever ever book a car rental via…,"Never ever ever book a car rental via Booking if you depend on others to arrive on time to pick up your rental. My flight was delayed by 3 hours and I arrive a little for pick up time I had selected. I had of course added my flight number to the booking so they would have known this but irrelevant. I was not given the car I had booked and paid for, on a 7 day booking. I have used Booking many times for hotels and when I saw the car rental option on the app thought of trying it. DON’T, save yourself a huge headache. The car rental company in this case was Budget via Booking. You cannot use their phone number for help as you are not a direct customer and Booking will just talk of Terms and Conditions and refuse to help. Consider yourself stranded. Budget saying they can’t release the car which is in the carpark on a 7 day rental as the “system” is now blocked from them releasing it as I was late. I had to pay for a whole new car rental booking! A total disgrace. The feeling that the two companies are colluding to rob you. A tip for Booking contract lawyers, next time you discuss this kind of thing with your external suppliers (in this case Budget) include a customer service representative in at least one meeting. Someone who has a heart as well as a brain. It’s not right what you are doing, tantamount to theft.",1,2026-08-11T10:17:02.000Z,Negative
Booking.com,Travel,Very disappointed with Booking.com’s…,"Very disappointed with Booking.com’s Price Match Guarantee. I found the exact same holiday home, for the exact same dates, on the property management agency’s website for approximately €550 less. I still chose to book through Booking.com because I have used the platform for years and trusted their advertised Price Match Guarantee. I submitted a price match claim, but Booking.com is now refusing it because they say the property is “no longer available” on the other website. But this is ONE holiday home — not a hotel with multiple identical rooms. Of course it is no longer available for the same dates once it has been booked! This makes absolutely no sense. If Booking.com requires a unique property to remain available after it has been reserved in order to honour a Price Match claim, then how is the Price Match Guarantee supposed to work for holiday homes with only one unit? The price difference was around €550. Had I known Booking.com would handle the claim this way, I would simply have booked directly with the property management agency and saved €550. I chose Booking.com specifically because I trusted the platform and its Price Match promise. Unfortunately, this experience has seriously damaged that trust. I would like Booking.com to properly review the evidence and honour the Price Match Guarantee they advertise.",1,2026-08-11T10:15:30.000Z,Negative
Booking.com,Travel,Ignored multiple times and not assisted with evidence for chargeback,"Ignored multiple times. Requested transcripts to initiate chargeback with my bank after waiting over a month for them to pursue a refund from a scam account. Currently €500 out of pocket and not hopeful of getting it back... On hold right now for so long that the music has stopped and the agent seems like they have just abandoned the call. Ridiculous services. I understand that booking is a tempting platform for people to use but my god tread carefully, if anything goes wrong you are not only on your own, but you will be denied the the help andf support you need to be able to resolve your problems through alternative avenues. I'm tech savvy and have never been burned like this before- the listing had 300 positive reviews but they cancelled on the day I was arriving. It now appears that booking allowed a scam account to carry this out and have not done anything to help at all. Can not recommend. Will avoid in the future as much as possible. Will encourage others to avoid as much as possible.",1,2026-08-11T09:59:37.000Z,Negative
Booking.com,Travel,Straight Robbers,"Do not ever think about rent a car from this website.I did and lost 130 euros.I wanted to rent a car from brussels airport from Hertz by using booking.com.I want to meet my parents with this rented car and made plans.But surprise, because the lack of information that booking.com provides during the rental process in their website, my money has been wasted.Hertz company allows to rent the cars to whom has the flight tickets only.That is another bulshit decision but booking.com must inform you during the rental process or must make you enter the flight informations before the final payment section.That's exactly called modern robbery.Never ever suggest anyone to rent a car from this scammers.",1,2026-08-11T09:07:52.000Z,Negative
Booking.com,Travel,Very Poor Customer Service,"The customer service is terrible. I called them regarding an issue, and they said they would call me back, but there was no follow-up and no action taken at all. It feels like they cannot help with anything and simply keep asking customers to wait without actually resolving the problem. Very disappointing experience and definitely not the level of customer service I expected. I would not recommend booking.com based on my experience.",1,2026-08-11T08:18:10.000Z,Negative
Booking.com,Travel,Terrible customer service,"We booked an accomodation on booking.com. There were red flags from the time we checked in that we gave the host the opportunity to fix (such as no shower curtain, or towles), but ended up having to leave the accomodation becuase of safety concerns. We immediately reported this to booking.com, and booked a replacement accomodation through booking.com on the check-in date. When booking.com was made aware of this, their response was that since the booking was non-refundable, and the host didn't want to provide a refund there was nothing they could do. They clearly did not care about our experience, or remedying these issues to save futre guests the same experience of finding a replacement accomodation at midnight in an unfamiliar city. I would not book again through this site.",1,2026-08-11T04:52:29.000Z,Negative
Booking.com,Travel,My experience with Booking.com was very…,"My experience with Booking.com was very disappointing, especially when it came to customer service after booking. I had a very simple issue with the passenger’s name — just one incorrect letter. I contacted the airline, and they told me that the correction had to be handled by Booking.com because the ticket was booked through them. When I contacted Booking.com, they told me to contact the airline instead. I was basically sent back and forth between Booking.com and the airline, with neither side taking responsibility for resolving the issue. The problem itself was very simple, but the lack of support and the poor after-sales service made the situation extremely frustrating. Based on this experience, I would not recommend booking flights through Booking.com, especially if you may need any assistance or changes after making the booking.",1,2026-08-11T03:53:24.000Z,Negative
Booking.com,Travel,Zero support when problems arose en route,"Booked an accommodation through Booking.com and paid fully in advance. When issues arose while we were en route and the accommodation turned out to be unreachable by phone, we immediately contacted Booking.com customer service for mediation and assistance. Booking.com simply stated they could do nothing for us and merely referred us back to the unreachable host. As a result, we were left entirely on our own while traveling and were forced to incur additional costs for alternative lodging ourselves. Terrible support in emergency situations.",1,2026-08-11T03:12:12.000Z,Negative
Booking.com,Travel,I was about to complain about support…,I was about to complain about support issue... But when I see how little they care about these countless bad reviews... I will go 100% Airbnb next time. Never again.,1,2026-08-11T03:05:11.000Z,Negative
Booking.com,Travel,My insurance claim and account was deleted - lost $488,"I used booking.com and agreed to their insurance option while travelling to europe. Long story short, I got charged by the rental car company regarding a slight scuff mark that they called graffiti. It was equivalent to $488 Can. you have to pay and then complete the insurance claim online through booking.com. I completed it, they website said my claim was approved. I receive my funds,.... I went to follow up and my whole account had been deleted. They dont even have record of me anymore. I emailed customer service and they initially responded to find out the issue. Once I explained everything in detail....crickets....they stopped responding to me all together. Like, this is scam behaviour. I paid for a service, followed their procedures, was awarded an approved claim submission and then all of my information got deleted.... what does a person do in this situation... so I'm out $488 Can plus the original rental and insurance cost I paid.... I would never use their services again and I will always pass on to others to never use them. Go directly to the car service.",1,2026-08-11T02:57:07.000Z,Negative
Booking.com,Travel,Left Stranded while Booking.com and priceline pointed the finger at each other,"I booked a cottage thru Priceline who without my consent partnered with booking.com. Priceline said I had a reservation that was partially paid for and confirmed it with me one week before the trip, but booking.com said they sent me emails that I did not receive nor would I know I had to look at them because as far as I knew - I booked and paid for it thru priceline. PRiceline said I had to call booking.com and booking.com said I had to call priceline and they both left an older women stranded in a foreign country without trying remotely to find her a place to stay. #Hey just kept pointing at each other. NO ONE CALLED ME !!! IT was just cancelled.",1,2026-08-11T01:28:40.000Z,Negative
Booking.com,Travel,Very poor customer support,"Very poor customer support. We have an urgent problem with our accommodation, but Booking.com is not providing any real assistance. There is no live agent available, only an AI assistant, and nobody is actually resolving the problem. We are currently stuck with an accommodation issue and cannot get proper help. Extremely disappointing service",1,2026-08-11T00:10:52.000Z,Negative
Booking.com,Travel,The last hotel I booked looked was a scary place…,"The last hotel I booked looked great it was awful, it was a hotel that housed immigrants, the room was incredibly tatty and dirty, and they charged us 125.00 it was the heathlands hotel in Bournemouth booked by us Saturday the 8th of August we booked in and booked out in 5 minutes, then could not phone them or message them watch out you may be booking into a really bad hotel, they do not check their hotels if they did they are really bad at checking them this was really really very very bad and scary.",1,2026-08-10T23:16:09.000Z,Negative
Booking.com,Travel,Double Booking Issue,"Somehow booking.com made a double booking of two rooms in Anchorage, Alaska. I was not aware of this and never received an email about the second, duplicate booking. Bottom line is I got charged for rooms I did not reserve ($860). The booking.com customer service was hard to get in touch with and not helpful at all. I had been using them for over 20 years, but after this incident i will never use them again.",1,2026-08-10T23:05:49.000Z,Negative
Booking.com,Travel,Unethical and untrustworthy,"I booked airfare for travel on Iceland Air through booking.com under a policy that allowed for changes of my flight. I tried to make a change, but booking.com said they had a system error and couldn’t make the change. When I pressed for resolution, they blamed the airline, saying they wouldn’t allow the change - which was blatantly false. I had confirmation from the airline that the change was allowed and that booking.com could make it for me. Booking.com asked me to get this permission from the airline - and yet, after providing it, they still refused to provide any resolution to not being able to make the change. Ultimately, I was unable to change my flight and lost over $3,000 for a flight that no longer works for me. I will never use this site again and would recommend others don’t either.",1,2026-08-10T22:07:08.000Z,Negative
Booking.com,Travel,"Six-month delay for a ~£3,000 refund","Six-month delay for a ~£3,000 refund. The airline officially confirmed they transferred the funds to Booking.com months ago, but Booking.com has failed to pass them on to me. I have initiated approximately 20 customer support chats with no resolution. Phone lines are either non-functional or left unanswered. Whenever I ask direct, hard questions, representatives abruptly terminate the chat session. Promised follow-up emails never arrive. I am at a complete loss as to how to recover my money from this company. I'll be requesting the company looses the right to trade in UK. I'd welcome there reply to this.",1,2026-08-10T21:59:52.000Z,Negative
Booking.com,Travel,Booking.com Has Failed to Return My…,"Booking.com Has Failed to Return My Money for Months I am extremely disappointed with how Booking.com has handled my refund. I have been calling them for months trying to get money returned to me that I am owed. Booking.com told me they needed different banking information in order to process my refund. I provided exactly what they requested, yet months later I still have not received my money. I have contacted customer service repeatedly and have been given assurances, but there has been no actual resolution. I should not have to spend months making phone calls and chasing Booking.com for funds that should have already been returned to me. I am sharing my experience so other travelers are aware of what I have gone through. I am asking Booking.com to stop delaying this matter and return my money immediately. Until this is resolved, I cannot recommend Booking.com based on my experience .",1,2026-08-10T21:51:16.000Z,Negative
Booking.com,Travel,The Bookings app filter shows Fox car…,The Bookings app filter shows Fox car rental in the Orlando International Airport and it is definitely not. Necessary shuttle ride to a sketchy location that caused extra time both ways and frustration. Will not be using Bookings again and would not recommend.,1,2026-08-10T21:44:59.000Z,Negative
Booking.com,Travel,Scam,I had booking with booking .com and room was not up to standard then because I did buy insurance with booking .com I try to contact them they ware making excuses for refund my money kept me on hold for 3+ hours then hang up tried many times but couldn’t get any response from them AVOID AVOID AVOID AVOID I WOULD LIKE TO GIVE -0 star but had to give one AVOID AVOID AVOID AVOID AVOID AVOID AVOID AVOID AVOID AVOID AVOID AVOID AVOID AVOID AVOID AVOID AVOID AVOID AVOID AVOID AVOID AVOID AVOID AVOID AVOID AVOID AVOID AVOID AVOID AVOID AVOID AVOID AVOID AVOID AVOID AVOID AVOID AVOID AVOID AVOID AVOID AVOID AVOID AVOID AVOID AVOID AVOID AVOID AVOID AVOID AVOID AVOID AVOID AVOID AVOID AVOID AVOID AVOID AVOID AVOID AVOID AVOID AVOID AVOID,1,2026-08-10T21:34:39.000Z,Negative
Booking.com,Travel,Censorship,"From my perspective their biggest fault is that they censor negative reviews on their members. A couple of years ago I gave a very negative (but objective, and absolutely polite) rating on a hotel which level was horrible, and which room had just NOTHING to see with the photos on Booking's website; they kept my vote (2/5), but cut and trasformed completely my review so that it looked like an almost good one, instead of the terrible one it was meant to be. Seriousness is something else again.",1,2026-08-10T21:31:31.000Z,Negative
Booking.com,Travel,What a joke,What a joke. They cancelled our trip with no notice. They actually double booked us. Do not use them. Absolutely useless 😑,1,2026-08-10T20:50:31.000Z,Negative
Booking.com,Travel,Lying scammers using artificial…,"Lying scammers using artificial intelligence. On August 8, 2026, I booked an apartment in Karlovy Vary. The money was debited from my account, but I did not receive any confirmation, PIN code, or other documents from Booking.com. No booking information appeared in the app either. Despite the fact that these liars claim their Customer Support operates 24/7, I received no response to my numerous inquiries over the course of three days. Instead, I received two emails titled “New Information Regarding Your Request,” which read verbatim: “Dear Guest, Greetings from the Booking.com Customer Support team. We’d be happy to assist you with your reservation, but first we need some additional information from you. Please reply to this message with as many details as possible, including: • Confirmation number and PIN: • Email address (used for the booking): • Name and location of the property: • Check-in date and check-out date:"" It seems that Booking’s customer support not only can’t read but also can’t distinguish between letters at all. Because I’ve sent them all this information at least four times in my inquiries. Moreover, I repeat this information in my replies to emails from Booking. And I receive the response: “Address not found. The message was not delivered because the address cs-noreply-booking.com was not found or does not accept incoming emails."" In other words, my money has been successfully stolen!",1,2026-08-10T20:35:31.000Z,Negative
Booking.com,Travel,"Purchased two meals not used, no response from company.","Purchased two meals for Hard Rock Cafe "" guitar menu "" in Atlantic City thru Booking.com for $82.06. Didn't like the menu, so didn't use the voucher. Hard Rock Cafe couldn't cancel the voucher. I was unable to cancel thru Booking.com. was charged on credit card, disputed the charge and they said i used the voucher. No refund at all, no contact with Booking.com at all. Don't waste your money on this company.",1,2026-08-10T20:23:39.000Z,Negative
Booking.com,Travel,customer support doesn't exist here,"Their rating 1.5/5 on Trustpilot is well deserved. Customer support does not exist here at all. It took me more than a month to find a solution to my case. It was a straightforward case, but since their support never cared, I had to waste so much time with them. I was on twenty very long calls with them. Maybe even more than 20 calls. Long story short, stay away from booking.com.",1,2026-08-10T20:16:43.000Z,Negative
Booking.com,Travel,Misleading and illegal,"Appalling customer service. Illegal practices. Completely misleading. I've now had a holiday ruined by Booking.com and lost hours of my life trying to complain and get my money back. I put a complaint on line which was ignored, then a formal complaint. They said they were refunding me but after 3 hours today that's not true and they have removed all traces of my complaint from their on line system. They are completely unprofessional, illegal and misleading. I'll never use this company again. I'll be persuing through the courts.",1,2026-08-10T19:50:08.000Z,Negative
Booking.com,Travel,Scam with no refund,Do not book with this company they sell accomadation that does not exest and they make it so had for you to get a refund. Keep asking for more information.i booked with you so why are you not giving me my money back.we had 4 familys turn up to the same accomadation as us to a sign on wall in rome to say it was a scam. Shame on you booking .com for not looking after your customers,1,2026-08-10T19:46:00.000Z,Negative
Booking.com,Travel,A robber company,A robber company Customer service is to responding after week and even they respond can't help you with anything i booked an attraction ticket than i cancelled in less 10 minutes to purshase another tickets with different options they cancelled the tickets with no refund,1,2026-08-10T18:43:44.000Z,Negative
Booking.com,Travel,Booked a rental car through Booking.com…,Booked a rental car through Booking.com and received an email 1.5 hours before collection saying no car was available and would we like to go on a waiting list. Given we are only here for a short time and not centrally based that was simply not a sensible option. If booking.com can't even deliver bookings then what is the point of them.,1,2026-08-10T18:42:23.000Z,Negative
Booking.com,Travel,Basically a scam,"Customer Service is abysmal. I tried to book an international flight, I was charged but the flight was not booked. I was then informed that the order failed, with no explanation given as to why, and that I had to wait up to three days for a refund. I will never use their services again.",1,2026-08-10T18:37:08.000Z,Negative
Booking.com,Travel,Absolutely frustrated by their lack of…,Absolutely frustrated by their lack of customer service. It’s really disappointing as I like it at a booking tool. I haven’t been able to speak to a human on the phone only a human in live chat who hasn’t been able to resolve my issue. The company doesn’t seem to care whether issues are resolved or not. Asked to speak to a manager and that wasn’t possible. There is absolutely no accountability or care. I will now need to start looking for a booking site with more personable and effective customer services.,1,2026-08-10T18:27:42.000Z,Negative
Booking.com,Travel,I booked hotel with family I also added…,I booked hotel with family I also added breakfast got there and hotel refused breakfast booking.com messed up ended paying for breakfast and still ain’t paid by booking.com thief’s stay away.,1,2026-08-10T18:14:42.000Z,Negative
Booking.com,Travel,Waiting on a refund for a smelly…,Waiting on a refund for a smelly propeety on tje site. Casa collection in kotor bay. Comokete scam everyone is lying the casa collection and booking. I want my refund!!!,1,2026-08-10T17:44:20.000Z,Negative
Booking.com,Travel,Rented a car,"Rented a car, when we got their they couldn’t charge our card for the deposit or any of the 5 cards we had with money on. So they cancelled our car but no refound from the booking.com where we paid for the car . Ended up paying for 2 cars. I will never use booking.com again.",1,2026-08-10T17:41:48.000Z,Negative
Booking.com,Travel,Booking.com is the most terrible site…,"Booking.com is the most terrible site to book anything. There are no contact numbers to reach them. I needed to change my flight booking. There are no phone number and the manage my flight tab on the app is not responding. Hundreds of pounds lost. Never use them, scam,scam,scam",1,2026-08-10T17:41:38.000Z,Negative
Booking.com,Travel,Booking.com's customer service is appalling,"Booking.com's customer service is appalling. Following a major problem in Seoul for which Booking.com is responsible, I sent numerous emails and a detailed letter to Booking.com Amsterdam on 25 March 2026. As of today, 10 August 2026, I have received no acknowledgement of receipt and no reply. It's appalling. I will never use Booking.com again. If you have a problem with Booking.com, you're completely on your own. Fernand (CH)",1,2026-08-10T17:38:51.000Z,Negative
Booking.com,Travel,Booking.com is not safe does not have customers' backs,"Someone logged into my account and made a booking in Dubai using my credit card. I contacted Booking.com Customer Services by phone, as chat and email were not available, and was only able to talk to a person after talking to an AI agent (!!?!) and being put on hold for several minutes. When a human finally picked up they said the booking was non-refundable so all they could do was contact the property and ask them to 'open an exception' and issue a refund!!?! Booking.com should not only cancel this booking and issue me a refund, they should pay me compensation. To make matters worse when I tried to change my account password I discovered that Booking.com changed the settings on my account to no longer request a password or passkey, making it more vulnerable to invaders. The other issue I'm having now is that I cannot contact customer services to make a complaint and request that they change the settings on my account to make it more secure.",1,2026-08-10T17:29:07.000Z,Negative
Booking.com,Travel,"Dirty, nasty, scam site","This is a dirty, nasty scam site. Rooms are clearly listed at a particular price. When you go to checkout, it will still clearly be that price. The Booking.com UI/UX team have made it look like the price you will pay. But in the small print, will be the actual price. My room was almost double the price I thought I would pay and I didn't know until I actually paid. Then to cancel would cost almost the full price. Then the customer service live chatters have been trained to communicate with you very slowly, hoping that you give up. This is complete and utter deception. You were able to scam me this once and get away with it, but now I'll never go near your site ever again. It's just such a dumb way to conduct business",1,2026-08-10T17:12:42.000Z,Negative
Booking.com,Travel,Horrible customer service don’t ever…,"Horrible customer service don’t ever get a flexible flight ticket with them, they will delay it for days and find the most expensive flights",1,2026-08-10T17:11:09.000Z,Negative
Booking.com,Travel,Original booking for property was…,"Original booking for property was unexpectedly cancelled. As a gesture of goodwill, booking had offered partial refund. Receipt of an alternative booking for the same period needs to be uploaded to provided link send in an email. Guess what, link does not work. If you try to contact them, AI agent picks up - no other alternative. Since it's useless, it directs you to send message to customer service - but guess what, message cannot be sent. Then it offers you to call customer service, but less that 1min into the call, it drops it. I tried multiple times, every time it ends the same - you simply cannot contact anyone. God forbid you have mayor issue with accommodation/booking - you will not be able to contact a living soul or resolve anything. Probably you will have to say goodbye to your money or take them to court. In any case, you lose.",1,2026-08-10T16:55:38.000Z,Negative
Booking.com,Travel,Scams money,"Scams money, not reliable website to book flights, Easyjet is way better. Does NOT do refunds, after scamming. DO NOT TRUST THIS WEBSITE",1,2026-08-10T16:48:55.000Z,Negative
Booking.com,Travel,Don’t need to rent a car thru booking.,Don’t need to rent a car thru booking.. learned the hard way. When I arrived at the car rental company. I didn’t have all my docs and the kind agent said to me that he cancelled the reservation and I wouldn’t be charged.. he referred me to his neighbours and ended up with the car. Booking charged my CC and refused to refund me. Greed!!! I agree that I booked but since no payment was made to car company charge a fee but don’t keep it all.. RENT DIRECTLY WITH RENTAL CAR CO…,1,2026-08-10T16:42:58.000Z,Negative
Booking.com,Travel,Purchased several flights through…,"Purchased several flights through booking.com. One with Animawings and the other one with flyone europe. both scam airlines. flights were paid in full then cancelled without notification neither through booking nor directly. booking.com is washing their hands sending me to deal with the airline which does not respond nor intends to refnd the money. Booking.com is gone down big time becoming unreliable and untrusted, disloyal service provider. Thank you booking.com for treating a 20 yr customer with the outmost disrespect",1,2026-08-10T16:22:15.000Z,Negative
Booking.com,Travel,Sharing my true experience,"Sharing my true experience, help ppl understand this company. I made a hotel reservation on booking.com in May 2025. On the webpage, it showed booking was successful. But after that I never received any notification(email/text) to confirm. But transaction was posted on my card. I reached out customer service and they said I cannot get refund. I had to go through the dispute process which took more than two months to get my money back. It’s wasting time and worst experience. I will never use it again.",1,2026-08-10T16:01:02.000Z,Negative
Booking.com,Travel,Downgraded to a cheaper room but…,"Downgraded to a cheaper room but overcharged by £585Booking.com's handling of our trip was completely unacceptable. Our original luxury apartment booking was double-booked, forcing us into alternative, much cheaper accommodation.Despite being downgraded to a lower-quality property, we were still overcharged by £585 compared to what the cheaper stay actually cost. Booking.com effectively kept our money for a luxury experience we never received.When I raised a complaint about this massive price difference, customer service refused to refund the £585 we were owed. Instead, they only offered a standard 10% compensation. This is a complete scam. They allowed a double booking to happen and then kept our money for a cheaper room. Avoid booking with them.",1,2026-08-10T15:42:47.000Z,Negative
Booking.com,Travel,Fraud,"I booked a reservation through booking.com, only to find out that it was fraudulent 4 weeks before travelling. I contacted them to ask if they could confirm and they continuously told me it was ok. I carried on looking only to see more than 30 people writing that itnis fraud and that they turned up in Rome to no accommodation. Despite this, booking.com told me it was fine and then when I went then screenshots they told me that the reservation was cancelled. I am now 6 days away from travelling and finding it impossible to find anything within the same budget and that has space and they will not respond to my emails",1,2026-08-10T15:29:26.000Z,Negative
Booking.com,Travel,Booking appear to have been hacked as…,"Booking appear to have been hacked as I've now had two separate set of spam text messages with the full booking details, reference numbers etc. in. Made a GDPR complaint to them multiple times which they have not responded to, and keep asking for the same details over and over, and then I get no reply when I send them. Emails from customer service are sent from a no-reply email address which is nonsense. Will be making a complaint to the privacy regulator.",1,2026-08-10T15:16:20.000Z,Negative
Booking.com,Travel,We book this hotel and when you get there to found out the hotel doesn’t exist,"We book this hotel and when you get there, they don’t exist. The building is there, but not the hotel. After 8h travel, I found myself with my son and my wife in the street. The first customer service assistant was telling me to no worry about because they will giving us another place to stay but they need contact the hotel to confirm what I said is true. Well the end is I need to booked another hotel my self and paid for it now I trying get a refund for about 3 weeks. Booking.com did nothing to help us. They are still doing nothing to make the situation fair. Don’t trust booking.com. We were blessed to find another hotel ourselves and enjoyed a bit of our holiday. Please avoid using booking.com.",1,2026-08-10T14:55:33.000Z,Negative
Booking.com,Travel,Company has no integrity,"Company has no integrity, willingness or ability to help. Sadly we did two car bookings of which neither work out. We tried to change the driver and they said only way to do it is to cancel whole booking with partial refund and rebook. They took so much of our money and didnt help with anything :( if there is no relationship with the rental company they should not do business together. This should be a very small change. I feel robbed of £500. Such a small change should not cost so much money :( we will never use them again",1,2026-08-10T14:21:09.000Z,Negative
Booking.com,Travel,The perfect robbery… in plain sight,"If i could i would have given no stars! Tried to book a hotel for a specific date but at the time of booking the platform automatically changed the date ( may be because my date was not available) and I didn t notice when I paid. I realized the error a few minutes later when i received the confirmation and tried to cancel right away. Only to receive error messages. Called the hotel who refused to cancel, contacted booking who said to contact the hotel, finally got an address to write to for My claim that returned undelivered! Now I am trying to remove all my databfrom Booking….IMPOSSIBLE! I feel I have been robbed, i feel trapped and will never ever use the platform again! It costed me $600! Is there a place that can stop these practices?",1,2026-08-10T13:10:59.000Z,Negative
Booking.com,Travel,Dont ever booked flexible flights add…,Dont ever booked flexible flights add on with booking.com The customer service is seriously so bad but asking them daily to change my flight with nothing being done then 7 days later I get a call and the flight had doubled within that time. Honestly would never book flights with them again,1,2026-08-10T13:09:50.000Z,Negative
Booking.com,Travel,I would avoid this company at all…,"I would avoid this company at all costs. A phishing link was sent to me through Booking.com's own messaging system, and it took me finding the evidence myself to get anyone to act I booked a London apartment through Booking.com for August. After I confirmed the reservation, a message came through Booking.com's own platform directing me to an external website to enter my card details. Booking.com's published guidance is that they never ask guests to do this. What I then found, entirely on my own: 1. The contact number given for a London property was a US number. 2. The host did not respond for four days, not to my messages, not to Booking.com's messages, and not to a phone call Booking.com made to them. 3. The address given for the apartment is a pub. There is no apartment there. 4. The Booking.com listing page for the property is titled as a holiday cottage in Somerset, not the London apartment I had booked. None of this was flagged by Booking.com. I found all of it. One agent even told me the property was legitimate with strong reviews, apparently reading review history that had nothing to do with what I had booked. The support experience was worse than the fraud: 1. I was given three different timeframes in a single day. First 48 hours, then three hours, then no timeframe at all. 2. A live chat was closed on me while I still had unanswered questions. 3. One agent confirmed in writing that relocation would be arranged free of charge. A second agent confirmed relocation was guaranteed. A third then told me the approved support was €25. 4. I was told Booking.com would not book replacement accommodation directly, and that I should fund a replacement myself and claim back afterwards. 5. The alternative eventually offered was student accommodation in zone 4, priced below my original booking so that Booking.com contributed nothing at all. 6. Any shortfall would be paid as Travel Credits to spend with Booking.com, not as money. Fraudulent listings appear on every large platform. That is not the problem. The problem is that a phishing attempt was delivered through Booking.com's own systems, that the listing did not match its own page, that none of it was detected until a customer did the work, and that the response was to offer €25 and a suggestion I pay for it myself.",1,2026-08-10T12:57:33.000Z,Negative
Booking.com,Travel,No contact number they take your money…,No contact number they take your money and will not talk to you wtf,1,2026-08-10T12:35:03.000Z,Negative
Booking.com,Travel,Left customer high and dry,"These guys are crooks, they work hand in hand with Hotels to rip you off. I had a prepaid booking, but my travel plans were disrupted due to airline cancellations caused by airspace closure, completely outside my control. Since 17 March, nearly 3 weeks before our stay, I have been trying to cancel this booking. I contacted the hotel multiple times via Booking.com messages, followed their instructions to submit cancellation requests twice, and even attempted to call and message them on WhatsApp. Unfortunately, there has been no proper response or resolution. No one answers the phone mentioned on Booking.com or their google page. No response on WhatsApp. The hotel’s communication is extremely poor. They respond initially with instructions but do not follow through or respond after you complete the required steps. It feels like being ignored. There was plenty of time for hotel to cancel booking and make rooms available to other potential customers. Given the exceptional situation, I expected at least some level of understanding or support, but instead faced silence and delays. This has been a very frustrating experience, especially considering the amount paid. I would not recommend this property based on their lack of customer service and responsiveness. Booking.com was absolutely useless, telling me again and again to directly deal with Hotel, while hotel staff says to directly deal with Booking.com. Both sent me in circles. Booking costed me AUD 4080+.",1,2026-08-10T12:24:57.000Z,Negative
Booking.com,Travel,Fraudulent selling tactics,"Fraudulent selling tactics. The listing claimed it was an entire place with a private kitchen, but it turned out to be a shared apartment with no cutlery, a smelly room, a dirty washroom, and no toilet rolls. Additionally, there was no fan during the summer, and I received no response from the contact number provided. When I complained about it to booking.com they just added approx £8 to genius account. I wanted answer in writing but nothing done. I wanted to know how fraud can be done like this. No reply to online chat for multiple reminders which supposed to answered within 24 hrs as per their automated reply. Tried to contact over phone twice but useless and even dropped the call without any followup. Complete waste of time and money. Even till today that advertisement for rooms with similar fraud information is there on booking.com website. Its is like Booking.com promote/support fraud selling.",1,2026-08-10T12:20:15.000Z,Negative
Booking.com,Travel,Don't use this website,Got a room through them back in June. When I get to the hotel I was told the card they had on file had $804 on it and they needed $96 to complete the payment. After 5 attempts and getting the run around on both myself and the general manager of the hotel. I had to pay extra because they didn't fill the card entirely. And good luck trying to get your money back I filed a complaint and tried for a refund but they don't care. Don't this website don't use it.,1,2026-08-10T12:15:01.000Z,Negative
Booking.com,Travel,Want to be scammed? Use Booking.com,"Booking.com had a data breach months ago, as reported on the BBC in April 2026, with scammers targetting anyone who made a reservation. But they have not fixed this problem. I just received a whatsapp message from a scammer who had my correct name, email address, hotel and reservation details. I didn't fall for it, but will never use booking.com again.",1,2026-08-10T11:49:46.000Z,Negative
Booking.com,Travel,Nightmare for hosts,"For a host, booking.com is a nightmare. We have a private partnership in Greece which is not registered in the commercial register (only at the tax office). For almost 2 years we're struggling with booking.com that they accept our proof of existence. Obviously they want only the business from the large chains and companies. Not recommended.",1,2026-08-10T11:23:54.000Z,Negative
Booking.com,Travel,Do NOT BOOK WITH BOOKING.COM THEY ARE…,Do NOT BOOK WITH BOOKING.COM THEY ARE KNOWN TO TAKE YOUR MONEY AND NOT GIVE U YOUR ROOM . THIS IS THE 2ND TIME ITS HAPPENED TO ME THIS IS A GARBAGE COMPANY! POOR CUSTOMER SERVICE AND THEY WONT RETURN YOUR MONEY RIGHT AWAY EITHER !! EXTREMELY UPSET!,1,2026-08-10T11:14:14.000Z,Negative
Booking.com,Travel,If I could give 0 stars,"If I could give 0 stars, I would. Every time there’s a problem, getting a response is nearly impossible. Extremely frustrating and unacceptable. I had a terrible experience with Booking.com three years ago and stopped using them. This year, I accidentally booked through them again and was quickly reminded why I stopped. Never again.",1,2026-08-10T11:02:19.000Z,Negative
Booking.com,Travel,Terrible customer service,"Terrible customer service. They platform lures you in with offers (free airport taxi for example), they give it to you, but they contain hidden expiry dates that are not well communicated and they don't help you at all if you miss the (hard to find) deadline. Spent over £1,200 with them on a booking which came with a free taxi ride worth £35. They chose to lose my future business over honouring what was promised. Weak performance. Will be booking directly from now on.",1,2026-08-10T10:29:25.000Z,Negative
Booking.com,Travel,A totally unreliable company,"I will NEVER book with Booking.com again! On a recent trip to Malaysia, we arrived at 10.30pm to discover that a message had been sent whilst we were on the plane (I didnt have internet until we reached the city) to say that our room had been flooded by a faulty A/C unit. (I have heard that one before) We managed to find another property, on Booking.com, that was 20 mins walk away at double the price, but since it was already 10.45 by this time, we paid the deposit and walked there with our cases. Once there, we could not contact the owner of the apartment as they kept hanging up when they realised who we were. Eventually we received a message saying they were fully booked but our refund would take 2 weeks. We contacted Booking.com on arrival home in Australia (that in itself took nearly an hour) to say that we had not received a refund and their answer was that it would take another 2 weeks!! They were not interested in the trouble we had had and passed all responsibility on to the owner of the apartment. Terrible customer service, no accountability. I dont know how the business survives! I wish i had read all these bad reviews before booking. They only get 1.5 stars, because the minimum you can give is 1 star. I think there should be an opportunity on Trust Pilot to give 0 stars.",1,2026-08-10T09:45:54.000Z,Negative
Booking.com,Travel,Booking dot com not worth it. No savings,Booking dot com has a decent collection of hotel options. However there are no Price discounts or points gained by using booking dot com regularly. Over this Summer my family and I paid expensive room rates in Canada with several different bookings and there was no discount enjoyed. What then is the benefit of booking dot com ? I think you Are better of adhéring to the hotels directly,2,2026-08-10T09:35:31.000Z,Negative
Booking.com,Travel,Compensation,Just to remind everyone Booking.com will do everything they can to avoid paying compensation. Blaming others and saying go through your travel insurance. For cancellations,1,2026-08-10T09:34:14.000Z,Negative
Booking.com,Travel,wont give a refund,wont give a refund when refund was promised. disgusting filthy company,1,2026-08-10T09:31:57.000Z,Negative
Booking.com,Travel,"Fraudulent Advertising & selling of Car Sizes - Booking.com confirmed a 7-seater, then left my family without suitable transport days before travel","In February 2026 I booked and paid for a car through Booking.com specifically because the car advertised and sold clearly stated “Volvo XC90 or similar – 7 seats.” We are travelling as three adults and three young children, so seven seats were an essential requirement of the booking. Less than one week before our holiday, I downloaded the rental voucher and discovered that Booking.com had changed the reservation to a BMW X5 showing only 5 seats. I immediately contacted Booking.com. Since then, multiple members of their own team have acknowledged in writing that: • My original Booking.com confirmation shows 7 seats. • The vehicle currently associated with my booking is a 5-seater. • They cannot confirm that Hertz will provide a 7-seat vehicle. Despite acknowledging the discrepancy, Booking.com has repeatedly suggested that I: * cancel my booking and rebook at today’s peak-season prices; * contact their supplier in France myself; * or arrive at Marseille Airport with three young children and simply refuse the vehicle if it is unsuitable. None of these is a reasonable solution. I booked six months in advance to avoid exactly this situation. I have now spent many hours speaking to multiple agents, sending evidence repeatedly and explaining the same issue over and over again. Every representative apologises. Every representative agrees there is a problem. Yet nobody has taken ownership or provided a solution. Five days before travel I still have no confirmation that my family will actually have transport capable of carrying all six of us. I have retained the complete documentary evidence, including: • the original 7-seat confirmation; • the later 5-seat voucher; • the full live chat transcript; • and Booking.com’s written acknowledgements that the booking no longer matches the original confirmation. I sincerely hope Booking.com resolves this before we travel. If they do, I will happily update this review. At present, however, I cannot recommend using Booking.com for car hire where vehicle specifications are critical.",1,2026-08-10T09:11:18.000Z,Negative
Booking.com,Travel,Unfulfilled promotional terms and unhelpful support loop (Customer service & Refund),"Customer service & Refund. My recent experience with Booking.com regarding a promotional partnership campaign was very frustrating. After participating in an advertised joint offer during a trip in October 2025, I was promised a benefit to be delivered within 60 days. Today, more than 260 days have passed, and I still have received nothing. When contacting customer support, the process turned into an endless loop. Instead of honoring or resolving the promotion advertised on their platform, the support team repeatedly redirected me back and forth to the partner airline without offering a solution. Communication with their automated and human support felt designed to exhaust the customer rather than resolve the problem. I have my booking references and email correspondence ready to verify this experience. Future customers should be cautious when relying on promotional offers through this platform, as accountability is severely lacking.",1,2026-08-10T09:07:55.000Z,Negative
Booking.com,Travel,The advertised a closed hotel and took…,"The advertised a closed hotel and took payment, looks like the hotel been closed for years its been 2 days and still waiting to hear from customer services",1,2026-08-10T08:50:50.000Z,Negative
Booking.com,Travel,Booking. Com leaking your private details.,"Very, very concerned that Booking. Com is leaking personal details. This is the 2nd time this has happened within six months. Make a reservation, all paid and confirmed. Then get a WhatsApp message with loads of links, theatening to cancel the reservation unless I use the links within 24 hours. Contacted Booking. Com who don't respond for 5 days and when they do respond just say that the information has been passed to another department. Booking. Com is leaking private details about customers...............",1,2026-08-10T08:47:39.000Z,Negative
Booking.com,Travel,Shocking,Shocking. Booked three nights away back in July to go away in August. No email confirmation received. Upon trying to cancel reservation before £307 is taken from my account. I’m lead in circles on their app for help. No help from AI rubbish in their phone line IF you can find the number! 3 weeks I’ve been trying to cancel within this reservation now. STILL no joy. I’ve need had the hotel DIRECTLY contact Booking.com to request it be cancelled in my behalf! Will absolutely never use this service again. Fingers crossed it’s sorted in three days. Or I’ll be taking them to small claims court.,1,2026-08-10T05:01:59.000Z,Negative
Booking.com,Travel,Very bad experience I have boked a…,Very bad experience I have boked a booking for pachmarhi from booking.com they give me confirm booking but when I reached hotel said no bookings all rooms are sold so don’t book any booking from this fraud app,1,2026-08-10T04:22:58.000Z,Negative
Booking.com,Travel,Promoted a rental car company that had…,Promoted a rental car company that had a two hour wait vs all the other companies that were empty. Guessing most people took the sponsored bait.,1,2026-08-10T03:15:32.000Z,Negative
Booking.com,Travel,They hide the total fees our hotel…,They hide the total fees our hotel ended up being $75 more than listed and didn't show up until I hit submit. Tried to cancel right away but they wouldn't even within 1 minute realize if they ripped me off. I am contacting my credit card to file a dispute customer service is a joke,1,2026-08-09T23:05:50.000Z,Negative
Booking.com,Travel,Terrible,"Used Booking.com many times without issue. However, a recent booking in Scotland has caused issues where a hotel has over charged me and is refusing to communicate to resolve the issue having previously agreed to refund me. As a last resort I thought Booking.com may assist as they were to booking agent. How wrong I could be!! Almost impossible to get a human to speak to you then when it appears you have they really are as daft as daft comes and absolutely no help! In future I think I’ll go elsewhere!!",1,2026-08-09T22:00:10.000Z,Negative
Booking.com,Travel,Zero stars,"Zero stars. Had to cancel my reservation three days prior to the trip because I got fired from my job they make you verify your email address and you spin in circles on your phone when you are using a desktop computer they still make you verify it three times until you’re able to access your account. You can see your reservation and they are advertising customer service available, but no one is available when you’re searching the Internet for customer service phone numbers there is one reliable phone number and it takes you to an AI agent that only takes care of hotels and not flights and here we are they send you back to your account. I tried emailing them at the address that was advertised and the emails bounced back.(ref number & booking) I’ve tried 1 million other phone numbers that are advertised on the Internet or given to me in in email for booking however, a lot of scamming agencies reaching out to you trying to get into your email requesting codes sent to your personal email so they can verify your reservation and then they ask you for enormous amounts of money to cancel your booking and you don’t even know if you are reaching a booking certified agent overall experience zero stars I will never book through them again ever again and I will make sure all of my friends know how they operate",1,2026-08-09T21:40:05.000Z,Negative
Booking.com,Travel,Avoid Gotogate by Booking.com at All Costs,"My experience with Gotogate by Booking.com has been one of the most frustrating and stressful travel experiences I've ever had. I strongly advise anyone considering booking through them to think twice. Our Thai Lion Air flight was cancelled by the airline on 3 June, well in advance of our scheduled travel on 2 July. However, we were never informed by Gotogate or Booking.com that our flight had been cancelled. There was no email, no SMS, no phone call, and no attempt to offer an alternative flight or assist us in any way. The only reason we discovered the cancellation was when we tried to complete web check-in before our trip. Imagine the shock and panic of finding out that your flight doesn't even exist just days before your vacation. Because of this complete failure in communication, we were forced to book expensive last-minute replacement tickets, costing us significantly more than what we had originally paid. The worst part began after that. It has now been over two months, and despite countless follow-ups, we have still not received our refund. Every single time we contact Gotogate, we are given the same scripted response: ""We are waiting for the airline to refund us."" They refuse to take any ownership of the issue or provide any meaningful update. To make matters worse, they repeatedly provide incorrect information, claiming that the flight was cancelled on 3 July, when in reality it was cancelled on 3 June. Even after correcting them multiple times, they continue to rely on inaccurate records instead of investigating the matter properly. As the company that accepted my payment and issued my booking, Gotogate/Booking.com should be accountable to their customers. Passing all responsibility to the airline while leaving customers without information, assistance, or refunds is simply unacceptable. Customers should not be expected to bear the financial burden and uncertainty because an intermediary fails to do its job. The entire experience has caused unnecessary financial loss, countless hours spent chasing customer support, and tremendous mental stress. Every interaction has felt like talking to a wall, with no accountability, no empathy, and no resolution. I have completely lost trust in Gotogate and Booking.com for flight bookings. Saving a small amount on a ticket is not worth the risk of being abandoned when something goes wrong. My advice to anyone considering booking flights through Gotogate or Booking.com: Don't. Book directly with the airline or use a travel agency that actually supports its customers. If your flight gets cancelled, be prepared for poor communication, endless excuses, delayed refunds, and zero accountability. This has been one of the worst customer service experiences I have ever had, and I will never use Gotogate or Booking.com for flight bookings again. I will also actively recommend that my friends, family, and colleagues avoid them if they value their money, time, and peace of mind.",1,2026-08-09T20:59:38.000Z,Negative
Booking.com,Travel,Just applied to have all my data…,"Just applied to have all my data deleted under the data protection act uk. Tgey have replied that they will honour the deletion but under Netherlands data protection laws. What booking.com forgets is the fact that when they operate in Britain, they automatically agree to abide by all uk laws yet they trying to hide behind other countries laws as they think they are too big to obey all countries laws they operate in. I advise all uk residents to be wary of using booking.com as they think uk laws are optional not a legal requirement as they forget we are not in the eu anymore.",1,2026-08-09T20:03:33.000Z,Negative
Booking.com,Travel,A great discovery for travel,"I recently found out about booking.(earlier on this year) So far it has been great. I haven’t had a problem and the process has been extremely easy.I have booked for four different areas. Two of those four have been great. The other two are coming up in October and November. I booked for Solvang California, phoenix Arizona, Las Vegas, and Jalisco Mexico. I have even gotten a small discount. I will be back after my next two trips to give an update. Side note I do like that you can leave a review about the hotel stay on their app. **everyone has different experiences, remember to be kind and patient**",4,2026-08-09T19:40:08.000Z,Positive
Booking.com,Travel,The worst customer service support…,"The worst customer service support ever. They hired people in India that could barely speak English. I had been trying to reach customer service to unlock the account for 2 days. Total number of calls were > 10 to no avail. They drop the calls, don’t understand the problem and unable to solve the most easiest things.",1,2026-08-09T19:21:46.000Z,Negative
Booking.com,Travel,Disapointed,"I was a very good client of booking for years. But now I am very disapointed. In the pas, normally we allways got a warning that my credit card will be charged. Just to be sure that you know that you have enough money on it. And also if you want to cancel that you got the warning. But this time they did not send the message. So my booking from januari was canceled by booking. They only send that cancelmail. I was able to book it again as soon as they sent me the mail that the house was canceled. That mail they sent! At the end. The house was 200 euro’s more expensive. And booking charged me also 200,00. So in total 400,00 euro more expensive. I asked Booking to be kind for me, Because it was a mistake from booking. They denied that it was their mistake. So I am genius 3 client. But they lost me. I will never use booking again!! A few years ago the client service was good. But now. Long waitingtimes at the phone. And no mercie. So Booking. Don’t book!",1,2026-08-09T19:01:38.000Z,Negative
Booking.com,Travel,Absolute scam website,"Absolute scam website. While yes, I've booked one or two legitimate stays, last year an apartment we booked took the money from our account, only for booking a few days before our stay to say the booking had been cancelled without going through and we didn't have a place to stay after all. We had to scramble to book a new, worse, more expensive apartment through another site. Since then, for a whole year, I've tried every possible thing to get our money back for the first apartment. The online customer website doesn't work even a little bit, at least if the booking isn't tied to an account. They tell you they have to send a code to your email to verify the booking is tied to the email address, but they never send the code. If you write them an email, you get stuck in a loop of 'please verify your information', but if you do verify it, you get another of the same mail. It's almost impossible to reach them by phone - their waiting loop may randomly end the call or leave you to wait for forty minutes, then tell you they're having a technical issue and hang up. If you do magically manage to reach them, they tell you they'll call you back to verify your number, then don't do that 90% of the time. If you do get that far, they simply lie to you telling you that your money will be refunded, but never do it. If you mention a refund up front, they immediately cite technical issues and hang up. We still don't have our money back and I'm stuck in their horrible, glitchy waiting loop as I'm typing this. There is no way to actually reach them, and at every point you're encountering 'technical issues' that never resolve and keep you from even making an official complaint. Could not recommend in any way, even if we used the site before for years.",1,2026-08-09T18:33:49.000Z,Negative
Booking.com,Travel,Booked what was called cosy 3 bedroom…,"Booked what was called cosy 3 bedroom propert in backworth, Newcastle cost £198. Looked good on booking.com but when arrived it literally looked like someone had been evicted that day. Bins over flowing and unable to shut in front garden. Old discarded clothing in front, dirty, stained carpets and settee not fit to sit on. Items that were shown as hung on walls were just stood on the floor. Inside bins not emptied, found empty cans and uneaten food in bag in drawers where clothes should be stored. Could not stay and so had to book emergency hotel accommodation at a cost of £250. Complained to booking.com and sent multiple videos. Despite that, they refused to refund and when I looked at the reviews for that property on their site, many other people had said the same. Booking.com clearly know this property is unacceptable as they have now removed it from their platform and simply credited my booking.com account by £16. Utterly disgusted by booking.com. if your holiday goes well and you have no issues then you are fine. If you have any issues like I did, tough luck you are on your own. Would never recommend or use booking.com again.",1,2026-08-09T17:20:03.000Z,Negative
Booking.com,Travel,Booking.com abandoned its customers…,"Booking.com abandoned its customers during an extreme emergency I had used Booking.com for many years and made numerous reservations through the platform. However, its conduct during the catastrophic wildfires around Arcachon has completely destroyed my confidence in the company. Our family had booked two rooms near Arcachon Bay. At that time, the area was being affected by some of the largest wildfires in modern French history. Major access roads were closed, mass evacuations were taking place, and the Gironde authorities were asking tourists not to travel to the affected region. Arcachon Bay was effectively situated between two major fire zones. Despite the extraordinary scale of the emergency, Booking.com apparently did not classify the area as being affected by an extreme or emergency situation. It did not issue us any meaningful warning and, when we asked for assistance, simply distanced itself from the problem. The hotel’s position was predictable: it wanted to keep the money, even though no accommodation service was provided. But Booking.com’s attitude towards its customers was truly shocking. Its customer service merely told us that nothing could be done because the hotel refused to authorise a refund. I am certain that our family was not the only one planning a holiday around Arcachon Bay at that time. Booking.com’s failure to recognise the seriousness of the situation and its refusal to provide any meaningful assistance are therefore extremely difficult to understand. Booking.com was perfectly willing to act as an intermediary when accepting the reservation and benefiting commercially from it. However, when a genuine emergency occurred and its customers needed protection, the company simply stepped aside and accepted no responsibility. After many years as a loyal customer, I can only say that Booking.com disgraced itself in this situation. Before making my next hotel reservation, I will think very carefully about whether to use Booking.com again. At the very least, travellers should not expect any real assistance from the platform when something serious goes wrong.",1,2026-08-09T17:18:24.000Z,Negative
Booking.com,Travel,1 Star is too much,"1 Star is too much 15 years ago, 5 years ago 5 days ago it doesnt matter. Booking.com makes sure that you have an hell for an holiday!",1,2026-08-09T17:12:48.000Z,Negative
Booking.com,Travel,Booking.com scam,I use booking.com to book a 5 night stay at The Brooklyn Hotel. I experienced an unexpected family emergency and canceled the non refundable reservation before 24 hours. The hotel kept $897.74 of $1015.19 total. Nearly 90% of my money. Booking.com said there was nothing they can do about it. They advertise this hotel on their site with photo shop pictures. Booking.com is apart of this scam. They get zero stars. I would never book a hotel reservation through them again.,1,2026-08-09T16:48:43.000Z,Negative
Booking.com,Travel,Last minute they cancelled my…,Last minute they cancelled my reservation without reason and without replacing it!,1,2026-08-09T16:34:30.000Z,Negative
Booking.com,Travel,We needed to change a hotel…,We needed to change a hotel reservation. This can be done according to the website. Booking.com said we needed to call the hotel directly the hotel said that booking.com is responsible because it was booked through them. We got charged. It is NOT woth saving a couple of dollars using this company. They are liars and customer service is non existant.,1,2026-08-09T16:33:55.000Z,Negative
Booking.com,Travel,Horrible service and property,"If I could give them less than 1 star I would! 1st, the property they represent at 2500 Pennsylvania Ave (Washington DC) is terrible. Dirty, poorly maintained, and A/C barely working. We we discussed with front desk personnel (who were high and reeked of pot) were not only unhelpful but were rude. When we called Booking.com customer service, they also were completely unhelpful and disconnected the call multiple times. We filed a dispute which they have denied with no means of contacting them. DO NOT USE booking.com.",1,2026-08-09T15:56:38.000Z,Negative
Booking.com,Travel,**Very disappointing experience,"**Very disappointing experience – we will not use Booking.com again** Unfortunately, our experience with this booking has been extremely disappointing. After completing the booking, we repeatedly requested the invoice, but **we have still never received it**. Despite following up several times and providing all the necessary information, the issue remains unresolved. Receiving a proper invoice should be a basic part of any professional booking, particularly when it has been specifically requested. The lack of communication and failure to provide the invoice has made the entire experience frustrating and unprofessional. Based on this experience, **we will not be using Booking.com again**. We expected a much higher level of service and support, and unfortunately, this experience has completely undermined our confidence in the platform. We hope this issue will eventually be resolved, but we cannot recommend Booking.com based on our experience.",1,2026-08-09T15:38:52.000Z,Negative
Booking.com,Travel,Totally unacceptable service,"Totally unacceptable service. Got my data compromised for a booking i made. Phishing message received on whatsapp and asking me verify my payment link using 3Dsecure all over again. Luckily used AI on my phone to spot its phishing attempt as for a booking made in Sri Lanka, i was getting a message from a business on whatsapp in Peru! Totally feel unsafe using their platform in the future as they are not putting protocols in place properly to comply with GPDR and data protection of their customers. I want to formally raise a complaint and happy to provide details on this. Booking.com Please TREAT THIS URGENT!!! i have a Ticket number only and your chat agent has no idea of the timeframe for the security team will respond by! completely unacceptable. I would never use your platform in the future if my data is NOT secure!",1,2026-08-09T15:14:12.000Z,Negative
Booking.com,Travel,Avoid and find an alternative,"I have had an absolutely awful experience with Booking.com and I am still trying to get my money back. I booked a property through Booking.com, but before my stay the property owners began demanding an additional €150 payment and told me I would not be allowed into the building unless I paid it. This was extremely concerning, particularly after I checked the property’s reviews and found multiple guests reporting problems getting their €150 “deposit” returned. The property had also received a significant number of very negative reviews. Because of this, I contacted Booking.com at around midday on 31 July, BEFORE booking alternative accommodation. I asked them for help and reassurance about the situation. I received no resolution or meaningful assistance. As I could not risk arriving with nowhere safe to stay, I eventually booked another hotel. On the day of my original booking, the property refused to let me enter because I would not pay the additional €150. They also refused to cancel my booking. I contacted Booking.com again, extremely upset, and explained what had happened. I was told that I would receive approximately a quarter of my money back once the booking period had ended. Even this seemed completely inadequate considering I had paid for accommodation that I was not permitted to access. I have now contacted Booking.com to claim the refund I was promised, only to be told that I am not entitled to it because I supposedly booked my replacement hotel BEFORE reporting the problem. This is simply not true. I have evidence showing that I contacted Booking.com on 31 July before booking the alternative accommodation. Booking.com therefore had the opportunity to assist me before I was forced to make alternative arrangements, but failed to do so. I had previously had good experiences booking hotels through Booking.com, but this was the first time I actually needed their customer service to resolve a serious problem. The experience has completely changed my opinion of the company. When something went wrong, I received virtually no meaningful support, was left to find alternative accommodation myself, and am now being refused even the partial refund I was previously told I would receive. I would strongly recommend booking directly with hotels or using another provider. My experience has shown me that when a serious problem occurs with a property, you cannot necessarily rely on Booking.com to protect you or help you recover your money. I am still requesting that Booking.com review the evidence, honour the refund I was promised and resolve this properly.",1,2026-08-09T14:55:57.000Z,Negative
Booking.com,Travel,Booking.com is a terrible platform,"Booking.com is a terrible platform that had repeatedly failed me when I needed customer service I have used Booking.com extensively, but my experience following a serious incident at a property has completely changed my view of the company. I booked four nights at Westbury House in Windermere through Booking.com. I physically attended the property within the stated check-in period, with my luggage, and attempted to check in. Following an extraordinary confrontation with the owners, the door was closed on me while I was still standing at the threshold. I was not admitted and received none of the four nights I had paid for. What happened afterwards with Booking.com was almost as appalling. I spent approximately two hours making around 16 calls to Booking.com numbers in Australia, the UK and the Netherlands trying to report what had happened. Calls repeatedly disconnected, including after I had been placed on hold, meaning I had to call back, identify myself and start explaining everything again. One agent, Mohammed, became embroiled in a pointless argument about my reservation number, despite ultimately acknowledging that he could already identify the booking. When I asked for a supervisor, he refused to escalate the call. I called again and spoke with Christine. After I criticised the lack of empathy and customer service I was receiving, she actually told me: “I’m hanging up on you. You have to call back. I don’t like the way you’re speaking to me.” And she did. Meanwhile, Booking.com was emailing me saying it had contacted the property about my complaint even though nobody had successfully taken my complete account of what had happened. I replied asking, “How can you have advised them when I have not told you a thing?” and repeatedly asked for someone to call me. I then pursued Booking.com through email and X/Twitter, including providing a detailed written account. I was repeatedly redirected back towards the same telephone customer-service system that had already failed me. Now comes perhaps the most disturbing part: despite my repeatedly telling Booking.com that I physically attended Westbury House and had the door closed on me at the threshold, I have apparently been recorded as a NO-SHOW. That is simply false. And conveniently, being classified as a no-show means I am now unable to leave a Booking.com review of the property and what happened to me there. So I attended the property, was refused the accommodation, spent hours trying to report what happened, experienced repeated disconnections and failed escalation, sent written complaints explaining that I had attended — and I am now prevented from reviewing the property because the booking records incorrectly say I never showed up. Whether Booking.com or the property disputes my entitlement to a refund is one issue. Whether I attended the property is another. I did attend. I was not a no-show. A booking platform proves its value when something goes wrong. Taking a reservation and processing payment is easy. Providing meaningful assistance when a customer is standing outside accommodation they have paid for is where customer service actually matters. In my experience, Booking.com failed spectacularly at precisely that point.",1,2026-08-09T14:52:39.000Z,Negative
Booking.com,Travel,Odious company,Odious company. They take your money and then have the face to send you an email saying the booking is not confirmed. Another disgusting morality free US corporation. Always try to book direct where possible and cut out this revolting middle man.,1,2026-08-09T14:44:19.000Z,Negative
Booking.com,Travel,Terrible company,"Terrible company, first time using booking.com and the host tried to keep my deposit, no mention of a deposit until I had paid for the property. Booking.com did not help me in the slightest to get my money back, I had to go through PayPal in the end. Do not recommend.",1,2026-08-09T14:20:16.000Z,Negative
Booking.com,Travel,never help when you get scammed.,"I've had to deal with scams and accommodations that didn't match the description several times. Booking.com's support has never actually helped me — all they did was contact the property owners, who simply refused to do anything. I can contact the owner myself. So basically, Booking.com charges a commission for doing absolutely nothing that's why i recommend reserving apartments avoiding booking.com",1,2026-08-09T12:57:35.000Z,Negative
Booking.com,Travel,Booking.com should be Booking.con,"Two hotels on two consecutive nights booked through booking.com. First night the hotel is closed down. Second night the hotel is overbooked. Phoned, messaged and emailed booking.com with no response, quick enough to take and keep my money though.",1,2026-08-09T11:05:26.000Z,Negative
Booking.com,Travel,Be very careful using booking.com,Be very careful using booking.com. I have had my all my personal details breached. They emailed to tell me it had happened. But you can never speak to anyone to resolve the ongoing issues. I will never use them again. Your personal data including bank details is at risk.,1,2026-08-09T10:16:17.000Z,Negative
Booking.com,Travel,Booking.com canceled my reservation without my permission,"I booked a two week reservation at a Stay USA hotel in Hot Springs, SD. I had some scheduling issues, so I called the hotel ahead of time and told the employee on the phone I would not make my first night of vacation. The hotel put in the notes I would not make it in on Friday, August 7th. When I showed up on August 8th, the hotel employees did not have a room for me. This is unacceptable, and I expect a full refund and all of my Venture credit card reward points back. The fact that booking.com can update my reservation to a “no show” without getting in touch with me first should be illegal",1,2026-08-09T06:10:54.000Z,Negative
Booking.com,Travel,Never again,Never again! Horrible customer service! Still waiting and hoping to get my money back and I’m highly hopeful my holiday will work out as there is still few things booked through them…,1,2026-08-09T04:14:39.000Z,Negative
Booking.com,Travel,Never use them- they DO not refund,"We booked a hotel that we found on Trip Advisor, through Booking.com. Trip Advisor indicated the hotel was pet friendly. When we showed up at the Holiday Inn and Suites in Meriden we were told it was NOT pet friendly. Booking.com refuses to refund us as they blame Trip Advisor. Trip Advisor blames The Holiday Inn and Suites for not monitoring the Trip Advisor site. Booking.com is who we paid so they should be reimbursing us. We were a family of four left to find alternate accommodation in the middle of the night. Very disappointed. Will never use Booking.com again.",1,2026-08-09T02:01:44.000Z,Negative
Booking.com,Travel,Booking.com allowed a completely fake listing onto its site and it has cost me dearly.,"Do not trust this platform with your family holidays or your personal data. I booked an apartment in Paris (Le Grand Paris Apartments, Reservation 6142145566) for a family holiday. Shortly after, the scammers contacted me directly inside Booking.com’s own platform messaging system and via official-looking emails demanding payment and identity verification. Because the request came through Booking.com’s trusted channels, I uploaded a scan of my driver's license. The scammers then immediately sent demands for external payments via third-party links. When I investigated further, past guest reviews exposed the horrific truth: previous guests turned up to find they had no booking, and reviews showed a horse-drawn ive in waggon in an empty field instead of a luxury Paris apartment, leaving families stranded. Booking.com openly allowed a completely fraudulent vendor onto their platform and enabled them to use internal messaging tools to trap customers. Because of Booking.com’s utter failure to secure their platform our family holiday is in ruins, and we are left stranded with no accommodation in Paris. Scammers now possess my full name, home address, date of birth, email address, age and a scan of my driver's license. I had to pay £30 for CIFAS Protective Registration to prevent fraudulent bank accounts from being opened in my name, over £20 for a replacement driver's license, and cancel my credit card. Hours of Administrative Stress and I have had to spend hours filing criminal police reports with Action Fraud and setting up fraud monitoring. When I confronted customer support about this nightmare, the agent offered zero accountability, gave copy-paste advice on running antivirus scans, and abruptly ended the chat while I was still speaking. Booking.com allowed criminals to exploit their internal system, handed over my personal data to fraudsters, destroyed our family holiday, and dumped 100% of the cost and stress onto me. Use this site at your own extreme risk. Hours after I made a complaint and was told they were investigating the listing, I went on to Booking.com becasue I was curious. Le Grand Paris Apartments, with its fake photos and fake reviews, is back online and fully capable of taking bookings. After everything I went through, I find that unbelievable and unacceptable.",1,2026-08-09T01:22:52.000Z,Negative
Booking.com,Travel,We had 2 horrible experiences with…,"We had 2 horrible experiences with booking.com. We booked a place in Italy, that didn't appear to exist. Called, emailed, couldn't get a hold of anybody. Then had to fight booking.com and the credit card company to get a refund. Then we booked a stay in Marathon, FL called Rainbow Bend. They had somebody in our room that we booked that didn't know their reservation that they thought they extended with booking.com wasn't legit. Huge mess. We had to book another stay somewhere else, and we're currently fighting with booking.com for a refund again. I will never use them again or recommend them to anybody, and I will be reporting them to the appropriate government agencies.",1,2026-08-09T01:22:20.000Z,Negative
Booking.com,Travel,Never booking with booking.com,"I made a reservation for a hotel with booking.com. They provided all the details to my email (the payment, confirmation number, pin, date of stay, ect.) Everything seemed settled and organized. Enough for me to feel safe that everything is set. However. When I tried to check in, the hotel couldn't find my reservation. I showed them the confirmation number, but they said they can't find anything under my name or confirmation number. They instructed I call booking.com since I booked the reservation through a third party app. Trying to get ahold of a person is insanely difficult. It's all pretty much AI bots helping you all the time. I had to call twice because the first time I was on hold, they just hung up out of no where. When I finally got ahold of an actual agent (which took close to an hour of being on hold), they told me they can't do anything besides give me a full refund, which was going to take 7-12 business days. I wasn't given an option to book a different room, or even different hotel. I had to buy another room if I wanted to stay. I didn't have the funds to book a different room. I had to cancel my weekend plans. Never have I had a horrible experience booking a hotel. Never have I had a horrible customer service experience in general. I was not left happy. The fact that they told me that the only thing I can do is buy another room because of their incompetence. I would not recommend this app to even my worst enemy. The amount of stress I had to go through trying to find an agent to help me out, and having to delay plans because of this unfortunate experience. This place should not even deserve a star. Please stay away from this company.",1,2026-08-09T01:17:37.000Z,Negative
Booking.com,Travel,Hidden unreasonable cancellation…,"Hidden unreasonable cancellation policy, difficult refund policy (still begging for a refund)and non-existant customer service",1,2026-08-09T01:14:59.000Z,Negative
Booking.com,Travel,"Fake listings, avoid using it","Avoid booking apartments as there are so many fake listings and the scammers will send a link to make the payment to confirm the booking which is scam. Booking-com doesn’t perform verifications for the apartments and the support team needs customer’s support to identify such type of fake listings. They simply say sorry and leave the conversation, and by that time your other hotels price will shoot up and booking-com just ignores all that stuff . So avoid using it",1,2026-08-09T01:08:04.000Z,Negative
Booking.com,Travel,Refunded me the difference of a replacement booking as they said they would,"I just wanted to leave a review since I appreciated that Booking followed through on refunding the difference in price of a more expensive replacement stay after the original location cancelled on me. It did take me a few tries via email and had to send in documents multiple times, but finally today spoke to someone and she helped get it straightened out. So I have a good impression that I will be ""taken care of"" if something goes wrong and plan to continue to primarily use the site for my travel accommodations. It seems a lot of businesses these days are dropping the quality of their service, so it's good to see that some still have integrity. Also, I will say that I was not impressed with Agoda support when I ran into an issue on their platform.",4,2026-08-09T01:07:31.000Z,Positive
Booking.com,Travel,Avoid at all costs!!!!,"Booked a few properties through booking.com for an upcoming Europe trip. First issue was they were hacked, and we got a message with all the details of one of our accomodations, including my wifes name, and asking for a credit card to confirm the reservation. Luckily our bank spotted the scam and blocked our card. We reported it to booking.com with no response. Second, we booked an apartment for a week in London months ago with a ""confirmed"" reservation, and just got an email to say the booking is cancelled. So now we have to find an alternative at short notice when all the best places are already gone. No apology from Booking.com and no explanation!",1,2026-08-09T01:04:55.000Z,Negative
Booking.com,Travel,Shockingly poor,"I tried to stay at a property in Alfriston, Sussex. It was booked for three nights but I was forced to leave within half an hour as the property was uninhabitable. After trying for hours to get through to Booking's customer service, they offered no useful advice. We chased up via several emails, during which we were of course told that they were on the case. Nothing has happened apart from a risible £13.00 refund (not yet sent). On the basis of this experience, I find Bookings to be an irresponsible and dishonest company with an incredibly poor Customer Service. In future I will not use Booking .com again. Zero stars.",1,2026-08-08T23:18:49.000Z,Negative
Booking.com,Travel,Booking.com isn't trust worthy,"Zero customer service, They claim price match guarantee, while they can't even commit with their own website listed rates, I wouldn't trust Booking.com again",1,2026-08-08T22:34:25.000Z,Negative
Booking.com,Travel,I tried to get my vacation home listed…,"I tried to get my vacation home listed on Booking.com without sucecss because I was asked for a bank account number with 5 or 7 digits. Mine has 9. I tried and tried to get hold of some sort of customer service help, but I only got mindless AI robots who spewed silly unrelated responses. Seems like there really is nobody home. I have yet to get any sort of personalized response. It's one thing to be concerned that the robots are taking over. It's another thing to leave before it has happened. Perhaps that is idea? Set up a fully automated cash machine.",1,2026-08-08T22:34:20.000Z,Negative
Booking.com,Travel,This company LIES,"This company LIES. I booked what they said was a sea view. The minute I paid for it, they changed it to partial view and won’t give me my money back and it was a lot.",1,2026-08-08T22:21:38.000Z,Negative
Booking.com,Travel,I have been waiting since the 23rd of…,I have been waiting since the 23rd of July for a refund & i been told multiple times that it has been processed & now it’s august 8th way past 10 days n im yet to receive the refund. The person on the phone is now saying 7-12 days. That is unacceptable Horrible customer service . Takes so long to get a refund even when hotel confirms they approved it. Worst website ever,1,2026-08-08T21:44:12.000Z,Negative
Booking.com,Travel,"Disgraceful breach of contract. Left stranded, support hung up on me","Absolute nightmare experience with Booking.com. We booked a 6-person Sea View apartment three weeks ago for a holiday. The host cancelled last-minute due to overbooking. Under the UK Consumer Rights Act 2015, Booking.com is required to provide a par-to-par relocation. Instead, their support team tried to force us into a severe downgrade—splitting our group and giving 4 of us a City View room. Because this is peak season, market rates have skyrocketed. The only true equivalent sea-view alternative left is £2,252—a £1,667 cash difference from our original £585 booking. When I refused their inferior city-view downgrade and demanded they honor their relocation policy, the customer service agent completely hung up the phone on me. This is a clear breach of consumer protection regulations and an appalling way to treat a customer facing a travel emergency. I am proceeding to book the replacement accommodation independently to mitigate my damages. I will be recovering the full £1,667 consequential loss via a statutory Section 75 claim through my UK credit card provider and filing a formal complaint with the Competition and Markets Authority (CMA) and MCOL. Booking Reference:6500399835",1,2026-08-08T21:28:34.000Z,Negative
Booking.com,Travel,WARNING,WARNING! Wish I could have given this company ZERO stars! They cheat people big time! We booked two nights at a hotel in New Jersey and they charged three times the amount that Expedia was charging for the SAME hotel! They are cheating people by constantly inflating the prices! Book directly through a hotel and DO NOT use Booking.com!,1,2026-08-08T20:48:03.000Z,Negative
Booking.com,Travel,Beware. Booking.con makes all bookings non refundable,"I booked a hotel by the airport using booking.con 2 weeks before my trip. 24 hours later, I tried to cancel my hotel but booking.con told me that my booking was non refundable. I didn't check any box or even remember seeing an option to make it non refundable. I had to cancel my hotel anyway which cost my me $168 for absolutely nothing. Never again will I use booking.con. I will use Expedia from now on. I would give them 0 stars but trust pilot won't let me do that",1,2026-08-08T20:44:33.000Z,Negative
Booking.com,Travel,"Promised a refund, now being offered Travel Credit","Extremely disappointing experience with Booking.com. We booked an apartment in Nice but were informed there was a leak and were offered an alternative apartment further away from the city centre. We said we wanted to keep that option open while seeing whether something closer was available. Instead, our booking was cancelled, leaving us without accommodation and having to spend a considerable amount of time contacting Booking.com. When we eventually spoke to a representative, we were told we could choose alternative accommodation and that Booking.com would refund the difference in price. We selected more expensive accommodation in the centre and then received written confirmation from Booking.com stating: “We will cover up the price difference up to the amount EUR 336.39.” Based on both the telephone conversation and this written confirmation, we booked the more expensive accommodation, which cost €882.96. We would not have chosen accommodation at this price had we not been assured that Booking.com would cover the difference. After our stay, Booking.com asked us to provide an invoice in order to process the reimbursement. Their subsequent email repeatedly referred to this as a refund, including: “To proceed with your refund request…” “We’ll be happy to move forward with your refund.” And most clearly: “Once we receive this, we will promptly process the refund for you.” Despite all of this, we are now being told that the price difference will NOT be refunded and can only be provided as Booking.com Travel Credit towards a future booking. What makes this even more frustrating is that Booking.com clearly knows the distinction between a refund and Travel Credit. In the original email, they separately stated that if we incurred “additional charges at the new place”, they could “look into adding Travel Credits to your Wallet.” Travel Credits were therefore specifically mentioned in relation to additional charges, but NOT when Booking.com told us they would “cover” the price difference. We were also verbally told it would be a refund and subsequently received an email referring to the payment as a “refund” multiple times. Had we been told from the outset that we would have to pay the additional cost ourselves and receive credit towards a future Booking.com reservation instead, we would NEVER have chosen the more expensive accommodation. Customer service throughout this process has also been incredibly frustrating. Telephone waiting times are very long, getting through to someone who can actually help is extremely difficult, and we have even had calls cut off after waiting, forcing us to start the process again. We aren't asking for anything extra. We simply want Booking.com to honour what we were repeatedly told, both verbally and in writing, and reimburse the agreed price difference, up to the €336.39 maximum confirmed in their email. Travel Credit requiring us to book with Booking.com again is not the same as the refund we were repeatedly told we would receive. I will happily update this review if Booking.com honours the reimbursement we were promised and resolves the matter.",1,2026-08-08T19:16:39.000Z,Negative
Booking.com,Travel,Don’t trust Booking.com,"Booking.com are advertising the rental property my daughter and family rent and live in. It used to be an Air b n b but is no longer. But Booking.com keep taking bookings and the money from unsuspecting people who are left with no money and no accommodation. The managing company, We Love Property are still on the listing but declare they are no longer in business.",1,2026-08-08T17:50:41.000Z,Negative
Booking.com,Travel,Very bad experience overall,"Very bad experience overall. I hosted a property on booking.com and this website overall is so bad. You can't see guest profile/rating at all to ensure guest is safe to host or not; neither you get the chance to approve guests as it's automatically approved by booking.com which means almost anyone[even a criminal or an over drunk] can book and walk in your property. Host has no option to review a guest even if the guest is a criminal/over drunk and damages your property. The only option is to complaint and basically you are not hearing back anything from Booking.com. The website is also too difficult to use. The process of contacting them is really complex, making changes to the property is also the same thing. I would prefer Airbnb any day over booking.com for hosting the property for a safe and smooth process.",1,2026-08-08T17:40:32.000Z,Negative
Booking.com,Travel,"Dear All,","Dear All, I would like to formally raise a serious concern regarding the repeated email verification requirement in the NAS app in the UAE. The application is requesting email verification every few minutes, which is highly inconvenient and is causing unnecessary delays in completing and updating information. The frequency of verification is even more excessive than what is normally experienced with mobile banking applications. I have also raised this concern through a Google review; however, unfortunately, I have not received any meaningful response or seen any clear indication that someone is taking responsibility for addressing the issue. This level of inconvenience is not acceptable for a service that users are expected to rely on. I strongly request that the concerned team take ownership of this matter, investigate the root cause, and provide a proper resolution at the earliest. I would appreciate a clear response regarding the action being taken to resolve this issue. Best regards,",1,2026-08-08T17:28:59.000Z,Negative
Booking.com,Travel,Non-existent and atrocious after booking customer service,"Easy booking experience however non-existent and atrocious after booking customer service. I would strongly advise against using this platform as you will not receive any support or recompense should anything go wrong. Contradictory advice, very slow to respond (if at all), multiple emails, responding from different people every time. So disappointed.",1,2026-08-08T17:17:28.000Z,Negative
Booking.com,Travel,Booking.com bordering on illegal.,"Booking.com is clearly fraudulent. I booked a hotel room for one night and very shortly after I realised I had entered the wrong date by 24hrs and put a submission in for a change of date. This submission goes directly to the Hotel. In the morning I had a message from Booking.com to say the Hotel had confirmed that no rooms were available for the previous night. Even though I’d checked before submitting the request and there were 5 same room vacancies. So I called the Hotel who told me there was evidence of a change of date submission. Before they had had a chance to accept this change Booking.com had intervened and rejected it. The hotel said there was nothing more I could do. So in short Booking.com rejected my request on the Hotels behalf even though they have a free date change policy (within 24hrs of booking) and there were plenty of rooms available and would have accepted my request. Booking.coms Customer support is non-existent and their app just keeps referring me back to the hotel, who in turn refer me back to Booking.com Booking.com are clearly acting fraudulently and retaining my money and going against the Hotels own policy by intervening the system quickly to reject my request. It’s insane. That’s called FRAUD! I want my money back.",1,2026-08-09T06:19:09.000Z,Negative
Booking.com,Travel,Use trivago,We use booking.com a lot home & abroad . I am writing this review after trying to speak to a manager & also emailing the ceo . Given over a week and they still haven't bothered to contact me. Again proving that their customer base is not important. Well booking.com you do have a few rivals who will be getting our business in future . So we booked a pub stay in a small market town . Drove 3 hrs expecting to have a lovely relaxing weekend. When we arrived the pub had a sign saying closed under new ownership . We tried to contact the pub but the phone just kept ringing . We then called booking.com took awhile to get past AI ( in the street with bags around us ) eventually spoke to a young man what a joke ( extremely poor if any training given ) he said all he could do was apologise ( a good trainer will tell anyone that's a big no no it's not all you can do ) he said he couldn't contact the pub but they were open & still taking bookings ( passing the book ) then the new landlady came out explained that she had been onto booking.com for 2hrs saying they weren't open & only just moved from Scotland that morning . She had asked them to contact the many people that were booked in . The young man kept putting us on hold for long periods of time . He said there was no manager in the building ( anyone running a cc will also Know this is utter rubbish) he couldn't give us a managers name . In the end he promised to get one to call us back . Well this never happened. He made out he was doing us a favour by cancelling the booking and refunding us . He couldn't make another booking but we could ourselves if we wanted to. The customer service and policy's are shocking . We either slept in the street - returned home or tried to find somewhere else with no further help from them . We had gone for a purpose to this market town and nearly everything was booked up as it's only small . One hotel at over £400 a night was free 🤣. We called a BnB ( never our first choice to stay in one ) she luckily had just had a cancellation more than the pub we had originally booked . We were grateful that this lovely lady accommodated us in her lovely home . I will never trust booking.com again . Yes mistakes errors things like this happen . It was extremely stressful & my husband's ill . But the cc agent wasn't given any support by his manager . No real empathy to our situation. Staff should be able to make things right when mistakes are made they should be able to log on book the customer a new place to stay and stand any price difference. Shame on the managers working there that day & clearly have ceo s who don't care either. Anyone who has got an upcoming booking I suggest you call the place before leaving home . If this had been vulnerable person on their own it could have a bad outcome . We won't use them again & they haven't apologised or refunded the price difference either as promised . Disappointed & disgraceful service,1,2026-08-08T16:51:06.000Z,Negative
Booking.com,Travel,Listing property issues & support problems,"I own a couple of Villas that I am attempting to list on booking.com (via their partner site). (1) I go through the entire listing process only to find the number of bedrooms is wrong, click edit and once again add the missing bedrooms, get to end and the number of bedrooms has increased; but is still wrong. For a 6 bedroom it took 5 edit cycles to finally get it correct. (2) today I tried to login to the partner site from my cell phone and out of 7 attempts, only successful on one. Checked the 6 bedroom property to find it is once again wrong. Corrected it. Logged out. Tried to login in again and could not. Called their support. Told them I was having problems getting logged in. Rep kept asking for the property number, even after I told her I can not get logged in to see the property number. Mathis experience is really unfortunate because I was excited that I had found a site that supports my pricing strategy (per person, per night).",1,2026-08-08T16:22:52.000Z,Negative
Booking.com,Travel,"Locked out, and no support from customer service","While on holiday we were locked out of the house, and despite calling customer services numerous times no one would put us in touch with the owners. Several times customer services just hung up. We had no way of contacting the owners and ended up being outside in a very high temperature with none of our things for over 4 hours. I'm trying to contact customer services again since coming home and I still can't get through. I won't be using this company again",1,2026-08-08T16:13:48.000Z,Negative
Booking.com,Travel,Shouldn't have to take legal action to get a refund!,"I have been a long time user of Booking.com, however having booked a holiday cottage in Wales to use as a base, we were very badly let down this summer. The accommodation was absolutely appalling, dangerous and NOT as advertised. We booked the accommodation as it stated it had a garden, ideal for hosting family outside, as we have done on previous occasions. However the visitors book advised that if you wanted to sit outside, there was a bench available in the woods across the road! The accommodation was absolutely filthy, with cobwebs EVERYWHERE, spiders (both dead and alive) and the musty smell was absolutely overwhelming to the point of being nauseating; probably best not to book if you suffer from any breathing difficulties. Plus we couldn't even freshen up as there was no hot water upstairs, despite the water heating being on. The two dangerous aspects to the cottage were pointed out to the owners of Bodeinion Cottage (as well as the filth) and neither had been an issue the previous week. That much level of muck and dust do not accumulate over such a short period of time. Booking.com advised us to liaise with the owners, who advised we needed to lower our expectations, as it was a dog friendly establishment. I booked an old cottage, but I would expect a certain level of hygiene if I'm to cook for my family. The place was soo grubby I couldn't even make the children hot drinks when we got back from a lovely pub tea. We also had to take ourselves off to a cafe for breakfast whilst waiting to get access to alternative clean accommodation. We asked the owners if they would be happy to pay over £700 for a 4 night stay, their response was that they only charge £100 per night, with the agents taking a huge slice of profit for anything above that rate. Owners batted our issues to booking.com, who in turn blamed the owners and asked us to get in touch with customer services at Cottages.com. Photo evidence of the appalling state of the accommodation and the dangers within were all supplied to cottages.com, who have had well over a week to respond to our request for a refund. To date no response has been forthcoming, therefore we seek redress via small claims court.",1,2026-08-08T15:44:13.000Z,Negative
Booking.com,Travel,This company is literally scamming…,"This company is literally scamming people and no authority is taking note. They offer car rentals, they charge your NeoBank without hesitation, knowing that the car rental company will not accept these types of cards. Don't even try to contact their ""customer service"" because they have the guts to put you on hold, just to come back and make you click on countless of links until you find the small letters... Needless to say none of these found in your reservation, so no refund possible, and in top of that, a reservation for 2 days, they tell you they will charge you for 3 days, technically making you owe them money. Hope there's a group of people willing to press charges against this guy's, I am willing to assist on this quest!",1,2026-08-08T15:24:16.000Z,Negative
Booking.com,Travel,**Extremely frustrating customer…,"**Extremely frustrating customer service experience** I had a very frustrating experience with Booking.com. I attempted to make a hotel reservation, but the booking was never confirmed even though the payment was successfully processed by my bank. The hotel itself confirmed that they never received the reservation. I contacted Booking.com multiple times to resolve the issue, but the entire process felt completely automated. I was repeatedly directed from one place to another, asked for information that does not exist because the booking was never confirmed. There seems to be no straightforward way to speak to someone who can actually investigate a payment issue when a booking fails. Instead, I have been going in circles between automated responses, Booking.com, the hotel, and my bank. For a payment that has already been successfully processed, I expected much better customer support and a clear resolution. This experience has been extremely inconvenient and stressful, especially since I am simply trying to recover money for a reservation that was never created. I hope Booking.com improves its customer service system and provides a direct way for customers to resolve failed bookings and payment issues with an actual support representative.",1,2026-08-08T14:56:44.000Z,Negative
Booking.com,Travel,"Extremely disappointing experience1 STAR — BOOKING.COM LEFT ME £5,000+ OUT OF POCKET AFTER GUEST DAMAGE with…","Extremely disappointing experience with Booking.com and their handling of serious property damage. I had guests stay at my property, Monkleigh House, who caused significant damage during their stay, including serious flooding. The total damage was in excess of £5,000. There were also issues with the number of guests. The guests arrived with more people than were included in the original reservation. Rather than cancelling their booking and ruining their stay, we tried to resolve the situation reasonably and allowed the booking to continue after agreeing that the additional guests would be paid for. After they checked out, we discovered extensive damage to the property. We provided Booking.com with photographs, evidence and contractor information demonstrating the extent of the damage. And what did Booking.com do? They simply sent a payment request to the guest. The guest said they didn't agree to pay it. And that was effectively the end of the process. Despite the damage being supported by evidence and the costs being thousands of pounds, Booking.com offered no meaningful solution and no effective mechanism for recovering the money. What makes this even more frustrating is that Booking.com controls the booking process and charges commission on every reservation, yet when a guest causes thousands of pounds worth of damage, the responsibility appears to be pushed entirely back onto the property owner. Their damage deposit system is also completely inadequate. The maximum deposit they allow for the property is nowhere near sufficient to cover serious damage. In my case, the actual loss was over £5,000. What is the point of having a damage claim process if a guest can simply say ""I don't agree"" and the platform effectively washes its hands of the matter? As a property owner, I accepted the booking through Booking.com in good faith and relied on their platform to provide a reasonable level of protection when something goes seriously wrong. Instead, I have been left with a substantial financial loss and a damaged property. This isn't about trying to avoid paying for legitimate damage or making an unreasonable claim. The damage was real, substantial and documented. The problem is that Booking.com's system appears to be designed to make it easy to book a property, while leaving the property owner carrying the financial risk when a guest causes serious damage. Very disappointing treatment of property owners. If you operate a property through Booking.com, I would strongly recommend understanding exactly how little protection you may actually have when a guest causes significant damage. For me, this experience has seriously damaged my confidence in Booking.com as a platform for property owners.",1,2026-08-08T14:41:45.000Z,Negative
Booking.com,Travel,Failure of consumer protection and lack of accountability,"I am writing this to highlight a significant failure in Booking.com's role as a service provider. We recently stayed at an apartment where the physical reality bore almost no resemblance to the digital listing—specifically regarding furniture quality, advertised amenities (outdoor furniture/exercise bike), and even the promised view. This was not merely a minor discrepancy; it was a fundamental difference in the standard of accommodation we paid for. Despite providing Booking.com with a detailed report containing extensive photographic evidence comparing the listing to the actual property, we have received no meaningful response. There has been no attempt to address our complaint, nor any offer of compensation for the significant loss in value and the distress caused by these discrepancies. Furthermore, Booking.com has failed to take any steps to ensure the host updates their misleading information, leaving future travelers vulnerable to the same false advertising. We spent a significant portion of our holiday managing maintenance issues—including a non-functional heating system—instead of enjoying our stay. When a platform like Booking.com ignores documented evidence and leaves customers to bear the full financial and emotional cost of misleading advertisements, they lose all credibility.",1,2026-08-08T14:15:31.000Z,Negative
Booking.com,Travel,Terrible customer support,"Terrible customer support. Platform is good, until it’s terrible. Have used the service multiple times but had an issue with a booking (host didn’t reply for over a month!) - booking.com said they can do nothing, then cut off the conversation. Next agent did nothing, got a refund through my credit card. Only book if the booking is 100% refundable until the day of the booking and make sure you don’t put a card on account - cash only on arrival. This will save you all the stress.",1,2026-08-08T14:06:42.000Z,Negative
Booking.com,Travel,Absolutely awful customer service,Absolutely awful customer service. Trying to confirm my flight. They've taken my payment but apparently it takes 2 days for the confirmation email to come through. Once they tell you they just cut the phone. With respect they're foreign nationals so have no customer service tone at all. Act like you should know how their process works. Really poor service. Would sack the lot of them,1,2026-08-08T13:49:12.000Z,Negative
Booking.com,Travel,Rubbish,"I will never book with this site again. My son booked two rooms at a luxury hotel in North Wales for him and his partner and me and my husband. On arrival we discovered we did not have rooms in the hotel but were put in outside accommodation, which was rubbish! Nowhere on this booking did it say we were not in the hotel. Booking.com completely mislead us with this booking. They are a disgrace.",1,2026-08-08T13:48:23.000Z,Negative
Booking.com,Travel,I have been using this company for 5…,I have been using this company for 5 years and make quite a few bookings a year. However just lately I haven't received a cashback I was entitled to after 3 months(i have contacted customer services 3 times) and I have just looked at my status I have gone from 4 bookings to reach level 3 to 6 this morning.,2,2026-08-08T12:54:56.000Z,Negative
Booking.com,Travel,Very bad experience,"Very bad experience. We got bumped our flight, we called them and they will not let us adjust the booking of our car booking. We still want to pick up the car but we just need to push it out one day. More than £200 lost. Very rigid with their polices! I will not use booking.com again. I warn everyone not to use them especially for booking done 24 hours before.",1,2026-08-08T12:18:03.000Z,Negative
Booking.com,Travel,No swimming pool!,"We paid extra money to stay in a hotel with a rooftop pool in Faro as there arent many hotels with pools in the area. We were informed on arrival that the pool was closed for refurbishment. The only reason we paid over the odds for a 5 night trip was for the pool. The hotel should have been on a discounted rate and we should have been informed at the time of booking that the pool would not be available for use. We would have picked a different hotel to stay in had we known. I feel like our trip has been ruined, we have packed cases based on days at the poolside. We have had to pay extra money for ubers to the beach and a day at the beach club to try and salvage this holiday. I would not be comfortable using booking.com in the future, I'm very disappointed.",1,2026-08-08T12:13:09.000Z,Negative
Booking.com,Travel,I have an issue with an accommodation…,I have an issue with an accommodation from there site. The accommodation told me that they are were wrong but that I couldn’t get the money back. The accommodation wasn’t possible to come there. Booking.com should help me but in 24 hours they told me without any reason that can’t help me. That’s all. So be careful when you book something !! There is no help,1,2026-08-08T11:23:14.000Z,Negative
Booking.com,Travel,Disgusted by this company,"Disgusted by this company. Worse company ever. We’ve spented thousands of euro with them in the past years until one day my mom booked a hotel and it also appeared in my app / account. No correlation between so no clue how it happened. We have no travel buddies added in neither of our accounts. They had no answer. Same confirmation number and same pin, I cancelled mine being afraid I will be charged as well for the hotel, and it also cancelled her. I was in shock when she mentioned it to me. Now, one week apart for her to go she has no hotel. They said they will contact their security team. I will never book again with them, and I will advise everyone to do the same.",1,2026-08-08T11:06:06.000Z,Negative
Booking.com,Travel,Refused to resolve a booking issue with owner who refuses to provide the service,"I booked a property for my mom coming to visit us. The property is located in residential area with 18 towers and about 13000 apartments sharing the same address. Property owner doesn’t specify the exact address. I have reached out to the owner via booking.com and got no response in 3 days. When I called the owner, she asked to message in the local messenger. When I messaged them, they said that “there’s a mistake in booking.com” and they don’t lease with such price, asked me to cancel and pay to them directly. I refused because the price they expect is much higher than listed price. After I refused to do that and said I will keep the reservation and expect them to provide the service, the property owner blocked my phone number. I have reached out to booking.com support and have never had such an inhumane approach to customer service. Even though I told them the property is located in one of 18 towers and I don’t know which one (because the owner refuses communicating and providing services), they still suggested to keep the reservation and go at the property address on the check in date. Like go where? Stand in the middle of the street? And do what? It’s just a ridiculous advise. They said that this address is real and it does exist. Yes, it does, and there’s 18 blocks here! 18! When I told them I can not get the details about property location, they suggested me (!!) to reach out the property owner! I told them they have blocked my number, and guess what — they said I should reach out to them via their phone number. I feel like with customer support of booking.com I’m in a reality of the Idiocracy movie.",1,2026-08-08T10:47:07.000Z,Negative
Booking.com,Travel,Terrible customer service from…,"Terrible customer service from Booking.com in a crisis situation. We were travelling from the Netherlands to Tignale with three children. On the day of our arrival, there was a serious wildfire in the area and the situation became unsafe enough that we had to change our plans. Booking.com basically left us to deal with everything ourselves. I had to find another hotel on my own, arrange everything at the last minute, and worst of all, pay for a second hotel out of my own pocket. We will only receive the refund for the original reservation after our holiday, which means that because of a situation completely beyond our control, we had to finance two hotels at the same time. This was not a last-minute change of mind or a matter of personal preference. There was a wildfire, and we were concerned about the safety of our family. Booking.com seems to work perfectly well when everything goes smoothly. But when you genuinely need support, the stress, the organisation and the financial burden are apparently left entirely to the customer. A huge disappointment. After this experience, I will seriously think twice before ever using Booking.com",1,2026-08-08T10:37:07.000Z,Negative
Booking.com,Travel,Very disappointing and misleading…,"Very disappointing and misleading experience with Booking.com. I made a reservation approximately early July 2 weeks before I travel and entered my credit card information believing it was required to hold the booking. Instead, my card was charged immediately. I then received a notice stating that all details of the booking were final and that no changes could be made unless I contacted the hotel immediately. That is not what I expected when making a reservation so far in advance. The entire process felt deceptive: take the card information to secure the reservation, immediately charge the full amount, and then inform the customer that the booking is essentially locked. Yes, I could have disputed the charge with my credit card company, but why should a customer have to go through that headache immediately after making what they understood to be a reservation? When I emailed them they responded with a lame excuse: ""the system charged your card"". I have used online booking services expecting transparency about when I will be charged and what cancellation or modification conditions apply. In this case, I felt those terms were not made sufficiently clear before the charge was processed. A reservation platform should make it unmistakable—before the customer enters payment information—whether the card is being used simply to guarantee the reservation or whether an immediate charge will be made. I will never book with them again.",1,2026-08-08T10:10:29.000Z,Negative
Booking.com,Travel,As 90% of the reviews for Booking.com…,"As 90% of the reviews for Booking.com customer services are rated one star I will not invest anymore time in providing details of my specific experience as the evidence of how unsatisfactory their CS is has already been very well documented. So my advice is don’t persue it, your time is more valuable than dealing with a company that simply doesn’t care about there customer’s. Therefore my conclusion to this awful experience is simply to never use Booking.com again and to advise others never to use them.",1,2026-08-08T08:56:28.000Z,Negative
Booking.com,Travel,"Room had vomit, excrement, mold, foul smells and dirty sheets","I have used this platform.for years, this is the first time iv had issues and have been thouroughly let down. I was given a room covered in vomit, feaces and mold with no towels, toiletries, tv or lamp and dirty sheets. Was told id have to sleep there anyway as the hotel coukdnt move me and booking.com couldnt do anything. I waited till 11am the next day for anyone to even attempt to help me. I had to leave as i needed sleeo and a shower. I have been told no refund will be given and i am getting no help from booking.com despite them selling me this property. What they have put me through is appauling and you cannot expect anyone to sleep in those condtions i couldnt even shower as the bath was full of mold and there were no towels as advertised. Absolutly disgracful customer service from btoh booking.com and the beresford hotek newquay who are managed by stayz.",1,2026-08-08T08:37:09.000Z,Negative
Booking.com,Travel,I have been trying to contact…,"I have been trying to contact Booking.com about being charged for reservations that did not go through, even though the funds were taken from my account. I have already sent the requested documents, but I still have not received any assistance. I live paycheck to paycheck and cannot afford to have money taken from my account. I am struggling to get anyone to help me with this issue. When you are asking for a refund or to make a complaint, their website is not user friendly.Can someone please help me!",1,2026-08-08T05:45:09.000Z,Negative
Booking.com,Travel,Booking DOES NOT deserve the volume of…,"Booking DOES NOT deserve the volume of business they get just by offering the best price occasionally. And it will catch with them soon or later and all those frustrated customers that were not able to reach booking when they most needed, will witness the fall of this company. There are plenty of other good companies to take over the business gap left by booking extremely poor customer service.",1,2026-08-08T05:10:19.000Z,Negative
Booking.com,Travel,Booking.com and Gotogate don’t give refunds back,If you want to book flights you shouldn’t use booking. Com. Once something goes wrong they Tage you three to Gotogate. And there your endless journey begins. At the end you will spend hours in a waiting room and will never get what you want or you will pay more than booking a new flight. It’s simple: they always refer you back to the airline you booked and they will refer you back….the ping pong game with no end. I gave up after spending several hours online and I never got my money back even though the airline wrote a letter of refund guarantee.,1,2026-08-08T05:09:45.000Z,Negative
Booking.com,Travel,"No real customer service, horrible if you need any changes",Foreign company. No way to call US based agents to change reservation. They force to a chat that takes forever and after a long wait they state you need to wait for another department to review your request. Will never use them again. It's like anything I have ever experienced.,1,2026-08-08T05:03:39.000Z,Negative
Booking.com,Travel,After using booking .com for over 10…,After using booking .com for over 10 years very disappointed with their canceling a flight with in 10 minutes of purchase because of wrong date applied where Thai air Asia offer free cancellation with in 12 to 48 hours of purchase,1,2026-08-08T02:44:56.000Z,Negative
Booking.com,Travel,"🚨 Fake Reviews, Bait-and-Switch Scam & £300 Extortion (Res: 6884228422) ""Stylish Room in Central Location in Swansea, UK""","🚨 WARNING: Retaliatory £300 Extortion & Bait-and-Switch Scam (Reservation: 6884228422) I am writing this to warn all travellers and demand immediate action from Booking.com corporate compliance regarding Reservation 6884228422 for the property listed as ""Stylish room in central location in Swansea, UK. This property is operating a fraudulent bait-and-switch operation out of a residential family home, and Booking.com is allowing them to extort customers. THE PROPERTY SCAMS: 1- BAIT-AND-SWITCH: The room was explicitly advertised and paid for as a private en-suite. The moment payment cleared, the confirmation email stealthily changed it to a shared bathroom. The water pressure was terrible and turned freezing cold whenever a tap was opened elsewhere. When challenged, the female host was aggressively rude, telling me to cancel and leave. 2- PARKING LIES: The listing promised parking. In reality, it is strictly competitive street parking in a very rough, unsafe-feeling neighbourhood. One side of the road is restricted to permit holders, and the free side was so packed there wasn't a single centimetre of space. 3- UNLISTED RULES & CONDITIONS: I was forced to remove my shoes at the door without warning and walk up multiple flights of stairs bare-footed. The hosts cooked highly pungent food with burning spices at 10:00 PM, heavily triggering my asthma and allergies. The bedding and towels smelled disgusting and unwashed. 4- INTOLERABLE NOISE: Stomping and items dropping inside the house lasted until 1:30 AM, while crowds and young children loudly shouted in the street until 2:30 AM. Sleep was physically impossible. RETALIATORY FINANCIAL EXTORTION: After I left an honest, highly negative review on the platform to warn others, this hostile host fraudulently abused Booking.com's system to send a retaliatory demand for a £300 payment for fake ""policy violations."" This is blatant bullying and financial extortion to scare me into deleting my review. PLATFORM FAILURE: This property has a highly inflated 8.2 rating from only 20 reviews—these are clearly fake, manipulated reviews that Booking.com fails to filter out. Furthermore, when trying to report this scam, the system traps customers in a useless AI bot loop, making it impossible to reach a human agent. I demand Booking.com immediately investigate this property for fraud, suspend their listing, and issue a full refund for services completely misrepresented.",1,2026-08-08T01:14:49.000Z,Negative
Booking.com,Travel,Booking.com Doesn't Verify Host Terms... Non-Refundable Despite Hidden Requirements,"Booking.com does not verify their hosts' terms and conditions. We paid on Booking.com and then got sent an obligatory ""check in agreement"" from the hotel with CRAZY terms – blanket authorization to charge my card if they see fit, removal of all liability for any issues with the accommodation (including injury or death), among other concerning things. Spent literally hours emailing and calling customer support trying to cancel. Was forced to pay for a hotel where we never stayed because the reservation was non-refundable, even though these terms and conditions were required by the host and present NOWHERE on the listing. Booking.com processes your payments but accepts no responsibility whatsoever for the accommodation booked and won't refund you when it doesn't correspond to what is advertised.",1,2026-08-08T01:03:44.000Z,Negative
Booking.com,Travel,Reservation 6387445410 Utropolis 2R1B…,"Reservation 6387445410 Utropolis 2R1B on 18.7.26 to 20.7.26. Very bad Booking.Com advertise a property that is not available, cannot be contacted. NO REFUND from Booking.Com. No responsibility by Booking.Com. Excuses from Booking.Com is complaint after booking date. THIS IS A SCAM. Booking.Com is NOT A TRUSTED PLATFORM . Unverified Properties listed. SCAM",1,2026-08-08T00:40:45.000Z,Negative
Booking.com,Travel,Poor Customer Service and Unresolved Complaint,"Very disappointed with the customer service. My confirmed booking was cancelled less than 48 hours before check-in due to overbooking, despite being booked and fully paid almost four months in advance. I was also promised by customer service that the parking and pet fees for the replacement accommodation would be reimbursed, but this has still not been honoured. I have contacted customer service repeatedly, but my complaint remains unresolved.",1,2026-08-08T00:00:27.000Z,Negative
Booking.com,Travel,Never use this company's services.,"I hade a car booking confirmation is 764051844. I booked it 13.04.2026. In the confirmation email I had a chicklist and there was nothing about flight tickets as I am a local citizen. When I came today to Airport Enterprise car rental company they refuse me and didn't help because I booked car through booking I called to booking442039788649. I explained everything above and gyu helped me to book another car for tomorrow but more expensive. He promised me full refund from my first car booking. I agreed to pay more £250 for new booking. Now he tell me that booking customer service refuse full refund. It is unacceptable. You can check your confirmation email that was nothing about flight tickets!!! They claim that when making the booking, I am also responsible for personally checking the rental company's terms and conditions. I want full refund for car booking because you confused me with wrong information in the email. Very disappointed. Another car rental stuff suggested me don't use booking anymore. I will follow this suggestion.",1,2026-08-07T23:38:58.000Z,Negative
Booking.com,Travel,Hotel Treated Poorly,I represent a hotel and my experience is that this company and affiliated companies under the Booking.com umbrella continually undercut. They need to provide accurate rate information that aligns with the rate that we provide.,1,2026-08-07T23:31:29.000Z,Negative
Booking.com,Travel,Scam reservation on Booking.com,"I can't reach the property I booked through Booking.com; they're not responding to emails, phone calls, or messages. Booking.com has been stalling me for days. It's clear that such a place doesn't exist, and Booking.com hasn't checked this. They're not canceling either; if you cancel, they'll take the full amount. They're trying to say they'll only look into it if the property doesn't exist when you arrive. This is outrageous. They don't understand how we're supposed to go on vacation to another country without arranging our accommodation. Booking.com hasn't done anything to prevent this fraud. It's a disgrace.",1,2026-08-07T23:10:15.000Z,Negative
Booking.com,Travel,We got scammed trough a fake booking,"We got scammed trough a fake booking. Booked weeks ahead, during travels did you notice that a few days before a person already left a rewiew on the property that it is a scam, we left a rewiew and another after us too. Comtacted booking straight away on 20.07, now on 07.08 havent gotten any answer from customer service. So many people’s have been scammed because they did absolutely nithing and still are not doing nothing",1,2026-08-07T23:02:03.000Z,Negative
Booking.com,Travel,If I could rate this less than 1 star I…,"If I could rate this less than 1 star I would. My husband and I took up our tenancy in June this year and we are still getting people turning up here having paid to stay in our house. Initially I thought perhaps they booked weeks and weeks in advance, as apparently you can’t remove a listing with a reservation, but no. The lovely gentlemen who turned up this evening booked just two weeks ago. Some of these people have travelled for hours. HOURS. They have PAID to stay here and are unable to. Their holiday has been ruined and it puts our kids on edge because one or two of the groups turning up here have been fairly aggressive. One group even turned up with the police. We have kids with additional needs, they don’t need this. And yes, before anyone thinks it, our landlord has tried and tried to get the listing remove but booking.com won’t allow it. Each time I try to contact them It just says it won’t send and to try again. Not that there seems to be any point, if the other reviews here are anything to go by . Absolutely abysmal company, should be shut down",1,2026-08-07T22:59:22.000Z,Negative
Booking.com,Travel,Aweful booking process,"Aweful booking process. We booking a hotel, received confirmation that it was booked. Booking.com never sent the hotel our confirmation. The hotel then got full in the time we were trying to resolve and we were left trying to find another hotel while traveling. Booking.com took no accountability and offered no support.",1,2026-08-07T22:52:34.000Z,Negative
Booking.com,Travel,Price match is a Lie,"They are failing to honor their price match policy. I found the exact item on another site for nearly half the price. I sent customer support the link and a screenshot as proof. They claimed the item was sold out, but I verified and showed them that it is still in stock. They simply refuse to cooperate.",1,2026-08-07T21:08:15.000Z,Negative
Booking.com,Travel,I would strongly advise against booking…,"I would strongly advise against booking flights through Booking.com based on my experience. I booked flights and was told they would take a couple of hours to process. The money was immediately showing as pending in my bank account, so naturally I assumed the booking was being processed. Two days later, I still had no confirmation email, and the payment was still showing as pending. Trying to contact customer service was incredibly frustrating. The phone numbers either rang out or led to an AI system that asked for a confirmation code I had never received, meaning I couldn’t get through to anyone. I was repeatedly directed to the online help page, which offered no useful assistance whatsoever. I also sent numerous emails to customer service, only to receive the same automated AI-generated responses over and over again. This caused unnecessary stress while I was trying to organise my holiday, including accommodation, transfers, and activities. After several days with no meaningful support, I eventually contacted Booking.com through Instagram. They finally provided a phone number where I was able to speak to a real person. I was then told that my flights had never been processed. There was no apology and, more importantly, no email, phone call, or any other attempt to inform me that the booking had failed. Had I not continued chasing this myself, I could have turned up expecting to travel without ever having valid flights. Thankfully, there were still seats available, but that may not have been the case. This experience was stressful, time-consuming, and completely unacceptable. I have lost all confidence in Booking.com and will never book flights through them again. If you’re considering using Booking.com for flights, I would recommend booking directly with the airline instead to avoid the risk of being left without a confirmed booking or any meaningful customer support.",1,2026-08-07T20:40:43.000Z,Negative
Booking.com,Travel,If I could leave a -10 star review,"If I could leave a -10 star review, I would. By far the most horrible experience I've ever had with a third party booking site, there was a change in schedule of our flights, and they did not accommodate enough time with the extra layover. So our last two flights departed at the same time, causing us to completely miss our third flight. They've been impossible to reach for a refund or fix for this situation, so we forked out another $2000 to get an immediate flight, doubling our cost this trip.",1,2026-08-07T20:19:18.000Z,Negative
Booking.com,Travel,CANT CONTACT THEIR SHI...,CANT CONTACT THEIR SHI.... CUSTOMER SERVICE,1,2026-08-07T20:17:39.000Z,Negative
Booking.com,Travel,No room & no refund,"Reserved a room, got there & it was a dorm, a male dorm & I'm female. Had nowhere to stay, it was 36 degrees, 2 months & still haven't been refunded because apparently I didn't have a flexible policy. Impossible to speak to a person with sense, & they just want me to give up & pay for a place I didn't stay in. I advize not to bother.",1,2026-08-08T07:42:18.000Z,Negative
Booking.com,Travel,Thieves - refund not sent despite cancelled flights!,"Had two flights booked - to Istanbul and a return to Gatwick . Both flights were cancelled and refunded by the airline , yet I have been sent a partial refund and still owed over £100 from booking.com despite the airline refunding them the total amount . I have chased and chased via call , email and chat and nothing . Repeatedly told to wait and be patient , promised deadlines that have repeatedly passed . Thieves!! Send me the rest of my refund!",1,2026-08-07T19:30:39.000Z,Negative
Booking.com,Travel,I tried to book flights to Malta which…,I tried to book flights to Malta which didn’t go through as my Klarna didn’t have enough spending power so the money got taken out of my account refunded then taken out of my account again. I’ve contacted the customer service but they are not even getting back to me so now I’m a lot of money out of pocket. Thanks,1,2026-08-07T18:50:32.000Z,Negative
Booking.com,Travel,Never again,Booked a 3rd floor apartment with sea views and a balcony but got a grimy rundown groundfloor flat next to a busy road at a completely different address to the one I booked. Booking say they can’t refund me without permission from the host. Of course the host isn’t going to agree. They are the one who scammed me. So Booking take the side of scammers. Avoid this site like the plague. Why do we keep giving our money to these awful companies?,1,2026-08-07T18:14:32.000Z,Negative
Booking.com,Travel,I booked a place it shows with in one…,I booked a place it shows with in one mile to me in Croatia when I booked the book me same name 20 miles way and different country in Bosnia when I discoverer I told them to cancel they didn’t even bother and they asked for a review which I made one and they refused my review this the 3 time I hade problem with booking.com and the last time will no be booking with them,1,2026-08-07T17:54:22.000Z,Negative
Booking.com,Travel,THE ABSURD,"I have been a customer of Booking.com for several years, but now I have experienced the absurd. Now I find myself with a property not being booked any longer because the website says that the owner has cancelled the stay. I had booked time off from work in order to travel to the property and spend 10 days of relax. How can I find something at a similar price in such a short time? to make things more interesting and awkward, the app has stopped me acting because Booking has disabled my account. I did not receive no emails, text messages or calls to tell me that the reservation had been cancelled. What if I would have not checked the app and on the presumed arrival day I would have crossed England for over 200 miles for naught?",1,2026-08-07T17:30:53.000Z,Negative
Booking.com,Travel,Software and customer service failure,Their software had a bug and I was unable to pay for my hotel reservation with an updated credit card. They said they would help me find a different hotel if bug was not fixed before payment deadline. My reservation was canceled due to the bug not being fixed and they made no effort to help me find a new hotel.,1,2026-08-07T17:18:07.000Z,Negative
Booking.com,Travel,DO NOT USE BOOKING.COM,"When my reservation was processed, Booking.com incorrectly classified one of the youth travelers in my party as an ""unaccompanied minor"" and charged an additional fee of $194 for a service that was neither requested nor available through the airline. As well as charged me for seat reservations $49.90 per person. After the booking was completed, the airline contacted me directly to advise that this reservation was invalid because they do not offer unaccompanied minor services. As a result of the error made during the booking process, the airline was forced to cancel the entire reservation for all five travelers. The airline also confirmed that even though booking charged and collected payment for reserved seats, they did not reserve them with the airline. This cancellation created substantial inconvenience and financial hardship. I spent approximately four hours working with the airline to rebook travel arrangements that should not have been disrupted in the first place. The situation caused unnecessary stress and required significant time and effort to resolve. To support my claim, I have submitted multiple written complaints and provided documentation, including: Copies of the original booking confirmation Documentation Written communications from the airline confirming that the reservation was improperly booked Evidence that the airline canceled the reservation as a direct result of the booking error Despite submitting this information on three separate occasions, I have not received a meaningful response or reimbursement from Booking.com.",1,2026-08-07T17:11:30.000Z,Negative
Booking.com,Travel,DO NOT USE,"DO NOT USE! We put in the date only to discover when we arrived, it was two months later. No ability to cancel, had to pay for what room was available. Impossible to actually find a way to speak to a person, took 10 minutes just to find a ""Request"" button for the cancelation which they say is non-refundable. Hotels don't like working with them. First and LAST time ever using them.",1,2026-08-07T16:31:10.000Z,Negative
Booking.com,Travel,Steer away from this website,"I used booking.com twice, ended up being a horrible experience both times. the first time, i booked a place to stay at in toronto. it was nothing like described. the listing had used fake pictures, the place had bugs, and we were told only 3 people can come in even though our reservation was for 5. The second time, i give it one more chance and rent a car on it. when i show up to come pick up the car, i get told that they dont have my reservation on file and that i shouldnt have went through booking.com. My advice would be to absolutely steer away from this service because they turn simple bookings into stress tests.",1,2026-08-07T16:10:48.000Z,Negative
Booking.com,Travel,Booking .com are the worst company I…,Booking .com are the worst company I have ever dealt with in 65 years there customer service is non existent with 3000 staff dedicated to fobbing you off with every excuse under the sun to avoid giving you an agreed refund there policy must be “if we fob them off enough times they will give up and go away and we will achieved our goal of maximising our profits to our customers expense after 7 phone calls all promising a supervisor to call back not once have they attempted to call absolute sheisters,1,2026-08-07T16:00:50.000Z,Negative
Booking.com,Travel,Booking.com Took the Payment but Did Not Take Responsibility,"Very disappointing experience with Booking.com customer service. After booking and paying for an accommodation, the property sent separate check-in rules with important restrictions that were not clearly disclosed on the Booking.com listing before payment. One major issue was that close family members were not allowed to visit us during the stay, which made the accommodation unsuitable for our family, as both parents would be working and our child needed care from grandparents during the day. I contacted Booking.com support several times, but the process was circular and unhelpful. I had to repeat the same issue multiple times, and Booking.com mainly acted as a messenger between me and the property instead of properly reviewing the situation and helping resolve it. This experience seriously damaged my trust in Booking.com. Customers should be protected when important conditions are disclosed only after payment.",1,2026-08-07T15:31:43.000Z,Negative
Booking.com,Travel,Their customer service is an American AI Agent,Their customer service is an American AI agent. Do not use,1,2026-08-07T15:29:10.000Z,Negative
Booking.com,Travel,DO NOT BOOK FLIGHTS,Classic - if I could put 0 stars I would. I booked return flights to Vietnam through Dubai in January this year. Now I totally understand that flight were disrupted because of the war in Iran. Booking.com or really ‘gotogate’ contacted me to ask if I wanted to change my flights or get a refund. I chose the refund option as I had a limited time in Vietnam due to time off and the new flight didn’t match up with hotels book. I was told that my refund would be with me in 14 days. Fine - I booked another flight. I go on the trip and come back and it’s not been a month or so and still no money. I contacted booking.com customer service multiple times all giving me different answers. One woman even said there was not time limit on refunds - I asked her okay so I have to wait a year - 10 years (as a joke) and she said maybe. The trip was end of march- April. I continued to contact them through April and into may and eventually I had to contact my bank which is how I finally got the refund IN JUNE. They offered me a refund in Feb/ march time. Hotel experience has been okay with booking.com but DO NOT BOOK FLIGHTS. I’ve learnt my lesson and I will always booked through the airline even if it is more expensive. I thought as booking.com is usually very reputable that they would be okay but never again. The only response I ever got was we are waiting for the airline. However I contact the airline direct and they basically told me they have issued it to booking.com and could not do anything else on their end. BE AWARE THEY ALSO USE GOTOGATE so this review is also for them.,1,2026-08-07T14:18:55.000Z,Negative
Booking.com,Travel,NEVER HIRE A CAR THROUGH BOOKING.COM!!,"NEVER HIRE A CAR THROUGH BOOKING.COM!! Having hired a car from SIXT through Booking.com for an 8 day trip whilst in Australia and paying extra for the full insurance, I can safely say NEVER AGAIN! I had an accident when a Wallaby ran out in front of the vehicle, as well as injuring the animal it caused £1500 worth of cosmetic damage to the car. As the insurance was through a third party, I had to pay SIXT $6000 bond to cover the damage, wait weeks to get the balance back once they had repaired the vehicle and then weeks again to finally get my claim paid to me. This whole process took over 3 months and a lot of time and many, many emails, as well as stress and inconvenience. The whole process was flawed from start to finish, terrible communication and awful customer service. I will be cancelling my Booking.com account and never using them again. Hire directly through the car hire company and pay a little bit more, it’s worth it.",1,2026-08-07T13:52:19.000Z,Negative
Booking.com,Travel,Please do not book your car hire with…,"Please do not book your car hire with Booking.com. I booked in good faith for car hire and full insurance only to be charged twice as much by the car hire company for the same services. Booking.com were of no help in getting me any refund, I will never use them again.",1,2026-08-07T13:36:29.000Z,Negative
Booking.com,Travel,DON'T USE BOOKING.COM,"DON'T USE BOOKING.COM - property didnt exist and they would not let me speak with a supervisor, hung up on me saying they won't answer my questions and I'm not allowed to record or report this further.",1,2026-08-07T13:17:31.000Z,Negative
Booking.com,Travel,Never use Booking.com ever,"I booked flights to Canada through Booking.com before reading any reviews which is my first regret. My flights were cancelled by airline at short notice and I was unable to speak to anyone. After booking my own flight direct with another airline and arriving in Canada safely, I attempted to call Westjet and Booking.com over days with no solution except each company pointed to the other. Staff at Booking.com, when I eventually got through to a human being, were extremely rude and lacking in any care whatsoever. They repeatedly gave me false information and ignored my plight. It’s nearly 24 hours since I was promised a call back from a supervisor in “a couple of hours”. Even after repeating their legal requirements they pointed me back to Westjet. This has left me completely stressed out and spoiled at least 2 of my holiday days. DO NOT USE BOOKING.COM EVER. They just scam you and nothing for their customers",1,2026-08-07T13:10:07.000Z,Negative
Booking.com,Travel,Booking.com compensation fails to meet expectations,"Two times it happened that our booking got cancelled the day of arrival, after a lot of hassle and calling with the booking costumer service we have received our money back. The downside is that we now had to book a different accommodation very last minute and pay more for those accomodations. Booking.com would compensate up to €60,- for this, which we thought was quite good costumerservice. It turns out that this is the amount paid out to the booking wallet. You don't receive the money it self, if you don't use it quickly enough it will disappear and its extremely hard to find an accommodation that accepts wallet payments. All in all, traveling with booking.com has been the worst, most time consuming and stress full experience in my years of travel",1,2026-08-07T13:05:26.000Z,Negative
Booking.com,Travel,Never in my life will I use Booking.com…,"Never in my life will I use Booking.com again. Charged me when trying to book a stay, got a message saying that the booking went wrong but the money has been charged (?!). No problem, next message was an option with the question ""do you want a refund?"" - yes, i do. It then said you will be refunded in 7-12 days(?!). Okay. Funny how you can charge in a blink of an eye but need 12 days to pay back. But okay. It has now been a month and no refund has been issued. Customer service is a bot, i messaged them there, got the answer that i will be receiving an answer within 24h. 7-10 days went by, then a got an answer asking me for some kind of pin so that they could look into the refund issue. Comical to be honest, this is one of the worlds biggest online platforms. Never again simply.",1,2026-08-07T13:01:39.000Z,Negative
Booking.com,Travel,Im not sure what has changed lately…,Im not sure what has changed lately with this company. They cancelled my booking as they tried to take the full amount but I was paying on arrival. Rang the hotel directly and they were so pleasant to deal with. Couldn't get in contact with booking.com. Not sure i would book with booking.com again,1,2026-08-07T12:44:36.000Z,Negative
Booking.com,Travel,Horrible company will never use them…,Horrible company will never use them again. They charged me for two rooms on the same days. Sent them a cancellation for one of the rooms since I extended my stay and they won’t accept it unless the hotels sends it. Crooks,1,2026-08-07T12:21:16.000Z,Negative
Booking.com,Travel,Never use Booking.com for flights – absolute scammers with atrocious customer service,"Avoid Booking.com for flights. Our 19-year-old son was left stranded in the USA after Booking.com told us his return flight had been cancelled and that the only option was to buy another ticket home. Delta later confirmed the ticket had actually been converted into an eCredit, meaning there was no need to purchase a new flight. We spent hours on live chat, were repeatedly promised callbacks that never happened, given contradictory information, and even provided with the wrong email address to make a formal complaint. The lack of competence, accountability and customer care was shocking. An incredibly stressful experience that cost us time, money and unnecessary worry. I would never trust Booking.com with flights again.",1,2026-08-07T12:11:49.000Z,Negative
Canva,Software,,"I started using Canva as an addition to CapCut. I like the fact that Canva is good for anyone who is new to video and image creation. I would recommend it for anyone that is just starting out , becaus... See more",4,2026-08-07T06:15:32.000Z,Positive
Canva,Software,,We have a school version of Canva and it seems to me that there are limitations unless it's because I'm not using the system correctly. I watch tutorials that say I can do this or that but when I try... See more,4,2026-08-07T21:12:46.000Z,Positive
Canva,Software,,"Basically, because it's pretty much user-friendly. I appreciate the offers; they are great for aspiring artists and entrepreneurs who may not have the money to access all of their awesome services. I... See more",4,2026-07-30T20:05:56.000Z,Positive
Canva,Software,,Canva is amazing but I really wish if they could add layering separate taps like how other graphic tools have so u can download all the layers separately. it will be really nice. But overall canva is... See more,4,2026-07-30T21:32:31.000Z,Positive
Canva,Software,⭐⭐⭐⭐⭐,"⭐⭐⭐⭐⭐ Excellent customer service! I recently had an issue with a subscription charge that I wasn't aware of. I contacted Canva Support, and they responded incredibly quickly and resolved the issue within minutes. The refund was processed without any hassle. I really appreciate how helpful and responsive the Canva team was. Thank you, Canva! 🙏",5,2026-08-11T14:26:21.000Z,Positive
Canva,Software,A little intimidating at the beginning…,A little intimidating at the beginning to understand how to edit to videos,3,2026-08-11T12:23:07.000Z,Neutral
Canva,Software,Easy to create and amazing can be done…,Easy to create and amazing can be done here!,5,2026-08-11T10:51:58.000Z,Positive
Canva,Software,Canva is an exceptional tool for all…,"Canva is an exceptional tool for all kinds of graphic design needs, especially because of its incredible variety of templates. Whether you need professional business presentations, engaging social media posts, modern resumes, or creative event flyers, Canva offers thousands of high-quality options. The design flexibility allows users to customize colors, fonts, and layouts effortlessly. It saves so much time while consistently delivering polished, highly professional-looking results for every project",5,2026-08-11T03:09:22.000Z,Positive
Canva,Software,The workers were very nice although I'm…,The workers were very nice although I'm still having the same problem after it's been fixed 🥲,5,2026-08-10T21:20:18.000Z,Positive
Canva,Software,Their service sucks,"Their service sucks, they think that by instantly issuing a code for a re-print solves the problem",1,2026-08-10T20:40:34.000Z,Negative
Canva,Software,Very helpful for someone not tech savvy.,Very helpful for someone not tech savvy.,5,2026-08-10T18:49:28.000Z,Positive
Canva,Software,Wanted refund not even a day,"Wanted refund not even a day, couldn’t help me not using this again",1,2026-08-10T18:35:13.000Z,Negative
Canva,Software,All the people that were attended to my…,"All the people that were attended to my case, so professional and helpful! Thanks so much",5,2026-08-10T16:59:01.000Z,Positive
Canva,Software,I really enjoy using Canva,"I really enjoy using Canva! It’s super easy to use, even if you don’t have much design experience. There are so many great templates to choose from, and I can quickly make presentations, flyers, social media posts, and more. It saves me a lot of time, and my designs always come out looking professional. Definitely recommend!",5,2026-08-10T16:18:04.000Z,Positive
Canva,Software,I had three charges from Canva come out…,I had three charges from Canva come out of my bank account that was debited on my husband‘s debit card that we did not authorize! I could not get a hold of someone at Canva because I could not find a customer service number anywhere on the website and no one emailed me back for a couple days. I had to have my bank dispute the charges. Luckily my bank was able to get the refund after disputing! There were three charges to my account in two days totaling $186! no company should have a website and not a good customer service number that someone can call.,1,2026-08-10T15:40:40.000Z,Negative
Canva,Software,Canva is so wonderful and so easy to…,"Canva is so wonderful and so easy to use, creatively bringing to life the programs that we create to share with others. I can’t imagine life without Canva!",5,2026-08-10T15:40:27.000Z,Positive
Canva,Software,Love how easy Canva is!,"Love how easy Canva is! Canva is a great website. I love how you don't have to be good at making slideshows and presentations to use it. Canva AI is great for generating images, and giving you accurate anwers!",5,2026-08-10T14:41:49.000Z,Positive
Canva,Software,Flaws and assets of my experience,"My experience was great because I got to do a lot of fun projects with my friends!All I wish is that normal could remove backgrounds,remove watermarks,and acess to locked fonts and elements.",4,2026-08-10T14:38:52.000Z,Positive
Canva,Software,Too complicated,Too complicated. I gave up trying to create a simple video after a number of failed attempts.,1,2026-08-10T03:46:17.000Z,Negative
Canva,Software,I've been using it for over 6 months,"I used to use PicsArt, but Canva is excellent in creating art the, ai is adaptive and can easy correct suggestions via chat.",5,2026-08-10T01:06:34.000Z,Positive
Canva,Software,step by step understanding,"was very easy to understand, step by step hands on experience, and there were canva help were you could ask questions if you needed help.",5,2026-08-09T23:40:15.000Z,Positive
Canva,Software,It was fine,"It was fine, after I figured out how to use it.",4,2026-08-09T21:52:44.000Z,Positive
Canva,Software,I couldn't do it without Canva!,Canva has helped me make beautiful flyers and creative invitations with ease. I recommend Canva for all people who need help with creativity.,5,2026-08-09T17:56:11.000Z,Positive
Canva,Software,"An easy place to start, learn, and produce.",I being amateur at graphic art. Canva walked me step by step with no unwanted financial pressure following the style of work I chose. I'm very thankful for canva.com for being there when I needed them the most!,5,2026-08-09T17:08:03.000Z,Positive
Canva,Software,Outstanding customer service,"Having used Canva various times before for a multitude of projects I decided to design and print the booklets for my wedding service on Canva also. Unfortunately, there was a printing error and some of the design got cut off during print and I received unusable booklets 3 separate times. However, this review is not to complain about the printing error as these things happen but more to highlight the outstanding customer service I received when I contacted the Canva support team about the error. On every occasion they looked into the issue and ordered a reprint at no further expense and on the third try when I was finally out of time, they processed a full refund for the order. The Canva team truly went above and beyond to help ensure I had a good experience (special thanks to Chris & Jack) and despite the issues I would not hesitate to use Canva again for more projects",5,2026-08-09T14:53:46.000Z,Positive
Canva,Software,Canva is terrible,It was hard and terrible,1,2026-08-09T14:36:56.000Z,Negative
Canva,Software,Very accommodating,"Very accommodating, and solved my problem.",5,2026-08-09T14:12:21.000Z,Positive
Canva,Software,A bit useless now,A bit useless now - I find that AI does most of this quicker and to a higher standard than I am able myself. Not worth the money.,2,2026-08-09T12:57:00.000Z,Negative
Canva,Software,I like the templates and it is very…,I like the templates and it is very easy to use.,5,2026-08-09T09:33:57.000Z,Positive
Canva,Software,When you do a template for video it is…,When you do a template for video it is so hard to be able to do more than one slide. I don't like it. They should make it easier to not use a template and easier to use one. Other than that's its pretty good!,4,2026-08-09T05:22:24.000Z,Positive
Canva,Software,It is very innovative and I enjoy doing…,It is very innovative and I enjoy doing work here.,5,2026-08-09T05:06:48.000Z,Positive
Canva,Software,The shirt fits like a small,"The shirt fits like a small, not a medium",3,2026-08-09T03:18:01.000Z,Neutral
Canva,Software,My first time using Canva,My first time using Canva. Unbelievable software and production capabilities. Project start and completion time cut in half. This was the most professional looking project I have had. Greg in CA,5,2026-08-09T02:49:29.000Z,Positive
Canva,Software,Create Great With Ease,Canva made it easy for me to build a custom presentation. With plenty of free customizable features and templates to get the job done with flare! I found the experience to be painless and the creative flexibility to be enjoyable. I especially liked the animation effects!,5,2026-08-09T01:01:20.000Z,Positive
Canva,Software,Everything has changed on canvas,"Everything has changed on canvas, there is no help area and the AI just tries to change my images. Not what I wanted.",1,2026-08-09T00:41:14.000Z,Negative
Canva,Software,***** Five Gold Stars,***** Five Gold Stars,5,2026-08-08T23:55:10.000Z,Positive
Canva,Software,Wanted a simple frame for my picture,Wanted a simple frame for my picture. Took a while with no result; gave up.,2,2026-08-08T22:05:54.000Z,Negative
Canva,Software,I don’t appreciate that no notice is…,I don’t appreciate that no notice is given before you are charged every month. Canceling was not easy. Would not recommend for short term use.,1,2026-08-08T20:23:06.000Z,Negative
Canva,Software,Lots of interesting fonts,Lots of interesting fonts. Helpful grammer corrections.,5,2026-08-08T19:26:19.000Z,Positive
Canva,Software,I love all the different elements that…,"I love all the different elements that you can add and all the different fonts, but I wish that without Canva pro you could make custom sized presentations. I make banners, and that would be very useful.",4,2026-08-08T17:55:14.000Z,Positive
Canva,Software,Editing struggles,While the design elements and printing is fast it's a struggle to edit or modify a design.,3,2026-08-08T17:22:40.000Z,Neutral
Canva,Software,Fourth time was (not) the charm,"This is the fourth time I submitted the documents and I finally received a clear (negative) response. The first time I sent some documents and they rejected me on the grounds that I did not have an online presence (did not have a website) even though I had Social media and the website was in the works. After I finalised the website, I applied again and they asked me to provide clarification as a reply to a non-responsive email (I received back the answer that the mail is not monitored). After a while, I got the response that my application was rejected due to non-response. After that rejection email, I received another email with clarification on the legal representative. After my response to that email, i did not receive any answer and also no way to respond After a while, I have applied again. This time i got the reply email that my application was rejected due to filing it in the wrong category (I filed it unde NGO category). Finally, I ased their personalised AI to help me get clarification and it found me some email address from which I got some clarification that (through another AI, not a human), actually, I got rejected because, I the documents, even though the organisation was an NGO, it was not a CHARITY NGO. I dont know what a charity NGO does because we provide free training courses to our target group with the help of our sponsors. I decided to quit and to use CLAUDE and GEMINI NOTEBOOK to develop our materials and brand kit",1,2026-08-08T16:31:56.000Z,Negative
Canva,Software,great,great！very perfect communication.,5,2026-08-08T13:38:01.000Z,Positive
Canva,Software,Thank you for Jian🌷 so professional,"Thank you for Jian🌷 so professional. So kind. Love Canva,love its support .",5,2026-08-08T13:11:49.000Z,Positive
Canva,Software,Removed professional look from pro,"they've lost my trust by removing valuable benefits from the PRO plan to get more money for a Business level that has features that a one person business has no use for. Their huge brand in the center of a QR code looks so tacky and unprofessional I would never use it for a client. If they diminish other features that made doing business easier and professional looking without being forced to brand them, I will be finding an alternative company to work with.",1,2026-08-08T02:44:57.000Z,Negative
Canva,Software,The follow-through was courteous and professional,"I was billed twice in error. When I explained the issue to Canva, they checked their files, asked for more documentation, and within a day, refunded the extra billing. They stayed with me and saw the issue through, courteously and professionally.",5,2026-08-08T02:10:58.000Z,Positive
Canva,Software,Canva limitations for students,"We have a school version of Canva and it seems to me that there are limitations unless it's because I'm not using the system correctly. I watch tutorials that say I can do this or that but when I try I'm breaking my brain to get it done. For example, I put a graphic map on one of my slides and I want to write inside the boxes/bubbles.Everything say go to textbox or hit letter T but neither option does anything.",4,2026-08-07T21:12:46.000Z,Positive
Canva,Software,It’s a great place for creation,A lot of useful elements! AMAZING,5,2026-08-07T20:40:43.000Z,Positive
Canva,Software,The personal are helpful and canva is…,The personal are helpful and canva is really well to use because you have more exemple to choose when you are at work for school presentation or anything else. And I will give it a good 4 of 5,4,2026-08-07T20:01:57.000Z,Positive
Canva,Software,Outstanding Customer Service,"I had a wonderful experience with Canva Support. A huge thank you to Ivy Mary Mae and Grace Marie for their kindness, patience, and professionalism. They took the time to carefully review my case and account activity, and they were able to resolve my concern by processing a full refund. I truly appreciate their understanding and excellent customer service. Thank you, Canva, for having such an amazing support team!",5,2026-08-07T18:17:53.000Z,Positive
Canva,Software,Horrible in that that keep charging my…,"Horrible in that that keep charging my account way past when I cancelled. Trying to get a refund is practically impossible due to lousy chat bots that have no authority to refund your money, and lousy customer support that is basically non-existent. Buyer beware of Canva!",1,2026-08-07T18:12:41.000Z,Negative
Canva,Software,Fun and useful!,Canva is fun and useful!,5,2026-08-07T17:58:52.000Z,Positive
Canva,Software,i dont like that u have to buy so many…,i dont like that u have to buy so many templates.,3,2026-08-07T16:31:57.000Z,Neutral
Canva,Software,I love how easy it is to use this app,I love how easy it is to use this app. The design is simple and allows you to import your own pictures. I use this for my song album covers and so much more!,5,2026-08-07T16:07:05.000Z,Positive
Canva,Software,Unreliable,"Unreliable! I pay for this platform and they have two fundamental problems: 1. they often change usability, things move, change, get deleted and 2. Outages!! Their servers cannot cope. I often have issues with uploading, continuous circle trying to upload and getting no-where. It could be a brilliant tool, but the unreliability makes it difficult. Suggest Adobe Express, never an issue",1,2026-08-07T11:53:42.000Z,Negative
Canva,Software,Good,It helped me with work,5,2026-08-07T09:19:26.000Z,Positive
Canva,Software,I have had a horrible experience with…,I have had a horrible experience with this company I had tried to cancel my membership many times with unsuccessful attempts this has continued and the company has not been able to resolve or provide a valid reason for me not getting a refund,1,2026-08-07T08:16:44.000Z,Negative
Canva,Software,Super easy and fun,"So many things to choose from, definitely one of my top apps. LOVE IT. has helped me so much throughout these years. Although it definitely is harder without pro. really easy to learn!",5,2026-08-07T07:07:06.000Z,Positive
Canva,Software,I started using Canva as an addition to…,"I started using Canva as an addition to CapCut. I like the fact that Canva is good for anyone who is new to video and image creation. I would recommend it for anyone that is just starting out , because it is pretty easy to use and navigate around in. There is also tutorials that help you navigate through the different products.",4,2026-08-07T06:15:32.000Z,Positive
Canva,Software,Canva jumped right into action to…,Canva jumped right into action to retrieve my projects. Their customer service was amazing!,5,2026-08-06T23:35:34.000Z,Positive
Canva,Software,The program is very excellent and easy…,The program is very excellent and easy to deal with. It does not require any experience. It can be reached for any design and the desire for design to be easy and flexible in dealing with.,5,2026-08-06T23:32:50.000Z,Positive
Canva,Software,I had a great experience with Canva’s…,"I had a great experience with Canva’s support team. They made sure I got my account back with no hassle at all, and the entire process was smooth and stress-free. I was accommodated very nicely, and the support representative was friendly, responsive, and professional throughout. I really appreciate how quickly they resolved my issue and made the experience so easy. Thank you for the excellent customer service!",5,2026-08-06T21:17:15.000Z,Positive
Canva,Software,I 🩷 using canva!,It is really fun to use and is helpful for any type of ideas or projects.,5,2026-08-06T20:44:46.000Z,Positive
Canva,Software,Associate Professor,I like the experience.,5,2026-08-06T20:42:03.000Z,Positive
Canva,Software,Easy to Design and video editing…,"Easy to Design and video editing anybody Professional,unprofessionals can use Paid version can like adobe premium Thats can use easy So mamy template, sample audios, instruments, many style of text",5,2026-08-06T18:19:43.000Z,Positive
Canva,Software,wouldn't let me activate my student…,wouldn't let me activate my student account,1,2026-08-06T17:39:25.000Z,Negative
Canva,Software,Canva for life sia,Canva should be free to everyone and everyone should be able to use everything,3,2026-08-06T17:38:28.000Z,Neutral
Canva,Software,Gave me all the tools I need for school use graphics.…,Gave me all the tools I need for school flyers and my pitch decks.,5,2026-08-06T17:13:37.000Z,Positive
Canva,Software,Sorry,Sorry - it takes me a long time to understand anything new with computers. today will be my 3rd class I hope I understand a little more the women teaching the class are wonderful but I need someone to actually sit with me and work with me alone I am trying very hard to try to understand it but I don't even know how to download anything right now this is not working for me,1,2026-08-06T17:02:25.000Z,Negative
Canva,Software,"Really cool, and I like it.","I really like using canva for my random ideas. It's really creative. I kinda do wish that more of it was free and wouldn't say I needed to pay for premium/canva business. Otherwise I really like it, and no complaints other that.",4,2026-08-06T16:32:10.000Z,Positive
Canva,Software,Super kind,"Super kind, super patient with me and work pretty fast to resolve the issue. Thanks Stephany!!",5,2026-08-06T13:22:16.000Z,Positive
Canva,Software,The best Canva help me a lot☺️ keep up…,The best Canva help me a lot☺️ keep up the good work thank you so much and God bless who build this company and who keep on working for the this team♥️♥️,5,2026-08-06T08:31:53.000Z,Positive
Canva,Software,canva is so very useful sa tulad kong…,canva is so very useful sa tulad kong student and may printing business,5,2026-08-06T07:25:50.000Z,Positive
Canva,Software,love it,it is so helpful i made tons of great stuff with canva not sponserd,5,2026-08-06T07:01:08.000Z,Positive
Canva,Software,AI ON CANVA IS THE WORST,THIS CANVA AI THING IS STUPID AND IT DOESNT WORK AT ALL IT IS A STUPID THING THAT DIDNT WORK AT ALL IS SO STUPID I HATE IT I HOPE IT GETS A VIRUS AND DOESNT WORK FOR EVERYONE ELSE MAYBE IF IT WOULD HAVE WORKED I WOULD ACTUALLY MIGHT HAVE GIVING IT A 2 STAR NEVER AGAIN WILL IT WORK.,1,2026-08-06T04:22:18.000Z,Negative
Canva,Software,The Canva team were amazing,The Canva team were amazing. I had a small problem after printing and they were able to rectify it so quickly and help me meet my deadline!,5,2026-08-06T03:34:18.000Z,Positive
Canva,Software,Easy to use,"Easy to use, excellent design platform.",5,2026-08-06T02:49:15.000Z,Positive
Canva,Software,great customer service,"great customer service, canva policies are good but with understanding and courtesy to people. great app, will surely use again.",5,2026-08-06T00:49:39.000Z,Positive
Canva,Software,"It's not just about the app alone, it's also about the people behind it.....","Out of all the other support teams I have had encountered and talked to, Canva was the most hands-on, accommodating, and loveliest team. They not only catered my request to transfer account ownership from my late teacher, they never forget to send me condolences and gave me assurance every time I ask about things I had a hard time understanding. Despite having different team members updating me, every mail I received treated me with respect and kindness. They never left me hanging. They actively attended to my request and did it only in a short period of time. What I love the most is everytime I say my thanks, they always reply in a comforting tone saying that they're beyond grateful to have served me as a canva user. Once again, to every member I talked to, my heart is so full that I will never forget the kindness and customer service you all showed me. To canva, please keep them safe, treat them well, and provide them with the best salary they deserve. They're the best people you could ever have in your team. ❤️‍🩹 Very truly yours, Lei",5,2026-08-06T00:18:35.000Z,Positive
Canva,Software,"After 3 years, I still use Canva almost daily","I've been using Canva for almost three years and have found the platform stable, intutive, fast and with lots of things I can do. I've created images for printing, graphics for website development and 5 second videos I'm put together for a 30 second video. Although the text to voice has a lot to be desired, using other platform to generate the speach, uploading the files to Canva was really easy.",5,2026-08-05T22:53:19.000Z,Positive
Canva,Software,Entirely non intuitive.,Entirely non intuitive.,1,2026-08-05T22:39:46.000Z,Negative
Canva,Software,"Unintended auto-renewal charge via MoMo, request for refund - Order ID: 04964-37194356","I am a student experiencing severe financial difficulty and was unexpectedly charged for a Canva Pro subscription via MoMo. I have not used any Pro tools or downloaded any designs since the charge occurred. I submitted multiple tickets and replied to the support emails requesting a manual review, but I have only received automated responses or delays. MoMo cannot process a chargeback without Canva's approval. Please escalate my case to a human support agent to review my zero account activity and process a full refund as soon as possible. My Order ID is 04964-37194356. Thank you.",1,2026-08-05T22:08:47.000Z,Negative
Canva,Software,Waiting to see if the experience actually works this time,"The experience seems to have worked well and was simple and easy. However, I have used this same experience before to cancel only to be charged again months later. So it is difficult to say because an experience can seem easy but if it doesn't work, then it is meaningless. I gave it 3 stars because it is better than being both difficult AND meaningless.",3,2026-08-05T20:19:20.000Z,Neutral
Canva,Software,They were so kind and patient,"They were so kind and patient, taking the time to help me understand what was wrong. They didn't take long to answer, and I really appreciate their teamwork.",5,2026-08-05T20:10:34.000Z,Positive
Canva,Software,New to the system and still learning.,New to the system and still learning.,5,2026-08-05T19:44:03.000Z,Positive
Canva,Software,Canva is awesome!,Canva is awesome! It is super user friendly,5,2026-08-05T18:35:23.000Z,Positive
Canva,Software,Quick response to questions,Quick response to questions. How long can I keep “free canva”.,5,2026-08-05T18:30:13.000Z,Positive
Canva,Software,love the platform,"love the platform, i use it for my job on a daily basis it makes life so muhc easier as i need help with elemts in design and i am far from a desinger.",5,2026-08-05T15:29:40.000Z,Positive
Canva,Software,I am thus far grateful and appreciative…,"I am thus far grateful and appreciative of the communication with the team. However, the issue has yet to be resolved (the last team member said they are working on the case) and I am thus confused as to why I am getting an evaluation survey with a still open case….",4,2026-08-05T04:42:42.000Z,Positive
Canva,Software,Excellent customer service!,"My print arrived damaged. Customer support IMMEDIATELY processed a new print and provided a delivery date. The date was too close to the wedding that the print was for so I asked for faster delivery. Again, customer support IMMEDIATELY stopped the processing and created a new order with expedited shipping. I received the new print in perfect condition and with plenty of time to spare. I couldn’t be happier!",5,2026-08-04T19:05:37.000Z,Positive
Canva,Software,Best site for my animations,"I've tried a few sources to create a animated video and have found Canva to be the best. I only wish I could afford to pay for it, but I only animate for fun, so I'll take my couple freebies on the free account.",5,2026-08-04T18:30:08.000Z,Positive
Canva,Software,Helped me with my issue & also…,Helped me with my issue & also responded fast after i contacted them with my issue I had. I will be recommending this app for everything!,5,2026-08-04T18:29:57.000Z,Positive
Canva,Software,Easy to design and print,"Easy to design and print! Reasonably priced. And when we had an issue, customer service was super helpful and solved it very quickly.",5,2026-08-04T18:21:43.000Z,Positive
Canva,Software,I had a great experience with Canva…,"I had a great experience with Canva Support. They responded to my refund request very quickly and handled my concern professionally. The process was smooth, and they clearly explained everything, making it easy to understand. I truly appreciate how fast and successful they were in resolving my issue. Thank you for the excellent customer service and for valuing your users.",5,2026-08-04T16:18:20.000Z,Positive
Canva,Software,Very nice app,"Very nice app, I am using it to create for our church page on Facebook",5,2026-08-04T15:37:39.000Z,Positive
Canva,Software,Really Easy,"Really Easy, best designing option!",5,2026-08-04T14:19:37.000Z,Positive
Canva,Software,Perfect for Beginners,"""It is a fantastic tool for beginners. I have successfully created 10 designs here, and the templates are very helpful.""",5,2026-08-04T12:20:16.000Z,Positive
Canva,Software,Really nice experience I have had with…,Really nice experience I have had with using canva.great elements to use it works as the biggest part of my digital product business 👌,5,2026-08-04T08:32:15.000Z,Positive
Canva,Software,Account Recovery,"Stephanie, from Canva support, was very helpful and prompt with helping me to recover my account. I’m very grateful and this makes me want to keep using Canva.",5,2026-08-04T08:05:46.000Z,Positive
Canva,Software,Good app,"That it is a free app, is great!! For me, the app is very difficult to use. I'm very confused with what I want to do...while I try to figure out how to use it, It is very useful for people who know what is needed and not so confused.",4,2026-08-04T07:33:26.000Z,Positive
Canva,Software,They gave me a coupon to reorder my…,They gave me a coupon to reorder my invitations on them🥹🥹 I love this app so much,5,2026-08-04T06:19:04.000Z,Positive
Canva,Software,Lost all my work 'there was an issue on our end' when loading.,"It was great to start off with, then when I went to edit something it kept saying ""there was an issue on our end"" and so I had no access to the things I was working on, over various days with different intenet connections. Basically I lost all my work and all the time I spent on it, had to restart everything and lost so much time.",1,2026-08-04T03:31:58.000Z,Negative
Canva,Software,We have had a Canva account for years,"We have had a Canva account for years. I had to change the email and credit card associated with the account when someone retired. Instead of was able to do this online. However, Can a has continued to charge the old credit card for several months now. I have found no way to contact a live person to resolve the issue. The chatbot/AI assistant is no help at all. I have spent several hours over the past 2 months to resolve. It is maddening.",1,2026-08-04T01:46:11.000Z,Negative
Canva,Software,Good job; fast turnaround,Able to pick up at FedEx the next Ray after placing the order. There was a small error but they reprinted at no cost. Good job!,5,2026-08-04T00:26:05.000Z,Positive
Canva,Software,I am technology challenged and ADHD so…,"I am technology challenged and ADHD so I had to be coached a bit to create the buttons I wanted, but that said the program seemed pretty user friendly. I really enjoyed using it.",4,2026-08-03T21:37:37.000Z,Positive
Canva,Software,Enhancing my Bible studies,The platform is allowing me to take my lesson plans to the next level with engaging dialogue and graphics that hold the attention of the audience.,4,2026-08-03T21:25:57.000Z,Positive
Canva,Software,I was a publisher user but with it…,"I was a publisher user but with it going away I needed a user friendly program to design with for the church. There are functions that aren’t as easy to preform, but I think it just that I haven’t gotten the hang of operating in Canva, yet. I am delighted with the ease of most functions and the many options I have yet to uncover.",4,2026-08-03T21:25:51.000Z,Positive
Canva,Software,Refund received on a timely manner,Responded promptly and efficiently.,5,2026-08-03T20:26:47.000Z,Positive
Canva,Software,Re-sent Order to My New Address,My order was originally sent to my old address and I didn’t catch it before the order shipped. Canva backed me 100% and sent out a replacement order to my new address and it arrived in time for my conference!,5,2026-08-03T19:29:22.000Z,Positive
Canva,Software,All of the materials that are shared to…,All of the materials that are shared to all teacher and out off duty too!,5,2026-08-03T19:24:03.000Z,Positive
Canva,Software,excellent across the board,"easy to use, great templates, wonderful idea-starters",5,2026-08-03T16:57:13.000Z,Positive
Canva,Software,It was awesome,It was awesome. I wish there more free features.,5,2026-08-03T16:48:16.000Z,Positive
Canva,Software,Essential for digital communication,"Canva has become an essential part of my communication toolbox for work & social media. Easy to use, multiple options on format, and endless templates - it's got everything.",5,2026-08-03T15:40:52.000Z,Positive
Canva,Software,Creative,"Creative, tools are easy to use, once you understand th epurpose",5,2026-08-03T13:13:22.000Z,Positive
Canva,Software,Excellent Customer Support,"The Canva team was patient, professional, and incredibly helpful throughout my account recovery process. Even though my case was complicated, they guided me every step of the way until I successfully regained ownership of my account. Special thanks to everyone who assisted me. I truly appreciate your dedication and excellent service. Thank you, Canva!",5,2026-08-03T11:37:29.000Z,Positive
Canva,Software,Unbelievable response time,Unbelievable response time,5,2026-08-03T10:15:29.000Z,Positive
Canva,Software,I love Canva,I love Canva. I designed two book covers and found the program super fun and creative. The sky is not the limit with Canva. I highly recommend it!,5,2026-08-03T08:17:14.000Z,Positive
Canva,Software,Great handy user & customer experience,"Great handy, easy to use features with very great customer support.",5,2026-08-03T00:52:44.000Z,Positive
Canva,Software,"that Canva is a really good place to make slide shows, docs, and other things.","well, i really like Canva but i don't like how you have to have a subscription to do all the good stuff. Like, you only have a couple options of pictures to choose from when you do the free account. I think that you shouldn't have have to pay for more pictures. I'm fine if you have to pay for some stuff, because i know the people making the pictures and running Canva want to be paid, because I would to. I just think that you shouldn't have to pay for everything. I hope this makes cense. But otherwise, I really like Canva.",3,2026-08-02T22:09:32.000Z,Neutral
Canva,Software,They reached out in a timely manner,They reached out in a timely manner. I was able to get my cards reprinted! Thank you,5,2026-08-02T22:03:14.000Z,Positive
Canva,Software,The app is very different to use and I…,The app is very different to use and I was unable to add music to my video.,1,2026-08-02T21:47:45.000Z,Negative
Canva,Software,Absolutely awful,Absolutely awful. Complete waste of time. Nothing worked properly. The AI tool was terrible. The customer service team were pointless,1,2026-08-02T19:46:07.000Z,Negative
Canva,Software,Just having fun,It is very fun I mostly use it for just making silly slides so I don't know if you really want my insight!,4,2026-08-02T19:42:30.000Z,Positive
Canva,Software,I had an issue where I thought I had…,I had an issue where I thought I had ordered books I had designed. Turned out to be notebook with my cover on. Had a prompt response and step by step what I should have done. As a new small business. This is so helpful.,5,2026-08-02T17:54:41.000Z,Positive
Canva,Software,Good so far,Hello. The support is very timely and responsive but I'll put off giving a non-neutral review until the refund gets through.,3,2026-08-02T17:14:27.000Z,Neutral
Canva,Software,I was able to make a resume from my…,I was able to make a resume from my phone for free using your format also provided for free. Very cool would recommend even if my resume is still shit lol.,5,2026-08-02T17:10:31.000Z,Positive
Canva,Software,Helped me with many design ideas and…,Helped me with many design ideas and projects.,5,2026-08-02T16:47:55.000Z,Positive
Canva,Software,Good Customer Service,Roxanne Marie was quick to solve my issues. Thank you for your help!,5,2026-08-02T16:29:22.000Z,Positive
Canva,Software,My book is great because of Canva!,"Im writing my book on canva, and it's been great. I've been able to do things that I would not have done on a Google doc. Now even though I had to pay for premium, which I didn't. I still got acces to things I loved and wanted.",5,2026-08-02T15:53:19.000Z,Positive
Canva,Software,its really hard to say that it was…,"its really hard to say that it was refunded easy coz if didnt contacted google play, it may not get refundend or its just me. anyway, thankiess",3,2026-08-02T13:12:32.000Z,Neutral
Canva,Software,They listened to me and changed a…,They listened to me and changed a decision. I am grateful for the ability to use Canva Education.,5,2026-08-02T12:14:56.000Z,Positive
Canva,Software,Very helpful!,Great customer support.,5,2026-08-02T09:39:45.000Z,Positive
Canva,Software,Very useful,It is an amazing experience.,5,2026-08-02T02:42:51.000Z,Positive
Canva,Software,I LOVE IT!!!!,I LOVE IT!!!!! lots of stuff to choose from!!!! and it is literally magic like they said,5,2026-08-02T00:16:24.000Z,Positive
Canva,Software,Excellent experience,Excellent customer service,5,2026-08-01T22:19:02.000Z,Positive
Canva,Software,Canva is a great resource for creators,Canva is a great resource for creators. It’s a treasure trove of helpful templates and intuitive features. Much appreciated and highly recommended.,5,2026-08-01T21:30:30.000Z,Positive
Canva,Software,Excellent experience,Excellent experience! I highly recommend,5,2026-08-01T20:23:59.000Z,Positive
Canva,Software,They gave me clear instructions on what…,They gave me clear instructions on what I need to do in order to get Access back to my paid account,5,2026-08-01T20:09:13.000Z,Positive
Canva,Software,Very good plenty of editing tools I've… Photo editor,Very good plenty of editing tools I've tried a lot over the years but this is unbelievable,5,2026-08-01T19:27:12.000Z,Positive
Canva,Software,Great app!,Canva is an amazing free creative platform that you can undeniably use for absolutely anything and everything! 5 stars all day every day!!!,5,2026-08-01T18:15:09.000Z,Positive
Canva,Software,Amazing,Amazing! Thank you very much!!,5,2026-08-01T18:12:19.000Z,Positive
Canva,Software,Really Pretty Templates ~,"It's a really nice platform, and all the pictures recommended for me were really cute and they matched with what I wanted perfectly. Though I would like it if most of the templates weren't for premium users only.",4,2026-08-01T17:45:26.000Z,Positive
Canva,Software,Swift and stellar support services,"I have been using Canva for years and I have always maintained that it is value for money. On a recent occasion, I contacted support about an issue on my end and I was assisted almost immediately. Thanks, Canva!",5,2026-08-01T17:30:53.000Z,Positive
Canva,Software,Very fast very professional,Very fast very professional,5,2026-08-01T16:13:03.000Z,Positive
Canva,Software,Very helpful,"Very helpful, it‘s easy to get human help instead of bots which i appreciate.",5,2026-08-01T14:03:45.000Z,Positive
Canva,Software,Help for small churches with no online presence,"Like many small churches with no real online presence we were turned down several times when applying for the Non-Profit membership, despite qualifying for it. However once I contacted the customer support team online they guided me through what documentation they needed to approve my application and we are now signed up. It was frustrating at first because we kept being knocked back by the automated system but the support team could not have been more helpful - they were great.",4,2026-08-01T10:55:05.000Z,Positive
Canva,Software,Great app for various designs,Great app for various designs,5,2026-08-01T08:11:03.000Z,Positive
Canva,Software,Fast responses and took care of the…,Fast responses and took care of the issue,5,2026-08-01T04:32:51.000Z,Positive
Canva,Software,Great software and product...,Great software and product... Very happy,5,2026-08-01T02:44:29.000Z,Positive
Canva,Software,Thanks guys for fixing the problem,Thanks guys for fixing the problem,5,2026-08-01T02:35:15.000Z,Positive
Canva,Software,Canva does helping people to solve issues if needed,"Card was changed by stranger account, Canva helped a lot",5,2026-08-01T02:01:25.000Z,Positive
Canva,Software,I accidentally purchased a Years Worth of Canva Business just for one poster,"I accidentally purchased an annual Canva Business subscription while trying to download a poster I had created using premium images. I was surprised to see that I had been charged for an entire year. I immediately cancelled the subscription; however, now I was in a worse situation. I had paid a year's worth of subscription for one poster. I contacted Canva's support team by email, explained what had happened, and they responded quickly. They understood the situation and issued me a full refund without any hassle. I really appreciate their professionalism and willingness to help. Mistakes happen, and it's reassuring to know that Canva's customer support handled the issue fairly and efficiently. Thank you for the excellent customer service.",5,2026-08-01T01:58:35.000Z,Positive
Canva,Software,why do we ned to pay mony in canva i am…,why do we ned to pay mony in canva i am a student,1,2026-08-01T00:57:14.000Z,Negative
Canva,Software,Great!!!!,Very user friendly and top tools and Canva AI on point.,5,2026-08-01T00:51:05.000Z,Positive
Canva,Software,Angel was literal.,"Angel was quick to respond, careful with his words, and guided every step to recover my Canva with a different email.",5,2026-08-01T00:48:14.000Z,Positive
Canva,Software,The initial online chat assistance was…,"The initial online chat assistance was informative and helpful but didn’t solve the issue. After another question or two, two different people checked on me abd were helpful in finding the solution.",5,2026-08-01T00:44:39.000Z,Positive
Canva,Software,I am trying to cancel my account and no…,I am trying to cancel my account and no one will help me. I am 77 years old and have absolutely no need for this. It came with a pattern I had ordered. I could use the $18.00 a month for food. Will someone please help me??? Janet Schreiner,1,2026-08-01T00:23:53.000Z,Negative
Canva,Software,Canva is AMAZING!,I love seeing all the amazing templates! and Canva is like the best thing since Pizza*! If you're looking for anything to make it even more awesome then...Mabey adding a 3D template where I can see every graphic I put down in 3D. But still in my eyes nothing beats Canva. *please note that that was a high comparison since pizza is awesome.,4,2026-07-31T22:31:53.000Z,Positive
Canva,Software,I do not recommend,"Signed up however website didn't have what I was looking for so, cancelled the subscription within the trial period. Then a month later got charged subscription fee. Put in review with paypal as no response from Canva. Well they ended up keeping my subscription after me sending email confirmations that I cancelled subscription. Now received a very rude and abrupt email from Canva. Canva you got my money although, I HAD unsubscribed BEFORE the trial period ended so, there'so reason to send a rude email. You should be happy with scamming me 🙂",1,2026-07-31T22:23:40.000Z,Negative
Canva,Software,a lot of helpful hints since I am new…,a lot of helpful hints since I am new to Canva,5,2026-07-31T21:19:00.000Z,Positive
Canva,Software,Awesome,"Awesome, literally life made simple, without to much stress, just awesome, posters are made quicker than expected",5,2026-07-31T17:02:56.000Z,Positive
Canva,Software,The Canva team (no AI) responded…,The Canva team (no AI) responded quickly and without any discussion I’m now getting a new album sent to me in Sweden. This is beyond what I would have expected.,5,2026-07-31T17:00:16.000Z,Positive
Canva,Software,I love this platform,I love this platform. Easy to use and it has many features that anybody can use it even you don't have a design background. I really recommend it!,5,2026-07-31T15:24:04.000Z,Positive
Canva,Software,YOU ARE BILLING ME FOR A SERVICE I DID…,YOU ARE BILLING ME FOR A SERVICE I DID NOT REQUEST. YOU GAVE ME A FREE SERVICE AND THEN SENT A REQUEST FOR PAYMENT ON PAYPAL!!! I NEVER SIGNED UP FOR THAT EITHER!!! YOU BETTER NOT REQUEST THAT PAYMENT AND RESCIND THE REQUEST!!!!,1,2026-07-31T15:15:19.000Z,Negative
Canva,Software,I'm new to Canva,I'm new to Canva. Was proficient with PowerPoint years ago. Canvas is less intuitive.,3,2026-07-31T13:22:42.000Z,Neutral
Canva,Software,Using for various creatives,"Using for various creatives, always works and I like their templates too.",5,2026-07-31T11:52:33.000Z,Positive
Canva,Software,I was happy with the end result and…,"I was happy with the end result and once you know how to access and use the different features, the process becomes easier.",4,2026-07-31T05:29:46.000Z,Positive
Canva,Software,Good experience,"Good experience, nice app",5,2026-07-31T05:21:43.000Z,Positive
Canva,Software,Thank you for being in this stars and…,Thank you for being in this stars and we truly enjoyed,5,2026-07-31T03:58:24.000Z,Positive
Canva,Software,My experience was fabulous,My experience was fabulous. The query has resolved very fast and now I am able to work on Canva. Very helpful and supportive.,5,2026-07-31T03:29:40.000Z,Positive
DoorDash,Food Delivery,,"Just a heads-up for anyone who uses DoorDash. I recently placed an order, and the store was out of the items I ordered. The store told me to report the items as out of stock in the DoorDash app... See more",1,2026-08-06T14:28:30.000Z,Negative
DoorDash,Food Delivery,,Second time I placed delivery order from the same restaurant. Second time Door Dash delivered someone else's order. Door Dash customer service said all they could do was refund order - but not the w... See more,1,2026-08-08T23:35:27.000Z,Negative
DoorDash,Food Delivery,,Cancelled order DoorDash charged afterward on account Ask to cancel transaction on account for order was cancelled Instead they put a credit on DoorDash account I didn’t ask for On message to... See more,1,2026-08-01T06:42:01.000Z,Negative
DoorDash,Food Delivery,,I ordered McDonald's Door Dash delivery and they delivered an entirely wrong order! The driver claimed to have delivered the correct order but I have the bag with the receipt clearly showing the order... See more,1,2026-08-02T21:17:43.000Z,Negative
DoorDash,Food Delivery,I decided to write a review based on…,I decided to write a review based on service since I have moved. I realized when I came to write a review they have the worst reviews I’ve ever seen of any company and it’s understandable. They are liars they cheat they steal your money. They bring you food that’s nothing but shit that you have to throw out when it gets here. I really can’t think of anything worse that they could do that. They haven’t already done. They are criminals and they steal your money.,1,2026-08-11T08:20:16.000Z,Negative
DoorDash,Food Delivery,The worse service you ever have!!,The worse service you ever have!!! I placed an order for the groceries for Costco through door dash. They delivered to completely different address and refused to take a responsibility out of it!! I spent $300 for this and got nothing!! Their help desk are useless!! Even the the supervisor are useless!! The map clearly shown they dropped it off to the wrong place!! And all they need just to retrieve it and sent it to the rite one!! How hard is that be??? So unfair from my end but they literally do nothing about it!! Pls don’t ever use this useless service!! They are more like robbing u!!,1,2026-08-11T05:31:42.000Z,Negative
DoorDash,Food Delivery,My driver or dasher did fantastic,My driver or dasher did fantastic,5,2026-08-11T04:28:01.000Z,Positive
DoorDash,Food Delivery,Very disappointing experience with…,"Very disappointing experience with DoorDash. I placed an order and provided the correct delivery address, but the order was marked as “delivered” to a completely different address. I never received my food. When I contacted customer service, I was told that it was an “app glitch” and that it was not their fault, and they refused to provide any meaningful solution. As a customer, I shouldn’t have to deal with the consequences of an error in the app or delivery system. If the order was delivered to the wrong address, DoorDash should take responsibility and resolve the issue instead of simply blaming a technical glitch. Very poor customer service and a frustrating experience. I expected much better from DoorDash.",1,2026-08-11T03:19:41.000Z,Negative
DoorDash,Food Delivery,Anytime I place an order,"Anytime I place an order, I am unable to make ANY custom changes, and I don't mean anything detailed, just no ice in my drink or something similar. The bottom portion where these requests should go is completely grayed out, and no changes to the prompt can be made. It states instead that I have to call the restaurant to make special requests. The fact is that you cannot make special requests if you can't get the restaurant on the phone, which is impossible during a rush. When I called DoorDash, I was told that there isn't anything that they will do about it because the problem is the merchant. But if I call the merchant, they say it's a setting that's decided by DoorDash. Nobody is willing to fix anything, and everyone just passes the buck. I've now cancelled my DashPass subscription permanently.",1,2026-08-11T01:44:17.000Z,Negative
DoorDash,Food Delivery,The worst customer service and driver…,The worst customer service and driver delivery service I have ever experience since delivery began. I order and got the wrong order and my whole food experience was ruined. They only gave me one third of the total cost back. The bag was soiled with wet greasy spots. I was terrified Doordash consistently does this to me. I have had an account for a year and this day I decided to terminate. Don't do business with Doordash. They personally are all low on the scale.,1,2026-08-11T01:22:45.000Z,Negative
DoorDash,Food Delivery,★ 1 Star,"★ 1 Star — DoorDash Completely Ignored a Serious App Problem and Penalized Me for It I’ve completed nearly 5,000 deliveries as a Dasher and have maintained a 95%+ acceptance rate and Platinum Dasher status. I know how the DoorDash app is supposed to work, which makes what happened—and DoorDash’s complete lack of response—even more frustrating. On July 28th, I started dashing and was hit with 15 timed-out orders. The problem? The assignments NEVER showed up on my phone. They didn't appear on my screen for me to accept or decline. I never saw the restaurants, the payout, the distance, or any other information about these orders. They simply weren't there. I couldn't accept them. I couldn't decline them. I never even had the opportunity to make a decision because DoorDash never delivered the assignments to my phone. And to be clear, this isn't a case of me using some outdated phone that can't handle the DoorDash app. I have a current, top-of-the-line smartphone with 5G capabilities, with more than enough capability to run the DoorDash app. I've completed nearly 5,000 deliveries using the platform. I immediately contacted DoorDash multiple times and explained exactly what was happening. I was told they would investigate the issue. I actually stopped dashing for 10 days to give DoorDash time to figure out what was wrong before I tried again. During those 10 days, all I received were generic, form-letter responses essentially saying, “Here's your reference number, and we're looking into it.” Apparently, they weren't looking into anything. On August 7th, I tried dashing again, and the exact same thing happened. This time I caught the problem after another 5 assignments timed out, bringing my total to 20 timed-out orders. Twenty orders. NONE of these were declined orders. I did not decline them. The assignments never showed up on my phone. Some of these were high-paying orders. Some were very short, easy deliveries that I would have gladly accepted. I never even got the chance to see them. Yet DoorDash's system apparently considers all 20 of these as though I intentionally chose not to accept them. The result? My acceptance rate went from over 95% down to 76%, putting my Platinum Dasher status at risk. I've contacted DoorDash repeatedly. I've explained the problem. I've given them the dates. I've provided the reference numbers. I've stopped dashing for 10 days while they supposedly investigated. Then I tried again and experienced the exact same technical failure. And what has DoorDash done? Nothing. They refuse to properly investigate the technical problem. They refuse to correct the 20 timed-out assignments. They refuse to restore my acceptance rate. And they refuse to restore the Platinum status that I earned through thousands of deliveries. After nearly 5,000 dashes, I know the difference between an order I intentionally decline and an order that never appears on my phone in the first place. If DoorDash's system fails to deliver an assignment to a Dasher's phone, the Dasher should not be penalized for it. I did everything I was supposed to do. I reported the problem. I stopped working for 10 days to give them time to investigate. I tried again, and the exact same problem happened. I've repeatedly contacted support, and instead of actually fixing the problem, I've been given generic responses and reference numbers. At this point, I have no confidence that anyone at DoorDash is actually investigating my situation. DoorDash needs to take responsibility for its own technology instead of making Dashers pay the price for technical failures that are completely outside of their control. Nearly 5,000 deliveries, a top-of-the-line 5G phone, a history of maintaining a 95%+ acceptance rate, and Platinum status—and apparently none of that matters when their system fails and their support team refuses to fix it. If you're considering becoming a Dasher, understand that when something goes wrong with the DoorDash app, you may be completely on your own. Extremely disappointed in DoorDash and their support. One star is generous.",1,2026-08-11T01:11:48.000Z,Negative
DoorDash,Food Delivery,Don't order from this company they are…,Don't order from this company they are dishonest and will take your money even if you didn't get the food or they cancal your order they will keep your money,1,2026-08-11T00:26:46.000Z,Negative
DoorDash,Food Delivery,So I ordered a pizza at my place of…,"So I ordered a pizza at my place of employment. I came out the meeting when they said they were here but didn’t come up to the 5th floor, so I went back and forth to my meeting and the 5th floor elevator, nobody showed. So he then text me he was here, got to the elevator and he or she not there neither is my pizza. So I called the driver and he said DoorDash told him to leave my pizza on the floor by the elevator doors. This makes no sense because there are glass doors on both sides with a receptionist. So tell me how do the say this was delivered to me. I refuse to use any of these apps anymore, they are actively stealing your order which in case they stealing your money. I have been a customer for years but I no longer will order and neither is my family. I would suggest no one use them because they are finding ways to take your hard earn money, it’s bad enough how much they charge us for delivery.",1,2026-08-10T20:31:52.000Z,Negative
DoorDash,Food Delivery,"Horrible customer service, withholding funds","They took my money and cancelled the order when the driver was supposed to be collecting it, withholding my money for 5 days and no form of compensation. No human customer service only bots, avoid this disgusting excuse for an app.",1,2026-08-10T13:39:12.000Z,Negative
DoorDash,Food Delivery,Ordered some kettle de scaler and they…,"Ordered some kettle de scaler and they delivered oven cleaner instead, then sent me an email saying the claim to change it was denied! Was my first ever purchase for delivery like this and will be my last.",1,2026-08-10T06:15:05.000Z,Negative
DoorDash,Food Delivery,Door dash appears to be a huge scamming…,"Door dash appears to be a huge scamming company and I plan to expose them. Several of my orders have been stolen! Tonight my food was delivered to the wrong address. I messaged the dasher but no reply he claimed at first that he didn’t know which house when my light is on and I’m in my door and the address is clear as day on my home! I contacted Doordash and they rudely said there’s nothing we can do about this and end the chat on me! I feel that they have been doing this to me lately because I have reported them to the Better Business Bureau. I’ve noticed that I’ve been getting unfair treatment since then. I want my money back. I’m sick of this for Easter. I placed the order four times for my children’s Easter things I spent a lot of money and four different dashes stole each order and canceled after checkout! Doordash has become a huge rip off Company and I’m sick of it! I’ve ordered food with no tomatoes no lettuce, but have gotten food with lettuce and tomatoes. I reported it to Doordash with screen, record, recording, and screenshots of the Food and screenshots of the specifics of no lettuce, no tomatoes and they have refused my refund. Also, I was overcharged a few days ago. I uploaded screenshots to chat support and was told that my money would be refunded however, my money was not refunded and they completed the transaction! I was told that I would be refunded and receive a seven dollar credit that’s to be used in 24 hours. I immediately checked once I was told this and did not see the seven dollar credit nor the refund. I immediately contacted Doordash, and they completely ignored me saying we see it on our end. I sent screenshots immediately showing it was not there several times even until the next morning at 4 AM and they treated me like crap and refuse to fix the issue. This company should be banned by the Better Business Bureau Dasher should be made to use LEGIT phone numbers. I’ve had Dashers show up that the profile don’t even belong to men showing up when it’s supposed to be Women smelling like weed and alcohol. I’ve complained to Doordash and they still sent the same dashes to me over and over. I’m sick of this.",1,2026-08-10T05:07:11.000Z,Negative
DoorDash,Food Delivery,DoorDash Support Is an Absolute Disaster,"DoorDash delivered one of the worst support experiences I’ve ever dealt with. I’ve still got a headache from trying to imagine how a company can be THIS bad. I spent 48 hours trying to fix a simple issue adding a payment card, and every single agent — about 10 of them over two days, including a supervisor — gave me a different story. “Under review,” “escalated,” “waiting for payments team,” “24 hours,” and my personal favorite: “Do these troubleshooting steps,” which basically tells me they think I made the mistake. The problem is I did ALL the troubleshooting steps at least six times. Every explanation they gave me was wrong. After two full days of wasted time, I finally got the real answer: DoorDash does not accept KOHO cards. A basic policy fact that could have been communicated instantly by simply checking the list of accepted payment methods. Instead, I was dragged through a pointless cycle of scripted apologies, fake escalations, and agents who clearly had no idea what the actual policy was. No one checked anything. No one gave a straight answer. They just repeated the same empty lines over and over. The supervisor claimed to be “consulting with my team,” yet still couldn’t provide the correct information. That tells me the training is poor, the communication is worse, and the support system is basically theatre — lots of talking, zero action. And after finally telling me the truth, they had the nerve to ask me to complete a survey. After two days of misinformation and wasted time… unbelievable. A simple answer turned into a 48‑hour mess because no one knew the policy. My advice: don’t use this company EVER.",1,2026-08-10T02:48:51.000Z,Negative
DoorDash,Food Delivery,Horrible service,Horrible service. Dasher/Driver never showed up and DoorDash takes no responsibility for this and charges the customer anyway. Disputing charges. Horrible customer experience.,1,2026-08-10T02:31:18.000Z,Negative
DoorDash,Food Delivery,I was at hospital on tyler texas 703…,I was at hospital on tyler texas 703 south fleshiel Ave Tyler TX heart hospital I ordered from door dash they picked it up and they say they delivered it they did no we were at desk they took a picture of a corner of hospital no food in it I asked did anybody recognize the place they say they left it they would not refund my 45.00 don't use these dam crooks us Uber eats much better fxxxthem will never do business with them again Larry Veal milam TX,1,2026-08-10T01:02:14.000Z,Negative
DoorDash,Food Delivery,DOORDASH HAS THIEFS DRIVING FOR THEM !!!!!!,"I PLACED AN ORDER FROM A COSMETIC STORE. THE DOORDASH DRIVER PICKED IT UP FROM THE STORE BUT NEVER DELIVERED IT TO ME, AND DID NOT RETURN IT TO THE STORE. DOORDASH HAS THIEFS DRIVING FOR THEM !!!!!!",1,2026-08-09T21:57:56.000Z,Negative
DoorDash,Food Delivery,Very disappointed,Very disappointed. Delivery delayed due to no local delivery personnel.,1,2026-08-09T18:46:10.000Z,Negative
DoorDash,Food Delivery,New customer no more…,New customer to doordash had 3 orders total. First 2 were great experiences. I even left a great review for each order and the driver. Last night I was feeling snackish and I ordered some cookies and cheesecakes from 7-11. The driver arrived in a timely manner and asked me if 7-11 had contacted me to which I replied no. He told me they did not have any cheesecake in stock so there is none in the bag. He asked I sort that out with Doordash for a refund but to let them know it was the store not the driver. I then escalated the issue through the app. There was no option to take a photo. I reported the missing cheesecakes and it went under review. I then after that discovered they also sent me the wrong cookies as well but couldn't report that because they were already reviewing that. I wake up this morning to find out my refund was denied. I called customer service ans was denied a refund again after explaining everything above. I let the lady on the phone know she ws very pleasant but seems to me that doordash has some really poor procedures and policies and I would no longer be a doordash customer after this. So I just paid $25 for $12 worth of cookies. Such BS,1,2026-08-09T15:55:35.000Z,Negative
DoorDash,Food Delivery,They don’t refund items that were never…,They don’t refund items that were never delivered.,1,2026-08-09T15:12:40.000Z,Negative
DoorDash,Food Delivery,Horrible issue resolution and penalizes customers.,"Of recent the accuracy is poor ie every time I order meat from the grocery story they charge me for more lbs than purchased. The first time they refunded the price of the meat (excessive-I only needed the difference) and going forward no matter what’s wrong they can’t help. The meat was $9. Smh. I’ve paid for more things that I did receive, and charged once more for more meat than I received. SMH. No thank you. Best of luck.",2,2026-08-09T06:14:49.000Z,Negative
DoorDash,Food Delivery,I am homebound and have to order food…,"I am homebound and have to order food delivery. I've been using DoorDash two times they delivered to the wrong address.. the first time they refunded my money of $19 which was just a portion. Today I ordered a meal that cost me $40. I did not deliver it, but it said on the app that it had been. I sent a text to DoorDash and have heard nothing back I would be very Larry of using any food delivery apps!!! I will no longer use these food delivery apps. I will order from the places that do their own deliveries. BEWARE!!!!! BEWARE!!!! BEWARE!!!! BAD FOOD APPS",1,2026-08-09T03:15:37.000Z,Negative
DoorDash,Food Delivery,Worst company in the world poor service,Worst company in the world the customer service is complete crap. I had a friend give me a door dash gift card bc I had to put my dog down this week and I had four confirmed orders in my door dash this week and get to the restaurant and they say they never received it and this is a common issue with DoorDash. I call DoorDash and they go we will get you a refund within 24 hours for your credits. I say what can you do as this has ruined my dinner for four nights this week and they go I get how you feel but there is nothing we can do for you. This company can burn in hell.,1,2026-08-09T02:37:40.000Z,Negative
DoorDash,Food Delivery,Ditch doordash,"What a ridiculous business, they take your money then find out they do not have what they claimed to have, so you choose no substitutions and they give a refund, that takes 5 to 7 business days. How about knowing your inventory so this can not happen, I will NEVER use this stupid doordash again, what a clown show, loaded with incompetence, I would advise to anyone to pass on these unorganized grifters.",1,2026-08-09T02:32:40.000Z,Negative
DoorDash,Food Delivery,Doordash is less than convenient.,Doordash is less than convenient. Less than helpful. Less than useless......,1,2026-08-09T00:29:44.000Z,Negative
DoorDash,Food Delivery,"Door dash drives are clueless, customer service useless","Second time I placed delivery order from the same restaurant. Second time Door Dash delivered someone else's order. Door Dash customer service said all they could do was refund order - but not the whole charge for the order. When asked why, they told me I had to go after the restaurant. They have an I could care less attitude then have the nerve to ask my issue has been resolved - NO.",1,2026-08-08T23:35:27.000Z,Negative
DoorDash,Food Delivery,I have had two different orders…,I have had two different orders delivered to wrong address or stolen by driver even after texting or calling the driver they made no attempt to rectify the delivery. I had to deal with constant run around getting my money back for my orders they are the worst and delete my account they told they couldn’t refund my money on my last order to to their refund policy. They will not ever get my business again.,1,2026-08-08T14:13:37.000Z,Negative
DoorDash,Food Delivery,Order was delivered to the wrong…,Order was delivered to the wrong address. The Dasher stated it was the address Door Dash gave him and wouldn't resolve the issue. He asked me to go and pick uo the order myself after i told him i was sick. Can't talk with or even email anybody at Door Dash to verify if they did provide the wrong address.,1,2026-08-08T12:47:43.000Z,Negative
DoorDash,Food Delivery,Hopeless!!,Hopeless!! Order wasn’t delivered. Delivery time kept changing In the end NO dinner However did get a refund However I wanted food 😏,1,2026-08-08T09:58:39.000Z,Negative
DoorDash,Food Delivery,They screwed up my order,"They screwed up my order, twice in one night, said they would refund it, they never did refund it, called back, they told me to contact the restaurant, when their employees messed it up, not the restaurant.",1,2026-08-08T04:45:44.000Z,Negative
DoorDash,Food Delivery,Priority Customer Consumer Beware,"Consumer beware: DoorDash charged me an extra $2.99 for Priority Delivery, advertised in red letters as “directly to you.” I have a screenshot of that claim, yet my driver had two other customer stops before mine. How is that different from regular delivery? DoorDash also refused to refund the fee. Regulators should examine whether customers are being charged for a service that is not provided as advertised.",1,2026-08-08T01:13:49.000Z,Negative
DoorDash,Food Delivery,⭐ 1 STAR,"⭐ 1 STAR — DoorDash is NOT what you think it is After using DoorDash repeatedly, I have to say that my experience has been extremely disappointing. Food frequently arrives late, cold, damaged, or poorly handled. And when there is a problem with the driver, getting meaningful help from DoorDash can be incredibly frustrating. We have had drivers leave food without asking for the required delivery code. We have also had situations where the driver was late, the food was cold, and the pizza arrived crushed. One incident went far beyond a bad delivery. We contacted DoorDash while the driver was still involved, and the driver became belligerent and cursed at me while DoorDash was on the phone. He was more concerned with leaving to make another delivery than addressing the fact that our order had arrived late and damaged. The situation became serious enough that a police report had to be filed. What made it even more frustrating was DoorDash telling us that they couldn’t do anything because the driver was working through a third-party arrangement. That raises a very basic question: Who is actually responsible when something goes wrong? DoorDash charges customers delivery fees, service fees, membership fees, and encourages tipping. Customers are essentially being asked to absorb more and more of the cost while the delivery experience can still be terrible. And then there are the confusing options where you’re asked to pay extra if you want your order delivered immediately rather than having it bundled or delayed. If I’m already paying delivery and service fees, why should I have to pay even more just to receive the food I already ordered in a reasonable amount of time? The biggest problem is accountability. When everything goes smoothly, DoorDash gets paid. But when something goes wrong, suddenly everyone has an excuse — the restaurant, the driver, the third-party company, or the customer. DoorDash needs to take responsibility for the entire delivery experience, not just the transaction. At the end of the day, DoorDash doesn’t feel like a reliable delivery service. It feels like a middleman collecting fees while customers are left dealing with the consequences when the system fails. My advice: think twice before ordering. The fees aren’t worth it if your food arrives late, cold, crushed, or you can’t get meaningful help when something goes wrong.",1,2026-08-08T00:39:00.000Z,Negative
DoorDash,Food Delivery,Everything has been fine until last…,Everything has been fine until last night the domino's order from hell. The delivery driver delivered $51 of food and drink to yhe wrong address not once not twice but three times. Because apparently he cant follow GPS. Pizza was 2.5 hours late and ice cold. DOORDASH couldn't find it in their heart to issue even partial refund. Avoid this company like the Black Death they dont deserve your business.,1,2026-08-08T00:27:44.000Z,Negative
DoorDash,Food Delivery,Awful,"Awful, instantly canceled my order after taking my money and then they wouldnt let me get credits and instead made me wait 5-7 business days for my money back.",1,2026-08-07T22:46:53.000Z,Negative
DoorDash,Food Delivery,Someone used my credit card twice to…,Someone used my credit card twice to make their own purchases.,1,2026-08-07T22:27:55.000Z,Negative
DoorDash,Food Delivery,Fraudulent company,I ordered Wingstop and then I – an order at steak ‘n Shake. My steak ‘n Shake was never picked up. DoorDash refused to refund me for the steak ‘n Shake order. I escalated the issue and they said there was nothing they can do and then hung up on me without resolving or giving me my money so now I’m filing a dispute with my bank in my bank said that they will refund my money.,1,2026-08-07T21:24:53.000Z,Negative
DoorDash,Food Delivery,Efficient,"Food always arrives on time, the drivers are friendly, courteous, and handle items with care and their customer service is excellent unlike Uber eats.",5,2026-08-07T19:28:36.000Z,Positive
DoorDash,Food Delivery,I ordered door dash and the app…,I ordered door dash and the app glitched and sent it to a city 110 miles away from my location. I called them and they refunded and then the order after it was cancelled was rerouted from another store but still was 110 miles away from me. So they said they would cancel and refund. So I tried a second time and when I did get my correct order a 3rd of my food had been eaten and my drink had been drank. But I still received a cup with ice and about 1/4 of my drink. So they said they would refund that. I sent them pics of it still sitting by my hotel door. The next day they charged me full price on all 3 orders and now refuse to refund. This is all on my corporate card so it doesn’t come out of my pocket at all. So it wouldn’t do me any good to make this up. Door dash is a joke. Never using it again.,1,2026-08-07T14:03:17.000Z,Negative
DoorDash,Food Delivery,Too many times my order was WRONG so…,"Too many times my order was WRONG so the request was declined in which it's understandable the policy has this rule due to untrustworthy people. However, customer service really infuriated me to the point of screaming and cussing out the guy that refused to give the refund. It took this stubborn [ not going to use the word I'd like to use on this review] long enough to get someone else on the line to get the money placed on the card and that could take up to 5 days to get it back on the card. The reciept was correct but the food was not. Pictures of the food and the reciept was taken and sent . I heard I'm sorry but....blah blah blah and I understand...No they don't! They don't care who they try to scam. NEVER AGAIN will I ever be using the corrupt door dash again. They'll make a woman want to unleash the Madea in her.",1,2026-08-07T12:08:56.000Z,Negative
DoorDash,Food Delivery,The worst delivery service ever,The worst delivery service ever! They assign multiple orders to a driver and the drivers usually take very very long to complete the order as they have to deliver multiple orders and the food delivered is cold!!,1,2026-08-07T11:47:32.000Z,Negative
DoorDash,Food Delivery,Started monthly service without my authorization,I don't have their app nor do I have an account with them but they started charging me a monthly fee which I never signed up for. Of course you cannot contact anybody there so I had to go through the trouble of canceling my credit card and getting a new one. This company is a scam,1,2026-08-07T00:00:20.000Z,Negative
DoorDash,Food Delivery,Door dasher has food thieves,"Twice now someone has picked up my food from wawa, and decided they needed it more than me. Either have some standards or pay your people better. This is ridiculous",1,2026-08-06T23:14:05.000Z,Negative
DoorDash,Food Delivery,I placed an order with a store for general items and grocery.,I placed an order with a store for about 25 items. I received a message from the dasher saying he was there and starting to stop. I messaged him when the order was an hour late - he never responded. I found later from DD customer service that he cancelled my order. I was never notified by him or by DoorDash.,1,2026-08-06T23:10:12.000Z,Negative
DoorDash,Food Delivery,i do not recommend using doordash,i had to deactivate my account cause doordash only wants to refund you what they want. then they want to give you credits instead of your money back. i paid 5.99 plus tax for my baby kids meal from wendy's that never showed up with the rest of the food. they gave me a 1.47 credit which they did not want to give cause they said the food was weighted and showed all of it was together. dasher did not speak enligsh and was no help. i have had to many problems with doordash and not receiving my food or it was made incorrectly to only lose out on money.,1,2026-08-06T21:06:30.000Z,Negative
DoorDash,Food Delivery,Stupid commercial on TV,Stupid commercial on TV - says it's free - duh - costs $100. to get a Doordash before you can order their jacked up prices,1,2026-08-06T20:50:28.000Z,Negative
DoorDash,Food Delivery,So awful if I could give it zero I…,So awful if I could give it zero I would consistently getting the order wrong today sent me the commenter wrong order and gave me credits instead of a proper refund and then use bots to try and fix the issue so awful this company is horrible,1,2026-08-06T19:47:31.000Z,Negative
DoorDash,Food Delivery,I ordered my food and it was delivered…,"I ordered my food and it was delivered to the wrong address. The driver argued it was delivered per the GPS. I reached out to Door Dash help, and they were only going to offer a $4.00 refund. So, I lost my whole order and got NOTHING from Door Dash. I have deleted the app and will only use UBER for now on. This was a horrible experience, and it definitely swayed me away from Door Dash.",1,2026-08-06T18:16:02.000Z,Negative
DoorDash,Food Delivery,My pharmacy uses doordash to deliver…,My pharmacy uses doordash to deliver their medicine and I called in my prescription not I didn't call him my doctor called it in on the 5th of August it's now the 6th of August and they're saying it's going to be 5:00 this afternoon before I can get very important medicine that I need I even called doordash and requesting them to do something and they transfer me back to Walgreens it's a sorry company don't use them make the extra effort go to the store get it yourself if you're waiting for a prescription like me you might die before you get it,1,2026-08-06T18:13:49.000Z,Negative
DoorDash,Food Delivery,Ordered a Cheesesteak that was never…,Ordered a Cheesesteak that was never delivered. DD would NOT refund payment,1,2026-08-06T17:31:11.000Z,Negative
DoorDash,Food Delivery,Just a heads-up for anyone who uses…,"Just a heads-up for anyone who uses DoorDash. I recently placed an order, and the store was out of the items I ordered. The store told me to report the items as out of stock in the DoorDash app so I could request a refund or credit. Unfortunately, DoorDash denied both my refund and credit request, even though the items weren't available. I ended up paying for food I never received. Just be careful when ordering, and make sure you understand DoorDash's refund policies before placing an order. I wanted to share my experience so others are aware.",1,2026-08-06T14:28:30.000Z,Negative
DoorDash,Food Delivery,Throw monies out the window,Rude driver who didn’t even attempt to get me correct icecream. Said didn’t have in stock when I know they did. Got 2 gallons of icecream I had to throw away cause weren’t sugar free. Customer service was horrific denying me a refund. Stay away from DoorDash unless u like throwing monies out the window,1,2026-08-06T13:46:52.000Z,Negative
DoorDash,Food Delivery,Mixed Reviews,"While I do hate the DoorDash fees and sometimes the workers are rude and don't deliver as quickly as I want so the food is cold. The deals DoorDash has can be good and there are times when the workers do their job well and if they don't, then DoorDash is usually willing to accommodate you for it.",3,2026-08-06T06:54:21.000Z,Neutral
DoorDash,Food Delivery,Halloween Delivery,"As a college student, I was always on Doordash and I've had pleasant experiences overall. Compared to their competitors, they are a little cheaper, but it definitely depends on the area. I've never had any major issues with deliveries, and if I did, it was resolved pretty quickly.",4,2026-08-06T06:27:07.000Z,Positive
DoorDash,Food Delivery,Just a terrible company,"Just a terrible company. I spent 40 bucks Dasher delivered to wrong address, their response give me 8 bucks refund, I spend so much money with them and 8 bucks is what I get, I'm getting rid of it I hope it crashes a burns.may take years but I think it will",1,2026-08-06T05:19:43.000Z,Negative
DoorDash,Food Delivery,DoorDash has been helpful when I don't…,"DoorDash has been helpful when I don't have time to cook or go pick up food myself. My biggest issue has been that delivery times can sometimes be longer than expected, and occasionally food arrives colder than I would like.",2,2026-08-06T04:25:17.000Z,Negative
DoorDash,Food Delivery,DoorDash steals customer money,"After having DoorDash for 4 years, suddenly I had an order cancelled by the Dasher after posting a pic of the receipt. No explanation, so DoorDash charged my account and would not give me a refund. Oh well probably on to better health. I do not recommend being a customer of this service.",1,2026-08-06T03:36:45.000Z,Negative
DoorDash,Food Delivery,"Convenient, but order accuracy could be better","I've used DoorDash many times because it's convenient and has a good selection of restaurants. Most of my orders arrive on time, but there have been several occasions where items were missing or my order wasn't completely correct. One thing I do appreciate is that customer support has usually been quick to issue refunds or credits when there's a problem, which makes the experience less frustrating. Overall, it's a convenient service, but I think there's still room for improvement when it comes to order accuracy.",3,2026-08-06T02:21:28.000Z,Neutral
DoorDash,Food Delivery,My food got only arrived late by 15…,"My food got only arrived late by 15 minutes. It was cold and it was not what I ordered and then when I replied to customer service, they told me that they had no.",1,2026-08-06T01:40:08.000Z,Negative
DoorDash,Food Delivery,Door dash is scammers!!,Door dash is scammers!!! They jack up prices charge service fees (they do absolutely nothing to earn) then add “discounts” that will show all they way until you checkout then the price completely changes and goes from a simple $20 order to mow a $60 meal .. screw you door dash!! SHUT THEM DOWN NOW!!!,1,2026-08-06T01:09:04.000Z,Negative
DoorDash,Food Delivery,the driver says he delivered the order…,"the driver says he delivered the order BUT, he took a picture of our PARKING SPACE, which is not in front of our building. Everything is labeled clearly on the buildings. what was not in the picture is a picture of the order sitting in front of our door. So the drivers stupid picture of our parking space is totally worthless. it proves nothing other than the driver doesn't know how to think.",1,2026-08-05T23:38:40.000Z,Negative
DoorDash,Food Delivery,"Proof of out of stock item, refund denied anyway",Was given proof by the store that the item I ordered was out of stock. Doordash still refused to refund me and wasted hours of my time. Absolutely criminal that they can just steal from you and refuse refunds.,1,2026-08-05T23:13:04.000Z,Negative
DoorDash,Food Delivery,Stay away from this company,Stay away from this company Twice I ordered and twice the item did not arrive and they would not refund Most rude,1,2026-08-05T21:38:24.000Z,Negative
DoorDash,Food Delivery,I ordered food from them,I ordered food from them. They sent a pic of where they left it. It was a pic of the restaurant. Driver didn't read directions. Called cust service couldn't get a refund or have it redelivered. I order my groceries from them and they use doordash. They suck.,1,2026-08-05T19:38:22.000Z,Negative
DoorDash,Food Delivery,Wrong order received,"Wrong order received, was cold and not edible. Contact support for them to offer nothing not even a replacement. Really bad customer service. Will not be using DoorDash again. Absolute disgraceful service",1,2026-08-05T11:45:11.000Z,Negative
DoorDash,Food Delivery,Arrogant Rude Driver & Doordash Allows It,"I placed a grocery store order and delivery. I carefully put in specific substitution preferences, very accurately I might add. There would have been NO reason for the shopper to message me. However the shopper apparently was not even reading those instructions and started bugging me texting beeping messages 20 minutes after the order. They pretty much posted the exact opposite of my instructions, which were to choose the NO-salt version of a product, for medical reasons. This was irritating so I replied no not that product in all caps. That really ""set the driver off"" for some reason and for the next 3 minutes all they did was escalate and call me ""Dude"" in the chat. The driver acted all aggressive in chat with ""I just sent the screen shot to support"" etc. Just bizarre and aggressive. Because of their rude attitude at that point I repeatedly posted ""CANCEL ORDER"" and the cancel request was refused. Also earlier I put in almost 20% tip !! And BTW doordash calls it a ""tip"" but it's actually a ""bid"" because you don't get to tip the driver AFTER the service !! Then the driver used a private entrance instead of public entrance as clearly indicated in my instructions !! Other items of the order were also wrong !! Hours later doordash sent an email warning to ME instead of reprimanding their driver !! The arrogant driver handled my food, has my address etc. yet somehow he is ""the victim"" ?? I mean wow it's an utterly out-of-control anti-consumer company that should be shut down imo. I filed a BBB complaint. I will not use doordash again.",1,2026-08-05T08:03:02.000Z,Negative
DoorDash,Food Delivery,I am a driver,"I am a driver, 100 percent complete rating 100 percent on time. Customer rating 4.97. Accepted an order for $5.00 dollars for 5.6 miles. After picking up the order the milage changed to over 12 miles. Contacted driver support and first did not want to adjust the pay. Then decided $2.50 was good. Not right i didn't agree to 12 miles. This is why drivers do not care. They charge the customer a whole lot more than we get paid. They wouldn't drive 4 or 5 miles for $2.00 but they want us to.",1,2026-08-05T07:54:55.000Z,Negative
DoorDash,Food Delivery,Don’t Trust Dealing with DoorDash!,"This is the company with the absolutely worst service I’ve ever experienced: DOORDASH!!!! It took 3 transfers and 1:30 hours to get an A-H____ as a Manager to not only treat me like as “Why the Hell should I help you after 8 years of service,” but deal with it. Of course he gave a one name (Ray). Bs. Why have to hide your manger name! My food was delivered to a wrong address, and DOORDASH wasn’t refund my money! Give them up! I will after 8 years of good service, until this giant mishandling of a simple problem…",1,2026-08-05T07:17:34.000Z,Negative
DoorDash,Food Delivery,Why isnt there ZERO stars,"Why isnt there ZERO stars? The dasher kept my food but showed it was picked up? So they kept my food while me and my kids were waiting on our food? AND IT WAS MY BIRTHDAY? The dasher didnt respond to my last message and I knew what was up..I waited OVER 2 HOURS for my food and the chat message kept saying there was nothing they can do at this point,,take it FURTHER!!!!im never using this service again,.there are way too many delivery services available to have to deal with this !!!",1,2026-08-05T06:42:05.000Z,Negative
DoorDash,Food Delivery,I wish I could give a “0”,"I wish I could give a “0”. I had a very disappointing experience with both Macy’s and DoorDash. I placed an online order through Macy’s, and they used DoorDash for delivery. Although my address is correct in both my Macy’s and DoorDash accounts, my package was supposedly delivered to a completely different address that does not exist. When I contacted Macy’s, they told me to call DoorDash. DoorDash then told me to contact Macy’s. I was left going back and forth between the two companies with no one taking responsibility or offering a real solution. This experience was extremely frustrating and a waste of my time. Customers should not have to act as the middleman when a delivery goes wrong. Based on this experience, I cannot recommend using either Macy’s or DoorDash for deliveries.",1,2026-08-05T06:30:39.000Z,Negative
DoorDash,Food Delivery,What went wrong was y’all treated a…,What went wrong was y’all treated a loyal customer that spends $500 or more with yall EVERYDAY LITERALLY. And this is how you treat me no just because I have to call in on business you are partners with or your dasher because my order wrong or messed up BULL! And I sent you pictures of the messed up food and receipts and videos and you tell me you can’t accommodate me because of to many call in or reports hell yeah I deleted my account as a human being no one deserves to be treated like that! Y’all are thieves stealing people money because if I send you pictures of dry ass pizza soggy fries pizza burnt and you start talking about to many reports. Bull 💩,1,2026-08-05T06:12:25.000Z,Negative
DoorDash,Food Delivery,Scam,I went to pay for my order and had a 50% code. I placed the order and the whole time the price was showing with the discount but after paying I had the full price with no discount removed from my bank. I contacted them to get this sorted and was told I'd get a refund. After messaging multiple times and being told the same thing I then get a call asking for all the details again. I give them it and get told they won't refund me. They then say they'll refer it to someone who can refund me. I have had seven calls from them now all exactly almost to the word the same and no refund. The final one saying that she would refund me if it was in her hands but it's not. I then asked to actually be sent through to someone who can deal with my situation like I'd been told I would several times. And she almost on repeat would reply saying she's sorry for the inconvenience and try end the call.,1,2026-08-05T05:45:29.000Z,Negative
DoorDash,Food Delivery,Lazy Drivers Cannot Find the Correct Address,"DoorDash in Arlington just cannot get a delivery address correct. We live at a 4705 address and there is another 4705 address on a nearby street. The Dashers ALWAYS, without fail, deliver our food to the wrong 4705, even though the street name is not even vaguely similar to ours. We even tried to ask for in-person delivery, which requires a code, but the Dasher went ahead and delivered to the porch of the wrong address , apparently without waiting for the homeowner to give them a code. Uber Eats and Instacart have no problem finding the correct address, but apparently the Door Dash folks are too lazy and disinterested to do a good job. A reputable company would refund the delivery fee and better train their drivers, but we are not holding our breath. If you have a choice, NEVER use Door Dash for anything - ever.",1,2026-08-05T01:46:02.000Z,Negative
DoorDash,Food Delivery,⭐ 1 Star,"⭐ 1 Star I placed an order through DoorDash and later noticed on my bank statement that I was overcharged. When I contacted customer service, they gave me the runaround and tried to blame my bank. I’ve never had my bank overcharge me when using DoorDash before, so that explanation made no sense to me. Instead of actually helping resolve the issue, they just kept passing the blame. Terrible customer service and a very frustrating experience. I will NEVER use DoorDash again. I deleted the app and will take my business elsewhere.",1,2026-08-05T00:26:45.000Z,Negative
DoorDash,Food Delivery,Issue signing up,"Title: DoorDash verified my identity, but system locks onboarding due to old account glitch.Review:The DoorDash Operations Team explicitly reviewed my submission and sent me an email stating: ""We reviewed your submission and were able to verify your identity. You can now head back to the app, finish signing up, and submit your background check.""However, when I go back to the app, it is completely locked by an error saying ""It looks like you already have a Dasher account.""It is matching my verified ID to my old, inactive email address: j.....................I previously requested DoorDash to cancel and remove that account, but they failed to purge my data from the backend database. I need a corporate specialist to manually unlink my information from j.................... so I can submit my background check like their email says.Please contact me and update my file at my current email address d..................",1,2026-08-04T23:17:26.000Z,Negative
DoorDash,Food Delivery,DoorDash tampering with food,I ordered a pizza and cinnamon rolls that was delivered by DoorDash. My pizza had been eaten out of and the cinnamon rolls were turned upside down. Both deals of both boxes were broken. I contacted DoorDash but they refuse to give me a refund. I spent $40 and got nothing back for their dasher tampering with my food. I refused to eat it or give to my children. Beware because DoorDash does NOT honor the quality of the food that they deliver. Use another platform.,1,2026-08-04T19:35:56.000Z,Negative
DoorDash,Food Delivery,Food from shakeshack had mold on it…,Food from shakeshack had mold on it which is a serious health hazard. I was denied my refund because it was first order. The supervisor Olivia told to dispute with my bank and get them to refund my money.,1,2026-08-04T19:33:29.000Z,Negative
DoorDash,Food Delivery,They are trying to double charge me and…,They are trying to double charge me and customer service lied to me. Will not be renewing my dash pass and will probably switch to exclusively using Uber Eats.,1,2026-08-04T17:35:03.000Z,Negative
DoorDash,Food Delivery,Order had item missing I did not take…,Order had item missing I did not take order inside I took multiple pics of order and submitted it within 10 mins of receiving it when I went to support to show it wasn’t there and they declined to refund me for my missing item I have since cancelled door dash and will stick with uber also the price per item is more expensive than in the store,1,2026-08-04T14:12:03.000Z,Negative
DoorDash,Food Delivery,Every third order is a nightmare with…,"Every third order is a nightmare with delays, cold food and when u complain generic ""here is your 5 dollar voucher"". Deleted my account and not going to feed these poor delivery apps.",1,2026-08-04T13:51:15.000Z,Negative
DoorDash,Food Delivery,I believe they are fraudulent,I believe they are fraudulent. They have been charging me for the past few months and I didn’t know I was being charged. The customer service agent I was connected to seemed to have issues with reading what I had written - when I asked if he or she can read it - they blocked me because I now can’t log back in. I have been charged for over a year without even knowing I was signed up. Very bad and wrong. It’s going to be expensive for me to call them because I’m based in the UK and can only see a US number online.,1,2026-08-04T12:23:21.000Z,Negative
DoorDash,Food Delivery,They delivered someone elses order. Rude and don't care,They delivered someone elses order. They are giving us a hard time about a refund. They don't care. They are rude. They delivered someone else's order!!!!!,1,2026-08-04T04:29:58.000Z,Negative
DoorDash,Food Delivery,Customer service is terrible,"Customer service is terrible, their entire system seems to built on refusing you service and making it so hard to connect to a real human being that you just give up on it. Best option if you get scammed and don't get your food ends up just being to work with the bank to chargeback. Would not recommend if you value good customer service. If the restaurant makes a mistake or the driver straight up steals your order doordash will not care.",1,2026-08-04T02:35:19.000Z,Negative
DoorDash,Food Delivery,If I could give them a zero,"If I could give them a zero, I would do so. I ordered a meal for my family and am yet to receive it. They claim they have no way of verifying if the driver delivered my order and that it is my responsibility to check that the driver is on his or her way to deliver the meal to me. I've never heard such nonsense. I recently signed up for this doordash nonsense and will be cancelling my account with them with immediate effect, as they can't be trusted. I am most pissed, as my family was inconvenienced and had to endure hunger because of these doordash thieves",1,2026-08-04T01:45:22.000Z,Negative
DoorDash,Food Delivery,Hiring Dumb People At Door Dash,The driver that delivered my merch actually pushed her way through my gate and fence to come onto my property to get to the package that she just dropped off. In doing so she damaged my gate. I have a full video that I would love to share.,1,2026-08-04T00:01:39.000Z,Negative
DoorDash,Food Delivery,BEWARE DOORDASH WILL STEAL YOUR MONEYon…,"BEWARE DOORDASH WILL STEAL YOUR MONEYon Friday Aug 1st , I order two hoagies from Jersey Mikes (Italian and Club) I received someone else's order (Beef and Chicken) I reported it right away and received a message it was under review, I haven't got a response. I didn't get what I ordered and couldn't eat what I received. I would like a refund how can we resolve this? AFTER NUMEROUS CONTACT, UPLOAD PICTURES AND FOLLOWING THEIR PROCEDURE THE ERROR STILL WASN'T RECTIFIED . BEWARE.",1,2026-08-03T21:21:28.000Z,Negative
DoorDash,Food Delivery,I think DoorDash doesn’t deserve as…,I think DoorDash doesn’t deserve as terrible of reviews as it is getting. I have never experienced any issues with DoorDash.,5,2026-08-03T19:27:30.000Z,Positive
DoorDash,Food Delivery,How does a company not offer a refund…,How does a company not offer a refund when their dasher deliberately goes to the wrong location for a store and brings you the wrong order? They told me I was not eligible for a refund. Especially as someone who was a dash pass member. Looks like I’ll be switching to Uber Eats instead now.,1,2026-08-03T18:05:16.000Z,Negative
DoorDash,Food Delivery,"Unreliable drivers, zero accountability, and rising costs—I’m done with DoorDash.","I used to rely on DoorDash regularly, but the recent, rapid decline in service quality—paired with constantly escalating fees—has made it completely impossible to justify using this platform anymore. Between drivers mishandling orders and DoorDash refusing to take responsibility, the overall experience has become consistently frustrating. Three recent experiences in a row demonstrate just how bad it’s gotten: Instance 1 (Delivered someone else’s food): A driver completely mixed up orders and dropped off the wrong food while I was at work. Because of their carelessness, I was left without a lunch for the rest of my workday. Instance 2 (40-minute grocery detour with my hot food): A driver picked up our restaurant order, but instead of bringing it to us, drove to a nearby Kroger and spent 40 minutes inside doing personal shopping or running another errand. The food arrived nearly an hour late and completely cold. When I reached out to DoorDash, they passed the buck and claimed they couldn't do anything because the order was placed through the restaurant’s app—leaving the local restaurant to take the financial hit and remake the food for a mistake the DoorDash driver made. Instance 3 (Prioritizing distant deliveries over a 1-mile route): I ordered smoothies from a location just one mile from my office. The driver picked up my order, bypassed my office entirely, and drove significantly farther away to complete another delivery first. By the time my drinks were dropped off, they were completely melted into warm liquid. It is ridiculous that customers are charged premium markups, service fees, and delivery charges only to receive melted drinks, cold food, or no lunch at all. DoorDash treats its customers and partner restaurants as collateral damage while taking no accountability for driver negligence. I will no longer be giving DoorDash my business, and I strongly recommend ordering directly from local restaurants or using alternative services that actually value their customers.",1,2026-08-03T16:24:07.000Z,Negative
DoorDash,Food Delivery,Unbelievable,Unbelievable. Support will never compensate you when you don’t get what you paid for. Literal scamming criminals.,1,2026-08-03T12:32:24.000Z,Negative
DoorDash,Food Delivery,i just wanted my damn wings,placed my order at 11 pm. I am a night shift nurse so i cannot go get food and the cafeteria is closed. restaurant is less than 5 minutes from the hospital. order was cancelled by 3 drivers and charged twice before the fourth driver told me at 1 am it was already picked up and the store was closing. i did not receive food. i asked why someone was allowed to steal my food that i paid for and now i am out $115 until the refund comes back in a week. i have payments to make on top of having to pay back the other people who had ordered something. drivers like the last one are great but the pieces of shit that steal other people's food should be fired and i have no sympathy or respect for anyone who steals and thinks it's okay or laughs about it. i was hung up on for voicing that and the driver still got to keep the tip. i am supposed to be refunded everything but the tip so we will see. there should be consequences for actions but obviously there aren't anymore. doordash should be shut down or the drivers should be better monitored and ACTUALLY given reprimanding or fired. but no they hire anyone and everyone and allow them to do this as much as they want and refuse to give any information on the person to cover their own ass.,1,2026-08-03T07:40:42.000Z,Negative
DoorDash,Food Delivery,Horrible don't use,Horrible don't use! Never got my food after a 2h wait time,1,2026-08-03T06:35:26.000Z,Negative
DoorDash,Food Delivery,Doordash customer support is aweful and not responsive,"Its not surprising that Doordash get's 1 star from 14k reviews. My experience was terrible. Restaurant was 30 min late delivery, and half the order was incorrect and we could not eat it. I spent $80 on an order and Doordash support was completely useless. Will be using Uber Eats Grubhub Instacart going forward.",1,2026-08-03T04:19:22.000Z,Negative
DoorDash,Food Delivery,My family has spent thousands of…,My family has spent thousands of dollars on this service over 3 years. But recently they have been lacking in service and the restaurant in quality. I have only asked for refunds when they are legit and warranted. Now they have basically blocked me or put me on a blacklist for how often I complain. We are now done with this terrible service and I recommend everyone jump on board. I hope this company collapses in two years!,1,2026-08-03T19:32:49.000Z,Negative
DoorDash,Food Delivery,Everyone need to stop ordering on door…,Everyone need to stop ordering on door dash because they have drivers that dont deliver peoole food and then they don't refund you because you've reach the threshold on how many times they refund u so basically they saying if driver steal your food your still gonna pay then need to be boycotted,1,2026-08-03T03:30:52.000Z,Negative
DoorDash,Food Delivery,Does DoorDash have standards for their drivers?………,"This is the third time that I have lost too much money with DoorDash. DoorDash seems to hire drivers that either can’t read, follow directions, or thieves! Their app is so jacked up. It is impossible to get in touch with them. I truly would like to take back my tip for the driver, but you can’t even do that.",1,2026-08-03T01:33:29.000Z,Negative
DoorDash,Food Delivery,"Wrong order delivered ""nothing they can do""",I ordered McDonald's Door Dash delivery and they delivered an entirely wrong order! The driver claimed to have delivered the correct order but I have the bag with the receipt clearly showing the order was not mine and was for someone else. Screwed my breakfast plans up and offered no compensation. A refund that will take 1-3 days to process won't help me right now. For a large corporation you'd think they'd have better customer service procedures to rectify situations like this. Super dissapointed.,1,2026-08-02T21:17:43.000Z,Negative
DoorDash,Food Delivery,Worse delivery ever,Worse delivery ever. They cancelled my order and sent me an email. No call to ask if I still want my order. Horrible!!!!! Never in my life will I use this delivery.,1,2026-08-02T19:09:42.000Z,Negative
DoorDash,Food Delivery,Door dash Will Scam and fraudulently go into your account,Door dash charged my account for a monthly 9.99and a yearly 96.00and which I never signed up for when I called and further when I put my card in it asked me did I want to use my card for my door dash pass I said no an made sure but after I ordered DoorDash not only took 9.99 out my account but then took 96.00 also for the same thing when I called they told me that they could refund me 9.99 for my monthly but not the 96$ for the yearly in which I never wanted or signed up for I’m very disappointed and upset why in the hell would I want a yearly pass over a monthly an further tell me when we cancel both but you can’t get your money back for the yearly so I have a yearly door dash pass that I will not used because DoorDash fraudulently went into my account in took money for something I never signed up for nor did I want and I do not recommend NOBODY TO USE DOORDASH AT ALL THEY WILL SCAM YOU AND THIS IS REAL FACTS.,1,2026-08-02T18:49:42.000Z,Negative
DoorDash,Food Delivery,Deleted the DoorDash app.There are…,Deleted the DoorDash app.There are complaints everywhere about issues and lack of ethics. Now i have experienced first hand. I contacted The Kebob Shop for a refund after receiving burnt food. It took a few days to catch up with the manager. The manager said that he attempted to refund my money through DoorDash and DoorDasjh refused to refund the money saying it’s past their 5 day refund policy. Both DoorDash and the Kebob Shop say “there is nothing that they can do” Really? Just stealing our money.,1,2026-08-02T17:20:25.000Z,Negative
DoorDash,Food Delivery,$140 order was never delivered to hungry family,"My family ordered dinner from Gates BBQ costing over $140 plus fees and tip. This was a full family meal including 2 slabs of ribs, fries, sandwiches and overall the works. The order was picked up by the driver but never delivered. The driver sent a black screen instead of the actual picture of our food at our door. The driver was allowed to keep the tip and no explanation of what happened to the food. My family was hungry and upset and we had to drive to restaurant and spend another $100 plus dollars this same night. In this economy this was a nightmare. Never again we will order a large family meal through DoorDash. They did provide a refund for the meal, not the tip, but this takes many business days. While DoorDash is convenient at times, be careful and mindful of what happened to us.",1,2026-08-02T07:56:30.000Z,Negative
DoorDash,Food Delivery,Customer service hung up on me 8 times…,Customer service hung up on me 8 times and a manger hung up on me twice. Take your business to Uber Eats trust me,1,2026-08-02T05:44:00.000Z,Negative
DoorDash,Food Delivery,On time is bull crap,I just want to say I don’t know how you can say it’s on time when you keep updating the the delivery time mine was supposed to be by 10:34 and didn’t get it until 10:51 and still said it was on time so your time tracker is not showing correct time and therefore causing peoples food to be delivered cold and I’m sure that allows you to claim it was delivered on time,2,2026-08-02T05:00:04.000Z,Negative
DoorDash,Food Delivery,Title: Repeated documented issues and no confidence in DoorDash’s resolution process,"7/21/26 I have been a regular DoorDash customer, and I don’t write negative reviews lightly. Unfortunately, after several documented issues over the past few weeks, I no longer have confidence in DoorDash’s customer support or escalation process. My concerns began with multiple Starbucks deliveries from one location where my Frappuccinos repeatedly arrived significantly underfilled and often melted. I documented these deliveries with photographs because the issue became recurring. I reported these problems through DoorDash, but I did not feel they were resolved appropriately. I eventually switched to a different Starbucks location, and the difference was immediate. My Frappuccinos arrived properly frozen, much closer to the expected fill level, and the espresso was noticeably stronger. That confirmed to me that the drink quality issue appeared to be specific to that Starbucks location—not every Starbucks. However, what never improved was DoorDash’s handling of customer service. On July 21, 2026, I placed a DoorDash Starbucks order that was marked as delivered, but I never received my food. I contacted DoorDash multiple times and was told my case had been escalated to a specialized team. I never received any follow-up, refund, or resolution. After waiting, I ultimately had to file a PayPal dispute, which is still pending. Then, on August 1, 2026, I ordered dinner from another restaurant through DoorDash. I paid for two extra tzatziki sauces, but they were missing from the sealed bag. I was not asking for a refund of my meal—I requested reimbursement only for the missing paid add-on. DoorDash’s automated system immediately denied my request. Because of my previous unresolved experience, I called customer support instead of relying on the app. The representative was courteous and professional, and I appreciate the way they treated me. However, I was once again told my case would be escalated to a specialized team—the same process that never resulted in a follow-up on my previous case. My frustration isn’t about $1.50. It’s about confidence in the support process. Restaurants make mistakes. Drivers cannot verify the contents of sealed bags. I understand that. What I don’t understand is why customers who document legitimate problems, report them promptly, and ask only for reimbursement of missing paid items are left feeling that their concerns disappear into an escalation process with no meaningful follow-up. I sincerely hope DoorDash improves both its automated refund system and its escalation process because customers deserve to know that documented issues will actually be reviewed and resolved.",1,2026-08-02T03:45:06.000Z,Negative
DoorDash,Food Delivery,I have had the DoorDash subscription,"I have had the DoorDash subscription, but the customer service department is awful, they are inexperienced, unprofessional and very useless. I’ve had three orders either delivered to the wrong address or items missing. Finally, I had to cancel my subscription indefinitely because DoorDash has sent me notifications stating that there is nothing they can do to satisfy my customer satisfaction. Therefore, I don’t need a lying, incompetent inconsiderate customer service representative or the company representative to deliver anything for me, keep your sack of stupidity on that side of town.",1,2026-08-02T02:54:30.000Z,Negative
DoorDash,Food Delivery,DoorDash has stooped to scamming and…,"DoorDash has stooped to scamming and confirming orders charging customers cards without even submitting the order to begin with. And they never have any real problem solving skills other then I’m sorry this happened to you your valued customer but you have to contact your bank. Load of shhh.. I’ll never be using this app ever again. I will no longer be ordering meals through family occasions , co work lunches or dinners if this app is being used to purchase it..",1,2026-08-02T00:44:21.000Z,Negative
DoorDash,Food Delivery,Door dash needs to change criteria for drivers,Donna has been door dashing in Portland Oregon. passed the test to deliver and now my Dasher app is on pause for no apparent reason so hopefully the app will fire up tomorrow.,2,2026-08-01T18:35:16.000Z,Negative
DoorDash,Food Delivery,I spoke with a customer representative…,I spoke with a customer representative at around 7:38 pm regarding a problem where the doordasher Sarah delivered my order to the wrong address. So my family recieved nothing. I submitted a 4K ring audio and video of my conversation with the dasher should there be a doubt as to whether I am telling the truth and was still denied. Unfortunately this was more than just an inconvenice because I had limited funds and was trying to feed my grandchildren. I again contact customer support at 9:48 pm because I was told that my issue would be escalated. Then when I spoke with that support person. She stated that my refund or credit was denied. I am 65 years old with a severe spinal disability so doordash has been my connection to feeding myself and getting items I need. Since I can not drive and I am the caretaker for my 4 grandkids who did not eat because of a mistake made by the dasher not by me. This is highly unfair to me as a customer. The dasher even asked did I want the chicken fila order because of the mistake she made giving my order to someone else and I told her know,1,2026-08-01T17:42:10.000Z,Negative
DoorDash,Food Delivery,Bad Everything!!!,"I ordered barbecue tonight and it cost $52.07. I got a text from my driver that said ""I'm here"". I usually wait for a picture and let them leave before I open my door to grab it due to having a fur baby. I wait for a minute or two and get no picture but get a notification that it has been delivered so I go to my door and open it to grab it and it's not there. I open the app which is not working properly to reach out to my driver. He doesn't answer and his message is in Spanish so I didn't leave a message. I reach out to him by text but no reply. My next option is to call Doordash support. I call them and they reach out to him and he answers but she doesn't speak Spanish so they are unable to communicate to find out where my food is and she proceeds to tell me that they are issuing me a refund for $13.01. I can't make this shit up!! They wanted to give me $13.01 of a $52.07 order to compensate!!! I let them know that it was unacceptable and I wanted to speak to a supervisor!! The supervisor called and told me he would resubmit my refund request for a full refund but he couldn't guarantee I would be approved. He said he believes I didn't receive the order due to there being no picture sent and I would receive an email with their decision within 3 hours! It's been 8 hours and I haven't heard from them. I will be calling back in the morning!! I looked it up and it is against the law for them to keep my money if I DID NOT receive the Food!!! That is Theft!!!! I also cancelled my dash pass!! I will NEVER use them again!!!",1,2026-08-01T10:20:54.000Z,Negative
DoorDash,Food Delivery,DoorDash has literally done this to me…,"DoorDash has literally done this to me several times and I’m completely over it. They have taken my money even though I had not received the product saying that my history says that I have done it too many times I barely order off of DoorDash, but clearly they don’t care that my three year-old wanted his fries and that the merchant McDonald’s did not put the fries inside the bag so they refused to refund me mind you I spent my last couple of dollars just to get my son this food, which means that I’m out of luck and my son gets no fries Only thing they can tell me is they know it’s not my fault but the system said no. doorDash is not a trustworthy company. They find any in every way to skim your money and keep your money. Any kind of way they can. and make you feel as if it’s your fault.",1,2026-08-01T06:42:59.000Z,Negative
DoorDash,Food Delivery,Cancelled order,Cancelled order DoorDash charged afterward on account Ask to cancel transaction on account for order was cancelled Instead they put a credit on DoorDash account I didn’t ask for On message to them they just passed me to different people Do not leave accounts open for them to use absolutely untrustworthy,1,2026-08-01T06:42:01.000Z,Negative
DoorDash,Food Delivery,Just ordered dinner,Just ordered dinner. The guy was taking forever and saw he was at my location. So I went downstairs to the lobby to see if he was lost only to find a massive mess in my lobby and huge trail of food on the ground (pozole). He didn’t tell me he dropped it. I had to find out for myself and that’s what I spent my Friday night doing.. cleaning up his mess and mopping my lobby floor. He ended up going back to the restaurant and getting a new order.. but the food took 2x as long. For the inconvenience door dash only gave me back $5… I feel like it should been more but they said that was the max they could do. Terrible customer service! Use Uber Eats instead.,1,2026-08-01T05:07:16.000Z,Negative
DoorDash,Food Delivery,I ordered food thru doordash earlier…,I ordered food thru doordash earlier this afternoon to be delivered between 10 and 10:20 p.m. and got it closer to 10:40. The messed up part is I ordered the food from right across the street and instead of receiving my food right away they go several minutes away for another order instead of taking 2 minutes to just drop my food off so my food was cold and my chocolate shake was basically chocolate milk. I spend alot of money through doordash a d this is ridiculous to be treated like this. I contacted customer support and all they pretty much kept saying was my food will be there in just a few minutes and sry they can't help me Yada yada yada. You would think considering how much money I spend thru them and being a loyal customer they would give me credit or refund or something considering the situation,1,2026-08-01T05:06:09.000Z,Negative
DoorDash,Food Delivery,"Charged for food from a place that is out of business, and wouldn't provide a full refund","My first time using DoorDash. We were staying in a holiday apartment, and it listed a restaurant a few minutes walk away. We ordered some food and I selected to pick up the order. After the app said it was ready to pick up, I walked to the address and the business was shut down and the space empty, with a ""For Lease"" sign on the window - it obviously hadn't happened overnight. I used the Support Chat to try and get it sorted, as I had been charged $62 for food. After getting through to a human, they couldn't understand that the restaurant wasn't in business, and wouldn't refund any money. I offered to send them a photo I had taken of the building. After two days of trying to get it sorted, I was told they would only refund $42, with no explanation and no further review from their end. I ended up challenging the charges with my credit card company, who have reversed them. Needless to say, I won't be using them again.",1,2026-08-01T03:23:39.000Z,Negative
DoorDash,Food Delivery,My last 3 orders have had major issues…,"My last 3 orders have had major issues to no fault of my own. The first 2 were refunded only after spending hours dealing with it. And the 3rd one they are still refusing to refund. #1 I ordered a fan from meijer and the driver said they were out of stock so he claimed to have bought me one that was twice as expensive. I was fine with this as I just really needed a fan. My problem here was that the driver actually brought me the fan I originally ordered and door dash charged me for the more expensive one. When I brought this to their attention they denied my request for a refund even though I had the pic the driver took that clearly showed the fan I received was not the fan I paid for. They eventually refunded this but only after a big headache. #2 I took the credit I received from the first mistake and ordered Walgreens. A product that was 14.99 was out of stock, no problem they replaced it with something else that was the same price. My problem, this item didn’t show up, not physically or even on the receipt that was given to me from Walgreens itself. They refused to refund this item to me even when I sent them the receipt showing that the driver didn’t purchase it for me so I am not paying for it, after about an hour and a half they finally refunded me. #3 a couple nights later I ordered McDonald’s. Ordered 2 meals and only received 1. They have straight up denied my refund. Why? Because I had refunds on the 2 previous orders. Hmm. Whose fault was that? Not mine. So now I’m out over $12. Charged for food I never received. They should be charged with theft. It’s disgusting they get away with this. They will never review another cent from me.",1,2026-07-31T10:46:26.000Z,Negative
DoorDash,Food Delivery,Once again did not receive my order,"Once again did not receive my order. This has happened. Multiple times,they receive my order and no dasher want to pick up my order.",1,2026-07-31T05:26:24.000Z,Negative
DoorDash,Food Delivery,I ordered (4) retail merchandise…,"I ordered (4) retail merchandise products (Advanced Bio fungal spray) from the Doordash website directly. The price was $1.99 ea. There were fees and tip also, total $18.79. The supplying retailer was Tractor Supply Co. I placed the order the night of July 13 and received email confirmation of my order at 9:14pm the same night, the order was to be delivered to me the following morning of July 14, within a delivery window of 10:10 am- 11:10 am the next morning. At 10:36, July 14, I received an email saying my order had been cancelled and that I would be fully refunded. Turns out, as it was explained to me via a phone call initiated by Doordash just before the cancellation, that TSC was charging way more for the product and they were not gonna lose money so they cancelled the order after I would not agree to increased cost. The increased cost exceeded $90. The charge of $18.79 is still on my Discover card. Doordash has never refunded me even though they promised to in the email dated July 14. I have disputed the charge. Discover decided the charge is valid even with all my supplied proof as described above. I asked them to reopen my dispute, they did, and the same day they again decided in Doordash's favor. Doordash's answer was ""they delivered"", but no proof. I am retired and am always home, especially that day I was waiting on them, nothing was delivered. Today is July 30, still no refund and when I call Doordash customer service, they tell me there's nothing they will do!",1,2026-07-31T03:34:51.000Z,Negative
DoorDash,Food Delivery,Not even one star is worthy,"Not even one star is worthy, they are literally the worst most despicable delivery service on the planet. Once again they screwed me over. Pick up my food, then before it gets here, the driver has to stop at several other restaurants and make other deliveries. Gets here cold and inedible. Never again. They should be shut down.",1,2026-07-31T02:03:45.000Z,Negative
DoorDash,Food Delivery,DoorDash Employs Meth Addicts,"Supervising a worker, they’d take breaks to smoke meth and then continue working for DoorDash. Leaving food outside of apartment buildings rather than at the door. App is buggy.",1,2026-07-30T21:53:24.000Z,Negative
DoorDash,Food Delivery,The doordash concept is good however…,"The doordash concept is good however the people running it are horrible. Im unable to get customer support. They locked my account and ive done everything to get a representative on the phone to no avail. To make things worse they keep sending me dash notifications with a locked profile. Horrible customer service, definitely would choose Uber over doordash anytime.",1,2026-07-30T20:18:45.000Z,Negative
DoorDash,Food Delivery,On my previous review,"On my previous review, I even left my phone #, So why didn't she call me? And to top that off she walked right passed me and denied working for door dash . She got my tip too. Never again. I feel sorry y for that company ..",1,2026-07-30T19:12:04.000Z,Negative
DoorDash,Food Delivery,This is by far the worst service,"This is by far the worst service, DoorDash has become absolutely unreliable with deliveries and refuses to refund customers for dashers delivering to wrong address. It makes no difference if your complaint is within the app with live agent or over the phone. This rating allows nothing less then 1 star. Sadly DoorDash deserves a big zero for their service. The way this company is de escalating they will be out of business very soon.",1,2026-07-30T09:04:46.000Z,Negative
DoorDash,Food Delivery,My order from Wendy's was 32 mins late…,"My order from Wendy's was 32 mins late and cold. The burger,chicken sandwich, fries, and cookie was cold. I watched the driver sit at a location for 20mins not moving. I kept implying by text to Dalton about my order with no reply, so i called twice and got sent to voicemail. I contacted support and they asked for a picture of all the food, so i showed it. They denied me a refund for my food being 32mins late and cold because of driver. Mind you Wendys is only 10mins from my house. I am an Army Veteran and never been treated like this before.",1,2026-07-30T07:05:43.000Z,Negative
DoorDash,Food Delivery,Cold food...no refund or credit,"This is my experience today. Looking at the reviews, I can honestly say that I'm not surprised. The driver took a very long route to head to 2 other stops. I also wrote to the driver, and he didn't respond. Mind you, I live close to the restaurant. The food came cold, and the bread bag came open. So I reached out to DoorDash, and they responded that they want a picture of my cold, cardboard pizza. REALLY?? How will you prove that it's cold? They didn't even offer to give us a credit or refund. This company & their drivers are the worst! We have been customers for a long time. We also don't complain to them. 1st time and they couldn't even help. Highly disappointed that my kids had to eat that garbage.",1,2026-07-30T06:49:10.000Z,Negative
DoorDash,Food Delivery,They robbed me…I was charged for items…,They robbed me…I was charged for items that were never delivered. Simply…then the representative told me the policy says they cannot provide a refund. DoorDash literally stole money from me smdh,1,2026-07-30T04:57:17.000Z,Negative
DoorDash,Food Delivery,I ordered over $54 of food from…,"I ordered over $54 of food from McDonald's in Tampa, doordash canceled the order, and I never received my refund.. I have been a customer since 2004, support help doordash they are so condescending,",1,2026-07-30T03:55:43.000Z,Negative
DoorDash,Food Delivery,Horrible customer service!,Horrible customer service!! I ordered food advertised as vegan ( animal product free) and received the meal...filled with dairy and cheese !! Something im allergic too. Customer service was no help. Gosh false advertising!!!,1,2026-07-30T02:48:34.000Z,Negative
DoorDash,Food Delivery,Doordash customer service has to be…,"Doordash customer service has to be down there with cable companies and gyms that trap you into memberships. The agents are friendly, but they never have access to the information you shared in the three previous conversations with agents about the same issue. The agents then try to ""make things right"" by offering you a free month... to sign up for a subscription service that will then charge you $10 per month. It's not the agents fault, they are obviously copying and pasting from a script. They tell you you've been referred to a ""specialist team"" or to connect you to a manager, and that you'll get a response in 1-3 hours. 4 days later, you have to start another chat with them because you've never heard back from the ""specialist team"" and the agent doesn't have access to the long conversation you had with the previous agent about the issue. You have a good app that has obviously made you a TON of money, I was a loyal user, but never again.",1,2026-07-29T22:22:00.000Z,Negative
DoorDash,Food Delivery,Cancelled my order still charged me and…,Cancelled my order still charged me and still no refund after over 1 month. Called multiple times and every time assuring me that my refund will be in my account after 3 business days but it never is.,1,2026-07-29T21:18:46.000Z,Negative
DoorDash,Food Delivery,The driver drank part of my drink and ate part of my onion rings on the way to deliver my food!!!!,"It’s a poorly operated business. They hire any and everybody. You may get your food, you may not. You may get the food ordered, you may not. The drivers tend to eat out of your bag or drink out of your drink. Don’t trust anybody by the way that delivers your food unless it’s sealed and taped up. On several occasions, I’ve gotten my food where it was untied. The bag was opened and taped back. As well as the drink being drank out of and taped back or not taped at all. This is a service that should be done away with. We can find better ways to get food delivered to us. After this last delivery that I had delivered by DoorDash . I’m disgusted severely and I can guarantee I will never deliver through you all again.",1,2026-07-22T08:00:07.000Z,Negative
DoorDash,Food Delivery,I work for them as a driver we get treated like garbage and paid like trained monkeys .. peanuts.,I work for them as a driver we don't get paid much average pay is 3 dollars for 6 mile drive. Customers tip their waitress for walking to the kitchen but not the driver we drive 10 15 miles in the heat cold rain day night holidays and we get almost nothing from customers. I had one tip me a penny and because of that he was labeled a good tipper. Any mistake regardless is blamed on the driver. Restaurant leate smile and take it you are late you lose you rank and lose jobs regardless of why. Slow traffic traffic congestion traffic construction late resteraunt it falls back on the driver. We get treated like shit from both customers and the company. The staff usually treats me good is the only up side.,1,2026-07-22T03:35:38.000Z,Negative
DoorDash,Food Delivery,Translation:,"Translation: “DoorDash service is fuc.ed up. We order food so we can eat it while it’s hot, but they charge extra for priority delivery. Even then, the driver still has two stops along the way, and by the time the order reaches us, the food is cold.”",1,2026-07-22T01:18:58.000Z,Negative
DoorDash,Food Delivery,Door Dash is a disgusting abomination of business practices,"This company, time and time again, has persisted in, not only charging a premium for their services (which is not a problem), however, they fail to deliver time and time again!!! On 7/13, I ordered something from one of their clients/stores, and, not only was I not notified of a ""cancelled delivery"", but after I contacted their support, they did nothing to rectify the issue! They have call centers and people reading from an effing script, and I spent, literally, 50 minutes on the phone dealing with something that wasn't even my fault. I got a refund, whereas, these garbage people initially wanted to give it as a credit, however, after spending ~ $18-22,000 over five years, they refused to offer a credit! My time is worth something as is the CEO's apparently, who, in turn, made approximately $400+ million dollars last year. I have a big problem with the fact that this worthless, garbage company cannot even admit to their faults and provide proper compensation! Meanwhile, even though the funds were ""allegedly"" refunded, I now have to wait 5-7 days, and, yet, they blame it on my bank. The point of the matter stands as such: I demand compensation as a result of this and having to deal with their employees, who are clearly robotic, and can do nothing. There is a reason as to why (literally) millions of people wishes death upon this company! It is the most dishonest, disgusting, unethical bull**** that I have ever experienced with a company. Compensation is demanded! On the contrary, I hope that the government finds a way to shut this disgraceful company down and, in turn, finds a way to incarcerate Tony Xu! For all of the time and money that I have spent, at this point, a minimum of $100 in credits is now merited! Period!!! This company needs to be shut down by the government, period!",1,2026-07-22T00:42:43.000Z,Negative
DoorDash,Food Delivery,If i could give doordash zero stars I…,If i could give doordash zero stars I would. I placed a grocery store order. I selected refund for out of stock items. The shopper didn't refund they substituted for items that cost less that what I requested and not even close to what I paid for. They lessened the quality but I still didn't receive the item that was less than the requested. Door dash denied the refund of the unreceived merchandise. Door dash stole my money in so many words. Maybe its time the we the people bring a class action lawsuit against door dash.,1,2026-07-21T22:20:23.000Z,Negative
DoorDash,Food Delivery,made order- order picked up,"made order- order picked up, driver took order never came to my house (apparently told dash that they never received the order from the vendor...I spoke to the vendor order was made and picked up) order was canceled and remade (AGAIN: apparently told dash that they never received the order from the vendor...I spoke to the vendor order was made and picked up) order was cancelled and remade...Vendor decided not to remake cause it was remade twice and ""disappeared"" twice. Door dashed charged me twice for order! They tried to tell me that order was never made by vendor as well, so both driver and door dash lie and steal my money and now I have to wait 3-5 business days for money they took out in 2 seconds. I understand that the first transaction needs processing but the duplicated my transaction. And they have the audacity of only offering 20.00 credit and the customer service supervisor would talk over me. I hate to get angry at customer service cause is not their fault, but when you are lying, messing with my money and food that is where I draw the line. You stole my money, you lied and you also have driver that are stealing food. If I can give less than 1 star I would",1,2026-07-21T22:00:58.000Z,Negative
DoorDash,Food Delivery,If I could write this Service zero…,If I could write this Service zero stars I would the app is not user-friendly. My order was sent to another state and I was not refunded. I will never use DoorDash again. It is a complete rip off.,1,2026-07-21T20:45:04.000Z,Negative
DoorDash,Food Delivery,On Saturday Jul 11,"On Saturday Jul 11, 2026 at approximately 5:30 pm, I placed an order for Kibo Sushi Mount Pleasant through the doordash mobile app. I selected the “pickup” option and found a promotion stating the following details MEGA Game Box for 30% off at $56.00 (original price was $80). When I confirmed the order, the promotion was not applied and my credit card was charged $80.00, which is $24.00 more than the price listed in the promotion. Upon calling to request a price adjustment at approximately 5:45 pm, I was informed by Harish, customer service supervisor on duty, that the promo was for delivery only. I explained that nowhere in the order screen was it clearly listed that the offer was for delivery only, and if that was the case, then the promo should not have been visible when the “pickup” option was selected. If a delivery only promo was visible to the customer while the pickup only option was selected, then this is a bug in the doordash app and not a customer oversight/error. Despite the details above, Harish (Supervisor) made no attempt to resolve the matter. Harish was robotic, unsympathetic, and showed a complete lack of the ability to see the situation from a customer’s perspective. Harish offered no solutions, no assistance, and was completely unwilling to help in any way. He kept talking over me, ignoring my concerns and the logic presented, and kept reverting to his scripted responses. A chatbot could have provided better customer service than Harish in this situation. Not only was the customer service unhelpful, the entire situation seemed like a scam. The posted price was not applied, a mistake that doordash should have owned.",1,2026-07-21T20:08:25.000Z,Negative
DoorDash,Food Delivery,Two hours for delivery,Ordered at 6 PM and didn't get my food until almost 8. The driver didn't communicate at all. Everything was lukewarm and they forgot my drink.,2,2026-07-21T19:53:17.000Z,Negative
DoorDash,Food Delivery,Order was canceled,"Order was canceled. Reason ,door dash had an emergency. Then upon calling support was informed door dash had already picked it up. 36.00 to be put back in my account 10 to 12 business days. On vacation and will never use door dash again.will make sure l inform family and freinds to never use door dash.",1,2026-07-21T15:39:37.000Z,Negative
DoorDash,Food Delivery,Doordash is a joke,"Doordash is a joke! They have horrible dasher support services. They punish the good dashers and let the ones who continually screw up keep getting good paying orders! They send you on a 10 mile delivery only to pay $2-5!!! Do you Doordash support idiots not realize the cost of gas, the cost of living? They will say that you didn't accept an order and lower your acceptance rate as a consequence when you never even got an offer on your phone in the first place! Someone is laughing and pushing buttons and its all a sick twisted rat race game!!! Doordash you suck!",1,2026-07-21T14:55:00.000Z,Negative
DoorDash,Food Delivery,I placed an order,"I placed an order. Didn't get it, Driver left a picture of a bush. Put in a refund request, Denied. Asked for a review, also denied, Resolution reason given was UNKNOWN. I submitted a BBB complaint, and hopefully after a refund, closing my doordash account forever. If fast food companies wonder why sales are down, If I could reliably get my orders, I'd eat out alot more.",1,2026-07-21T14:27:59.000Z,Negative
DoorDash,Food Delivery,Absolutely terrible service + trying to get refund,"Absolutely terrible service. An order was returned to the store as I did not realise the dasher had arrived and they did not phone or knock on the door, they sent an sms I did not see. A lengthy discussion with Door Dash as they said I have fortfieted the cost of my whole order including delivery fees. Happy to lose delivery fee but the cost for the goods also was outragious. A night and day of arguing and I received a credit. I would hate to think of how much money has been pocketted by Door Dash by people accepting there 'term and conditions' that include some that don't match Australia's consumer laws.",1,2026-07-21T06:20:00.000Z,Negative
DoorDash,Food Delivery,driver isn't delivering food,"driver isn't delivering food, contact details are wrong, doordash bot just tells me to wait. no chance to see driver's previous reviews and no chance for refund until the driver says the food is delivered. they are driving up and down the same street right now and there is nothing I can do to get my money back.",1,2026-07-21T05:49:28.000Z,Negative
DoorDash,Food Delivery,Terrible Customer Service and Missing Refund,"I placed an order for about $50 from Little Caesars. My delivery address was correct, but the driver decided to leave my order at a completely different house about 20 minutes away. I contacted DoorDash immediately, and they told me they would only refund $13.85 instead of the full order. The app says the refund was issued, but more than a month later I still have not received it. My case was closed without resolving the issue. This was a very frustrating experience, and I expected much better customer service. I will not be using DoorDash again",1,2026-07-21T04:18:24.000Z,Negative
DoorDash,Food Delivery,Crap service from the driver and customer service,If and when you order your food. You will get a crappie driver that rides around with your food for 45 minutes and it's cold. They will give you $5 on a $25 meal that was cold when it got here. doordash is a scam.,1,2026-07-21T01:42:15.000Z,Negative
DoorDash,Food Delivery,Would rate less than 1 star,Would rate less than 1 star. Awful rates of pay for the orders they force on you. If you decline they give you less orders after. Often making $20 /hr and burning $10+ just in gas. Would not recommend.,1,2026-07-20T23:28:41.000Z,Negative
DoorDash,Food Delivery,They refuse to ask where gluten free items are.,I am celiac and the dashers never seem to actually ask where the gluten-free items are located and tbey just pretend theyre out of stock. I called about todays order as not only did I call the store to make sure they were in stock but then mocked me and took zero accountability for having pretended it was out of stock.. ive called over and over and there is no resolve to the issues occuring.. doordash seems to only care about money and actually doing a job which I might add is a very easy job.. isnt important. They get the same amount if they grab all the items or not and then can make more from the next partial order. This is an ongoing issue not being addressed. I shouldn't have to reorder the same items several times and pay the fee again simply because the dasher is lazy. Huge huge systemic issues are not being addressed! I feel like there's honestly a huge lack of accountability within this organization this has happened over amd over and no one looks into my claims. I called.the store while the dasher was still there and verified they did indeed have these items.,1,2026-07-20T19:03:32.000Z,Negative
DoorDash,Food Delivery,The drivers do NOT follow delivery instructions ...,"If you live in an apartment building, your chances of even getting your order are one in three. The other two will be dropped on the floor by an unlocked rear door or in the area where the intercom is. They drivers do not buzz you to get in, they just drop and run and then your package is taken by anyone coming or going out the front door. After you have reported lost deliveries 3 times, the no longer accept claims from you, You are blocked. Use another outfit!",1,2026-07-20T05:34:39.000Z,Negative
DoorDash,Food Delivery,no help,"i’ve had many bad experiences with doordash, but at least they have tried to help. Today, i received my order 1.5 hours after i made the order, which is 1 hour over the estimated delivery time. I can understand 15 minutes, but 1 hour? To top it off, the driver left my food outside my apartment building without even trying to bring it to me or ask me if it was okay. I am very pregnant and unable to move around very well. When I reported this to doordash requesting compensation so I can purchase something else where the driver can actually bring me the food, they simply said they cannot give me compensation and ended the chat. Terrible very terrible. They don’t care that you’re still unhappy with the resolution, once they’re tired of dealing with you, they’ll just cut you off.",1,2026-07-20T04:35:07.000Z,Negative
DoorDash,Food Delivery,Sent me one meal when I ordered 2,"Sent me one meal when I ordered 2, after calling for help and requesting a supervisor 3 times , I was finally given somone to talk to, then she proceeded to say that her team approved a 5 dollar refund and that was their final decision, even though I payed 17.69 for a meal that I never recived , when saying that this solution was not acceptable , she hung up quickly after saying “ I have to end that call” . Took my money and never delivered my food .",1,2026-07-20T02:47:43.000Z,Negative
DoorDash,Food Delivery,I have had 2 issues with DD in less…,"I have had 2 issues with DD in less than 24 hours. I don’t drive so I use it sometimes but no more. I just got an order where an item was missing. McDonald’s had 2 10-piece chicken nuggets for one. One 10-piece was missing. DoorDash would do NOTHING to help me. That’s pretty petty. I’ve had issues before and I would estimate they help less than half the time. For what I was paying a month (in addition to how expensive everything is) I am done. Once again, it’s not about customer service; it’s about taking your money.",1,2026-07-20T02:17:36.000Z,Negative
DoorDash,Food Delivery,Extremely difficult to cancel an unexplained recurring charge,"DoorDash has been charging my card $9.99 repeatedly, but I have no clear way to contact anyone or stop the charges. Reaching customer support is incredibly difficult. I am simply redirected to the Help Center, and there is no cancellation option visible in my account. I have contacted my bank multiple times. My bank told me: “It seems like a recurring charge, as the merchant is charging you every 20 days.” Trying to identify the account responsible for the charge using the card information has also led nowhere. I find it unacceptable that a company can repeatedly charge someone while making it so difficult to reach a real person, identify the relevant subscription, or cancel it. This experience has completely destroyed my trust in DoorDash. I will never use this company again, and I strongly recommend that everyone carefully check their bank statements for recurring DoorDash charges.",1,2026-07-20T00:32:36.000Z,Negative
DoorDash,Food Delivery,Ripped me off sent wrong order refused…,Ripped me off sent wrong order refused to resolve it WILL NEVER ORDER THROUGH THESE CROOKS AGAIN,1,2026-07-20T00:23:25.000Z,Negative
DoorDash,Food Delivery,Horrible service,Horrible service! We never received our order!,1,2026-07-19T23:34:48.000Z,Negative
DoorDash,Food Delivery,ZERO stars minus one,"ZERO stars minus one. ""DOORDASH FRAUD/THEFT/EXTORTION"" They take your money for a lunch order you purchase to treat your workers. An hour later, D-dash sends an email that the restaurant had been closed down. They had known it. Clearly, they stole the money. They say in the cancelation email the money will be returned in 3-5 business days, and on the same email, in 5-7 business days. This is pure theft, extortion, fraud. Unavailable customer service online. Phone call resulted in a ""supervisor"" who speaks ZERO English and refuses to escalate the call, and refuses to do anything but keep (what adds up to millions of stolen/invested dollars from customers) all the fraudulently-stolen money that took only an instant to deduct: but refusal to refund their error for 7 business days? Class action suit attorney friends. . . Let's go. There's a long line of us. We also pay $100/year for ""dashpass"" privileges which is clearly just another scam by DoorDash. Share, post everywhere, and never use this criminal company again. BTW: the CEO is: Tony XU, Chinese BILLIONAIRE. Post widely. It's the face of evil against innocent American consumers. Look right into his eyes. Does THAT look like the face of an innocent man? Bet he had his billionaire's lunch though, on us.",1,2026-07-19T23:09:06.000Z,Negative
DoorDash,Food Delivery,Would not refund wrong items,"Would not refund wrong items. This has happened before as well. Also, they charged me for a subscription I didn't sign up for and wouldn't refund it. I would suggest not using Door Dash, but use Grub Hub instead, they've been great.",1,2026-07-19T22:43:51.000Z,Negative
DoorDash,Food Delivery,This company charged my card last week…,This company charged my card last week for the door dash pass I didn’t authorize the charge wasn’t even in the app since June 25th requested a refund because I didn’t ask for the pass $9.99 was told it was being processed and it would take 5-7 days I reached out simply today for an update and to ask an additional question was told my refund was cancelled because of this and the chat ended rudely twice one after a supervisor I have screenshots I will be taking them to court for my money! F this company,1,2026-07-19T21:13:03.000Z,Negative
DoorDash,Food Delivery,They don’t tell you if anyone is able…,"They don’t tell you if anyone is able to pick up your order, they have an option to switch to pick up that doesn’t work, and they do an immensely bad job of vetting the people who deliver for them. They also are unreasonably expensive",1,2026-07-19T17:46:25.000Z,Negative
DoorDash,Food Delivery,Refund denied when they made a mistake,"I placed my order and added instructions that all items not to be replaced without my approval, and if not available, refund. Yet I get the wrong size of a picture frame (so it is completely useless to me). I was not asked about the different size to approve it, the shopper probably did not pay attention or just did not follow my instructions. It is clearly a mistake by their shopper. Yet refund was denied for absolutely no reason, and my time was wasted chasing it. Not using door dash again.",1,2026-07-19T16:41:25.000Z,Negative
DoorDash,Food Delivery,Worst customer service and no person to contact. Worst experience never using again.,I’m celiac. I am also a dash pass member. I ordered from Aldi. There was a list of items that was able to choose substitutes for. The gluten free bread I ordered was not in the list. I reviewed every item available and chose only gluten free swaps. My gluten free bread was unavailable and the apparent likely replacement was bread with gluten. I can’t keep this in my house never mind eat it. And DoorDash will not refund me. Have cancelled my DoorDash dash pass and will never use door dash again,1,2026-07-19T10:20:08.000Z,Negative
DoorDash,Food Delivery,This review is just for my last…,"This review is just for my last experience. Generally I'd give them a 3, but if I could give this one a 0 I would. I ordered from 7/11 instead of the grocery store I usually use, just so I'd get my items sooner. It was more expensive to do it that way, but it also helped me get the items sooner. The original time was just over 15 minutes. I kept looking at the screen for my order, which shows where the driver is. It showed him at a stop for about 15 minutes and it wasn't even close to my apartment. Also, I had messaged the driver to make sure he saw the instructions on my profile on how to get into my building. There are two entrances, but I can only buzz a visitor in from one. He didn't answer my messages. AN HOUR LATER, HE MESSAGED ME TO COME DOWN. He was finally here, but he was at the wrong door so he couldn't get in. I told him I have bad knees and he needed to come up. I ALWAYS tip well over 20% because of this. After a very long time I get a phone call from him and he tells me he can't get in. I tell him he needs to go to the other entrance, which is clearly stated on my profile. He finally does and I buzz him in. I open my door and he tells me door dash sent him on another stop, so that's why it took so long. And now his phone is dead so he can't verify me, which he needs to do because my order contains alcohol. So he has to go to his car and charge his phone enough to verify my age before I get my items. This was the fault of both door dash and a terrible dasher who wouldn't communicate. I won't be using them again, ever.",1,2026-07-19T09:35:34.000Z,Negative
DoorDash,Food Delivery,I ordered from this scamming company,I ordered from this scamming company. Nobody would pick up my order so I canceled it. They would not refund me. They charged me even though i didnt get my order. Never order from this horrible joke of a company,1,2026-07-19T06:11:31.000Z,Negative
DoorDash,Food Delivery,Use another platform,"can barely speak to customer service, orders get stolen with no resolution, customer service extremely unhelpful, but they'll snatch that membership fee outta your account as fast as they can, even if you cancel it ahead of time. probably some of the worst customer service I've ever received on a platform.",1,2026-07-19T05:34:58.000Z,Negative
DoorDash,Food Delivery,Delivery time went from 6:35pm Delivery…,Delivery time went from 6:35pm Delivery to 7:45. At 8:15 still no food. Driver showed sitting in another town. Customer service is a joke and was not helpful on a refund. Thankfully the restaurant made it right. Will NEVER use again!!!!,1,2026-07-19T05:08:46.000Z,Negative
DoorDash,Food Delivery,Avoid this company AT ALL COSTS!,"Avoid this company at all costs. As a driver, or as a customer. As a dasher, I have seen countless customers completely screwed over. Restaurants would forget to give me one of the bags, and the customer would only get a $5 credit toward a future order, even though the customer lost a great deal more than that, and did not receive what they paid for. A warning for potential drivers: When my license expired, there was no way to upload the paper attachment the dmv gives you to prove the license had been renewed. I contacted dasher support and spoke with a supervisor. He asked me if I had another govt issued ID, which I said yes, I have a passport. I uploaded the passport as he instructed over the phone. When I tried to do the verification face scan, it deactivated my account. It has not allowed me to re-upload anything, and remains locked. I have received no assistance from dasher support since then. Their only suggestion is to select passport and try to upload again, after being told repeatedly the app is completely locked out for just trying 3 face scans and it rejecting them all. This is despite emails exchanged on the primary email on my dasher account, as well as using the primary phone number to contact them, and following their instructions over the phone. 3,000+ deliveries with no issues over 2.5 years, and 19 above and beyonds and a perfect 5 star rating with over 100 in a row. I would put my customers food in a thick pizza bag with 2 electric warmers, and they loved the service. From what I read here, it is best I move on to a more reputable company anyway. Delivering excellent service will not protect you from their incompetence and indifference if you encounter any issues, and you will. DO NOT drive for this company, and DO NOT order food through them. They will scam you and steal from you, and you will receive no assistance. Driver or customer, they don't care. The fact a company like this has a business license is a failing grade for this country. Boycott this company, and make your friends and family aware of the constant fraud they engage in. They deserve a class action lawsuit because of their dishonorable business practices. I won't be the least bit surprised when their corporate HQ in San Francisco is completely destroyed by an earthquake. They truly deserve that level of punishment with no exaggeration.",1,2026-07-19T04:57:08.000Z,Negative
DoorDash,Food Delivery,Horrible need to be sued didn't receive…,Horrible need to be sued didn't receive food order $40 worth fried duck!,1,2026-07-19T03:54:54.000Z,Negative
DoorDash,Food Delivery,I would give 0 stars if that was a…,I would give 0 stars if that was a possibility. I ordered from a Vietnamese restaurant that I order from frequently. I had 3 issues with my order. Driver took 44 minutes to deliver my order & restaurant is only 3.1 miles from my house. Food arrived cold due to excessive delivery time. The sampler platter I ordered contained the wrong combo of items that I had chosen for it. I contacted help through the app. Explained the situation. Provided pic of wrong sampler platter I received. Also provided pic of the other dish that arrived cold as requested. Which is ridiculous as you can't tell it was cold from a pic. I was told that my order was not eligible for any type of refund. I contacted Door Dash customer service next by phone and spoke to live agent. They told me that due to Door Dash policy I was not eligible for even a partial refund for the wrong item. This is BS!,1,2026-07-19T01:49:11.000Z,Negative
DoorDash,Food Delivery,Promotional Rate,"Promotional Rate. New Customer. I haven't used doordash in years! For very like experience situations. I choose to not use doordash. This time I ordered a dinner for my family and picked it up. Using doordash and a promotional 40% claimed a whopping $10 discount. Charge applied in the app stated 67.12, and I might add, is exactly what I expect I would be charged, the total came to 67 12 I paid 80.54. I did contact support only to be shoved through an approval process I did not even request. At no point during my conversation with support did I request a refund but after denying thier free doordash for a month was shoved through a full refund denial. It took a whole 30 secs to, mind you after going through about 15 mins of fighting with the AI and general chat agents, to a refund denial in 30 secs. Like, are you guys serious? This is exactly why I will never use doordash again and recommend anyone just order the food yourself, on the phone. What a complete waste of my time. I am on vacation and I spend 2 hours of my day trying to get $15 or so back what i was registered for. I have screenshots and will gladly talk to whomever cares. This had not been so difficult. I literally never go this far to complain about a company but damn. If I don't get it, don't let me apply it at check out. Who's fault is that? Mine? Or yours? ** Update : Low and Behold.. the difference in promotion credited by the restaurant. So damn stupid. DOORDASH, You lost a customer for good! Horrible, horrible experience.",1,2026-07-19T16:37:41.000Z,Negative
DoorDash,Food Delivery,I keep getting messages from Culver's…,I keep getting messages from Culver's about construction issues involving concrete. I do not work for the city. Please stop contacting me.,1,2026-07-19T00:09:36.000Z,Negative
DoorDash,Food Delivery,⭐☆☆☆☆,"⭐☆☆☆☆ Absolutely terrible experience. My order included alcohol, and when the Dasher arrived they refused to accept two valid forms of ID because I’m visiting from overseas. I had both forms of identification available, but they wouldn’t accept either of them. The Dasher was unprofessional, became impatient, and eventually just walked away with my order. To make matters worse, I was then charged the full amount for an order I never received. I’ve contacted DoorDash customer support twice. On both occasions I was told the issue would be resolved, but instead of refunding my $40 order, I’ve only been given a $10 credit/refund. Paying for food you never receive because of DoorDash’s handling of an ID issue is completely unacceptable. Very disappointing customer service and a frustrating experience from start to finish. I won’t be using DoorDash again.",1,2026-07-18T23:25:20.000Z,Negative
DoorDash,Food Delivery,They suck even on improvement this…,They suck even on improvement this company is robot i can't be embarrassed bye these no paying deliveries even the minimum wage and having to pay taxes on it may as will own my own business you suck your not a real employee so get going and pay the back taxes,1,2026-07-18T22:40:20.000Z,Negative
DoorDash,Food Delivery,Doordash-How not to treat customers with logistical nightmares,"Logistics nightmare, poor food safety and non-existent customer service. Doordash are unlawfully flouting Australian Consumer Standards in delivering cold food, 40 minutes later than the final window of delivery time and if you have ever reviewed negatively your Account is automatically flagged as a 'problem customer' looking for a refund. This is after the Doordash site requests a review of recently completed delivery. DoubleDash was used in this instance : one box of cat food from Woolies approx 4km from my house and a pizza delivery 1km away. The pizza arrived stone cold, not even a skerrick of oil or heat mark on bottom of carton because it had to be changed due to sitting waiting so long for collection. If you have ever given a negative review you are treated like a criminal looking for a free meal or refund of a substandard delivery. This appears on your account for the rest of time you are willing to use Doordash. I cancelled my DashPass several times due to no delivery drivers being available in Tweed Heads area at times. Then the Doordash system automatically blocks you from booking anything further for 24 Hours! I now have a 2 year Dashpass membership via Prime - but all past information has been retained so I am a ""problem customer "" regardless. Honesty doesn't sit well with Doordash. Cut and paste responses treating you appalingly don't sit well with me.!! Bullying is not acceptable.",1,2026-07-19T01:57:27.000Z,Negative
DoorDash,Food Delivery,Despicable service,I have had multiple food deliveries canceled with no explanation and two prescription never picked up. I contacted the pharmacy and it was labeled and packaged. It even shows ready for pick up through the pharmacy app. But when I called door dash they said they had no record of the order. I am disabled and this option is crucial. After paying $8 for same day delivery. I had to pick it up two different times. This is a despicable way to run a business and I will celebrate the day they get sued for their dishonest practices.,1,2026-07-18T22:01:48.000Z,Negative
DoorDash,Food Delivery,HORRIBLE AND RUDE WITH NO CLEAR…,HORRIBLE AND RUDE! DOES NOT SPEAK OR UNDERSTAND PROPER ENGLISH! UBER EATS IS MUCH MUCH BETTER‼️,1,2026-07-18T18:58:49.000Z,Negative
DoorDash,Food Delivery,I had the wrong order delivered,I had the wrong order delivered. I called Doordash twice. I was. Harged $47. What I received eas a disgusting item costing $13 which had to be thrown out. Doordash said they talked to the metchant who would issue a credit. I never got the credit.,1,2026-07-18T16:14:31.000Z,Negative
DoorDash,Food Delivery,I had ordered food from a restaurant…,"I had ordered food from a restaurant that was apparently closed and didn’t know because it said they were active on DoorDash and DoorDash almost did not refund me until I demanded a refund, terrible experience!!",1,2026-07-18T15:50:39.000Z,Negative
DoorDash,Food Delivery,3 times in 1 week as I am home bound…,3 times in 1 week as I am home bound right now and they kept delivering to the next door neighbor and his garage..I would have to track the driver then contact them to explain how to get to the correct address...I did verify with door dash they had the correct address but somehow they'd go to wrong place anyway..what is worse is half the time they don't understand english...so I'd have to get my son to go get the item to bring it to me...geezz I should have done that to begin with and save me all those fees for technically NOT completing thier job and no refund or at the very least refund all thier fees as it's not the restaurants fault...this service doesn't even deserve a 1 star..they hire illegals and only have AI customer service via chat,1,2026-07-18T11:50:39.000Z,Negative
DoorDash,Food Delivery,I ordered and the man delivering kept…,I ordered and the man delivering kept getting additional orders before delivering my food. Took over 2 hours!!! Ridiculous for DoorDash to keep adding deliveries while I’m trying to get my food!!!,1,2026-07-18T10:48:49.000Z,Negative
DoorDash,Food Delivery,If I could give it a minus review I…,If I could give it a minus review I would. Door Dash delivered our meal 1 hour after ordering from a restaurant 4 kms away. It was left in the driveway with no notification it had been delivered. Will never use door dash again. It $47 for a cold meal. Was my first time using door dash and will be the last.,1,2026-07-18T09:35:09.000Z,Negative
DoorDash,Food Delivery,They don’t want to return my money it…,They don’t want to return my money it said I had a female dasher and it was a male talking about how he shoots A R 15’s I felt so unsafe and they are refusing my refund never again,1,2026-07-18T04:25:58.000Z,Negative
DoorDash,Food Delivery,DoorDash makes me physically sick,DoorDash makes me physically sick . It took me up until today to officially quit using it. Today I placed an order for apples. I put exact directions on where to put the items in bold letters….. welp the idiot stupid driver dropped it off at the wrong address. When I finally found it the smell of marijuana consumed my whole house. The food was for my 8 year old son. Why would I want my child eating food that smells like drugs? Welp customer service refused to step in . It makes me sick that they support drivers getting high on the job and then not offer ways to help,1,2026-07-18T02:46:57.000Z,Negative
DoorDash,Food Delivery,This company gives zero (shyts) about…,This company gives zero (shyts) about privacy concerns. Scans Drivers licenses and say “it’s a state database that doesn’t harvest you data” blatant outright lie. If you think when you scan anything it’s not going to a database I have some beach front property in Kentucky to sell you. Stop being sheep!,1,2026-07-18T01:25:35.000Z,Negative
DoorDash,Food Delivery,"First Experience, Terrible Impression Do NOT Use This","Yesterday, I ordered a meal from subway. I did not receive my order. I contacted doordash to try and fix this problem. I only received the driver whose name was Portia claiming bad she dropped it off at the address listed. When I tried to get this fixed with their customer service line their overall response was that there was nothing they could do. Additionally, their communication was terrible with the online service. It was fairly easy to type in however there were specific details that could have been added or verified to help future customers. I am upset because I spent over $35 to include driver tip just to not receive my order. The sad part about this is this was my first time using doordash and based off the terrible service I received I may never use it again.",1,2026-07-17T22:51:18.000Z,Negative
DoorDash,Food Delivery,Forced to Pay for missing food,"HelIo, this is about Doordash stealing money from my family, this order is ffrom Sunday 7/5/2026. I ordered from Chili's at 5:25, order was supposed to arrive at 6:00 - 6:15 it arrived at 7 pm and we only 3 out the 7 items, the other items were ice cold and not edible. I messaged DoorDash immediately that evening in their app and they told me I would get refund of $87 out $110 for the missing and late items. They told me that I could expect the refund in 3 to 5 business days. I still didn't have the refund on 7/17/2026 , so I called their customer service line and he told me he couldn't help me since someone credited me $9 by mistake and that it was outside of 3 days so his hands are tied, this is crazy and I deserve better. DELETE THIS APP NOW",1,2026-07-17T20:52:18.000Z,Negative
DoorDash,Food Delivery,Door Dash refuses a return,"I ordered a cat toy. It was unavailable at the closest Petsmart. They went to another Petsmart to get it. They refunded my money $25.97 as a credit on Door dash. I was not consulted on this. So at the other Petsmart, they got the toy and after applying the Door Dash credit of $25.97, I owed $1.05. I wanted to return and get a refund back to my original payment method. Door Dash declined my request for a refund. I'm canceling my Door Dash subscription.",1,2026-07-17T18:42:19.000Z,Negative
DoorDash,Food Delivery,They are a truly unaccountable service,"They are a truly unaccountable service. They stack deliveries on drivers and the drivers are horrible. They end customer service chats, even when you have no resolution. Just try something else. Uber eats, or just ordering from the restaurant. It's not worth it at all.",1,2026-07-17T18:06:34.000Z,Negative
DoorDash,Food Delivery,Biggest hoax I’ve ever ordered from,Biggest hoax I’ve ever ordered from. Buy one get one til they charge you. Door dash biggest enabler. They’re all in it tg. You know what I mean! Uber Eats till I collapse. Atleast that’s an honest American company shafting you.,1,2026-07-17T08:14:04.000Z,Negative
DoorDash,Food Delivery,I would give this rating a 0 if…,"I would give this rating a 0 if possible, my driver could not speak or read any English so he was going in totally blind, looking for my building that he never would have found if my boyfriend didn't go outside chasing his car down through many different parking lots. The man triggered my bpd (borderline personality disorder by screaming at me on the phone, hung up on me, ignored my calls and texts. Then when I was trying to help him find my building and said look for 15 because it was much easier for him to find a building with a hidden number on it which I specifically wrote in my directions. He was furious that I told him to look for building 15 and started throwing a tantrum. This is extremely unprofessional and this is not the first time this has happened. I am completely furious with this company for not hiring capable enough people to understand basic English and instructions due to their lack of knowledge upon reading directions.please change your policies and do better.",1,2026-07-17T03:20:40.000Z,Negative
DoorDash,Food Delivery,Driver delivered to wrong address,Driver delivered to wrong address! It was a VA Hospital - then when I let him know he told me to change the address in the app - but I’m at the VA Hospital! Called to for a refund and they emailed that they could only give me $5 back from a$22 order! When I called back to question why - they disabled my account! I’m unable to log in in so I just deleted the app! Three managers have called me since saying hold on - I’ll see about your refund - then I’m hung up on!,1,2026-07-17T02:19:17.000Z,Negative
DoorDash,Food Delivery,Do not use this app it is a scam,Do not use this app it is a scam. They send drivers who lose your orders over and over again . They buy items even when you say refund . They replace it with stuff you never wanted. Dealing with customer service is a joke. It is a huge waste of money.,1,2026-07-17T01:56:51.000Z,Negative
DoorDash,Food Delivery,Lost my food after giving directions…,Lost my food after giving directions and didn't get a refund. I ended my subscription and uninstalled the app,1,2026-07-17T01:52:01.000Z,Negative
DoorDash,Food Delivery,Will never use DoorDash again,Will never use DoorDash again. Charged me full price for items not delivered . Dasher even called to state only partial order could be fulfilled. Customer service is a joke and denied my request several times. Was promised call from a supervisor and they never happened. DoorDash will take your money and not make it right. Lost a customer permanently,1,2026-07-17T01:43:22.000Z,Negative
DoorDash,Food Delivery,Waste of Money,"Ordered food over an hour ago. Multiple ""dashers"" went to pick up. Still no food. $40 for a lunch that I won't be able to eat now. They are the worst.",1,2026-07-16T21:49:44.000Z,Negative
DoorDash,Food Delivery,Ten minus worse company ever,"Ten minus worse company ever , My experience with DoorDash has been extremely disappointing. I signed up for a membership because I believed it would help me save money. Instead, after providing my credit card information, I continued to be charged month after month, even after trying to address the issue. I contacted my bank, filed disputes, called DoorDash multiple times, and sent emails requesting that the charges stop. In my experience, resolving the problem was frustrating and time-consuming, and I did not receive the level of customer service I expected. Based on my personal experience, I would strongly encourage anyone considering a membership to carefully review the terms, monitor their credit card statements closely, and make sure they understand how recurring charges work before signing up. This has been one of the worst customer service experiences I’ve ever had, and I will not be using DoorDash again.",1,2026-07-16T20:29:07.000Z,Negative
DoorDash,Food Delivery,This experience was awful,"This experience was awful. I ordered a grocery delivery, and my dasher was extremely rude from the very beginning for no apparent reason. She them delivered my groceries to the wrong apartment. When I reached out to her asking where she left them, she immediately started blaming me and saying they were left at my apartment and if they weren't there, then I put in the wrong address. Even though I've been using doordash for awhile and gave never had them deliver to the wrong address, I still double checked, and my address is 100% correct. I asked her to at least come back real quick to show me where they were and she just kept yelling at me and telling me it's my fault and that I was interrupting her night. So I reached out to doordash, and their solution was a $15 refund. My order was $52, and they're going to refund me $15? So they finally said they could redeliver, which I was basically forced to do so I didn't lose $40. Which means I had to cancel my plans to stay home for the order. So the redelivery goes smoothly, delivered without issue. So I contact doordash again to see if they can give the tip I gave to the first driver to the second driver instead. They said they could do that and it would be taken care of. All of a sudden I get an email that they've charged me an additional amount for the tip! Instead of transferring it like they said they would, they charged me for it, which I never authorized. Then when I reached out they said they could refund that additional charge, and when they did they only refunded part of it!! Overall, a 3 hour nightmare and I'm officially done with doordash.",1,2026-07-16T15:52:43.000Z,Negative
DoorDash,Food Delivery,Just a heads-up for anyone considering…,"Just a heads-up for anyone considering the KFC promotion on DoorDash. I recently saw an offer on the DoorDash app stating that if you spend over $20 on a KFC order, you would receive 10 free wings. Based on that promotion, I placed an order worth more than $50. Unfortunately, the free wings were not included. I contacted the KFC staff, and while they were understanding and tried to help, they advised that the issue was beyond their control and would need to be handled by DoorDash. I'm sharing my experience so others can be aware and double-check the promotion details before ordering. If you're planning to use this offer, you may want to confirm it with DoorDash first to avoid disappointment.",1,2026-07-16T14:56:05.000Z,Negative
DoorDash,Food Delivery,Doordash ripped us off 80 dollars…,Doordash ripped us off 80 dollars .would not refund when clearly the wrong items weren't delivered .how can this fraud go on .,1,2026-07-16T06:54:22.000Z,Negative
DoorDash,Food Delivery,Warning when buying DoorDash Giftcards: DoorDash Deactivated Account & Confiscated $XXX in Prepaid Gift Card Funds,"WARNING to consumers holding or purchasing DoorDash gift cards: DoorDash deactivated my consumer account without stating any policy violation and confiscated an active, unspent balance of $XXX.00 in legitimate gift card funds. When I contacted customer support, a DoorDash supervisor confirmed seeing my active $XXX.00 balance on file. However, DoorDash refused to reactivate the account to allow credit usage and explicitly refused to issue a refund for the locked funds, telling me to contact third parties instead.I filed a dispute with the Washington State Attorney General’s Office Consumer Protection Division (File #: 724218). DoorDash declined voluntary informal resolution through the state, refusing to release my money.Under Washington State Law (RCW 19.240.110), gift card balances represent stored value held in trust for the consumer and cannot be subjected to corporate forfeiture or arbitrary seizure. Retaining prepaid consumer funds without providing a mechanism for credit exhaustion or a cash refund constitutes an unfair trade practice under RCW 19.86.Do not purchase or load gift cards into the DoorDash app. If your account is flagged by their automated systems, DoorDash will absorb your cash balance and stonewall all refund requests.",1,2026-07-16T06:28:15.000Z,Negative
DoorDash,Food Delivery,If u like having ur meal ice cold and less than half what u ordered show up taking an hr to get dot head2 speak English and then refunded screaming ur balls off ur still hungry then go ahead and call,"If I want to scream at the top of your lungs, be guar",1,2026-07-16T05:27:46.000Z,Negative
DoorDash,Food Delivery,This bank is tied to the corporation…,"This bank is tied to the corporation Crimson, who is in partnership with Doordash. Doordash hired Starion (Crimson) as the administration for their debit card services. I filed a case with Doordash Crimson 2 days ago. I am a platinum dasher for doordash. There was a promotion that took place from April-June 30th that resulted in 10% cash back refund on a weekly basis for gas services used. I received cash back refunds for the promotion on a weekly basis all the way up to the last week of their promotion. Therefore, I called crimson to seek My cash back refund for the last week of June which resulted in the dates of June 28-June 30th. I had several transactions I made for gas. I've always used my Doordash crimson card for gas in store AND at the pump. I filed my case with crimson and on several recorded calls I was assured I would receive my refund and I would receive an email confirmation with the details. My case initially was supposed to be resolved in 24 hours and it wasn't. I called Crimson approx around 4-415 pm EST on July 14th. I had a horrible experience between representatives and supervisors setting expectations that weren't fulfilled, being hung up on, and being told I would get a callback and nobody calling me back. I am very frustrated and exhausted because I had to make callbacks myself and still did not receive the resolution I was told I would receive. A couple hours later after my first few calls, I was told my case was denied because the transactions filed were not eligible based on their terms. This has NEVER prevented me from receiving my cash back refunds during the promotion before as I advised crimson. I also advised crimson management that multiple reps and supervisors informed me I'd be receiving the gas cash back refund. I am huge on morals like integrity and honesty. I was lied to and pushed around for several hours with no resolution. I am now seeking full cash back refund for transaction & damages. Case# 4e760ebe-e475-46bb-bbfa-7d721e92644a",1,2026-07-16T04:20:13.000Z,Negative
DoorDash,Food Delivery,Charged for DoorDash Passs Multiple Times without Signing Up,Their service has been okay but their DoorDash pass is a complete scam. It seems they automatically enroll you in it unless you opt out. I don't see how they get away with this. Shame on me for not checking my credit card bill but I got $60 in charges over about 8 months for a pass I never used. I will never use DoorDash again. This happened previously on my corporate card but I noticed it right away and got it reversed.,1,2026-07-16T04:16:31.000Z,Negative
Netflix,Streaming Service,,"Nothing wrong with the service or quality of streaming. What I take issue with is with all the woke directing that is being forced down our throats. For example, The Witcher season 4. There is no n... See more",2,2026-08-02T16:56:44.000Z,Negative
Netflix,Streaming Service,,"I used to think Netflix was brilliant, now it's just terrible, what's happened to making brilliant documentaries like making of a murderer. And don't f##k with cats to name a couple and TV series like... See more",1,2026-08-08T17:47:33.000Z,Negative
Netflix,Streaming Service,,I recently watched immortal man and was horrified to discover tommy Shelburn was killed. The actor who plays is son is a dreadful actor. Please dont make anymore episodes. You have ruined the series f... See more,2,2026-07-27T00:01:59.000Z,Negative
Netflix,Streaming Service,,"Things have been getting worse for a long time. It’s becoming more expensive all time and on top of that, instead of making it easier to access the platform customers pay for, access is being made m... See more",1,2026-06-25T20:07:38.000Z,Negative
Netflix,Streaming Service,I watched many shows on Netflix that…,I watched many shows on Netflix that were cool but there are some movies that look exciting and are not that good overall,4,2026-08-11T10:21:39.000Z,Positive
Netflix,Streaming Service,Worst experience ever called customer…,Worst experience ever called customer service about getting a discount or price consideration since I would be upgrading my membership to premium and adding two additional users to my account have been with Netflix since 2016 so I thought I could speak to someone that could help me save some money being a good member and had never even spoken to anyone at their customer service since I opened my account so as a good customer thought maybe they can give me a discount…spoke to a rep by the name of “G” she was rude as could be she said there are no discount no matter how long you being so I asked if I could speak to manager she said nothing would change because asking for manager was not going to give me a discount so then she transferred me so she said buy another person got on the call and said she was the manager called “Q” and her response was this is a month to month app we do not give discounts nor offer better prices and that their is no membership her and that if I did not like it I could cancel anytime and go somewhere else to be happy with a prince to my liking and that I can give them a bad review because Netflix don’t care about customers and that they don’t have will to cancel at anytime,1,2026-08-10T05:34:33.000Z,Negative
Netflix,Streaming Service,Non existent customer service,There is no one to respond to account billing issues! Really awful service!,1,2026-08-10T03:40:29.000Z,Negative
Netflix,Streaming Service,Login function error,"Login function error, even the payment function failed; this company is a piece of shit, what a shame",1,2026-08-09T16:05:46.000Z,Negative
Netflix,Streaming Service,Always works great for our family,Always works great for our family. Never had problems. Easy to unsubscribe when needed (we somestimes change our viewing habits to Disney Plus or Apple Tv).,5,2026-08-09T11:56:15.000Z,Positive
Netflix,Streaming Service,Rerun central nothing new here,Rerun central nothing new here Same shit different day,1,2026-08-09T03:08:19.000Z,Negative
Netflix,Streaming Service,Greedy assholes,"Greedy assholes, I can not even watch in my vacation home anymore or when i am on the go somewhere. No i am not going to update my account, i will cancel my subscription",1,2026-08-08T21:25:23.000Z,Negative
Netflix,Streaming Service,"Issues with downloads, and customer support is absolutely useless","A couple of weeks ago, I downloaded some episodes, they showed up as downloaded in the app, but when playing them, a couple of min in, I’d receive a message saying “You’ve reached the end of what was downloaded, connect to the network to keep watching”. Now, some episodes I had downloaded simply disappeared from the app, despite the fact that I didn’t uninstall it, clear cache, or touch anything else. The TV series is still there, so it isn’t a licensing issue either. In both instances, contacting support was absolutely useless, the only answer being “Download the episodes again”. If I had downloaded them in the first place, it clearly means that there was some reason why I could not download them after??? Like limited data?!?! It’s just absurd how a key (and basic!!!) feature like Downloads can be so unreliable and Customer Support so unhelpful, considered the premium prices we pay for this subscription.",1,2026-08-08T18:42:56.000Z,Negative
Netflix,Streaming Service,I used to think Netflix was brilliant,"I used to think Netflix was brilliant, now it's just terrible, what's happened to making brilliant documentaries like making of a murderer. And don't f##k with cats to name a couple and TV series like Ozark and vikings Valhalla ect. I don't mind foreign shows if there good, but it seems like there just putting any absolute rubbish on please sort it out before millions of people stop paying for your service.",1,2026-08-08T17:47:33.000Z,Negative
Netflix,Streaming Service,Voice over Crap,"Why are we paying to watch voice over movies?? It’s crap and never used to be like this, not a good experience at all 🤬",2,2026-08-08T14:22:55.000Z,Negative
Netflix,Streaming Service,DON'T SUBSCRIBE TO NETFLIX,"I opened a new Netflix account and Netflix ads became so frequent and invasive that it really began to tick me off - they became more frequent than US network TV ads - so I asked 5 close friends if they were having the same annoyance Turns out the older the Netflix account, the fewer ads you apparently have to suffer. So don't subscribe! At first, I wondered if it was a ploy to squeeze me for more money, some ""ad free"" upgrade - but that's not an option. I didn't recall my old account (3 years earlier) being so ad-riddled. No option to get rid of ads, like Amazon Prime offers? Really Netflix? Are you that out of touch with your audience and trends that you're becoming like the DVD rental service that spawned you? Disappointing. Worse still, the annoying ""flag"" button while ads appear, does absolutely nothing at all. It's obviously just an appeasement /psychological device to make you think your opinions are valued but I've repeatedly checked the boxes ""This ad is irrelevant to me"" and ""Ad appears too often"" but it's made no difference to the algorithm - to the point where the brands with which I'm being bombarded, I'm now boycotting them because I'm so sick of being subjected to their saccharin, exaggerated clips that only peddle carcinogens to the masses. Call me a conspiracy nut but Netflix care more about their ad revenues than subscriber revenues and I've had enough, so I've cancelled my subscription.",1,2026-08-08T10:46:14.000Z,Negative
Netflix,Streaming Service,One of the worst platforms to exist you…,One of the worst platforms to exist you are now litrally paying to watch adverts. Bye netflix bye bye.,1,2026-08-07T13:17:04.000Z,Negative
Netflix,Streaming Service,Tubi had a lot of the same and if u…,Tubi had a lot of the same and if u start watching a show don’t exspected a end because they cancel everything,1,2026-08-07T06:51:12.000Z,Negative
Netflix,Streaming Service,Thank you to protect the family…,Thank you to protect the family account—this is mandatory and non-negotiable.,5,2026-08-07T04:36:05.000Z,Positive
Netflix,Streaming Service,Horrible horrible horrible,"Horrible horrible horrible. It uset to be so good, but lately they removed every tv show and movie that's actually good. Be better of cancelling the whole subscription. I would give 0 stars if I could.",1,2026-08-06T19:07:40.000Z,Negative
Netflix,Streaming Service,Constant buffering and ads every 10…,Constant buffering and ads every 10 minutes. Ridiculous!!!,1,2026-08-06T11:25:05.000Z,Negative
Netflix,Streaming Service,Thieves,"I consider this unacceptable. Netflix has been charging my credit card £18.99 per month for over 12 months without my consent. I have always chosen the £11.99 package and never opted for the Premium plan. However, my subscription was somehow restarted on the Premium package, despite this never being my choice. The only other person with access to my account is my son, whose profile has parental controls in place. For that reason, I do not believe he could have restarted or upgraded my subscription. I have also experienced difficulties trying to permanently delete my Netflix account. In addition, I have been unable to remove my son’s profile. I have taken screenshots documenting everything I have attempted. Please be assured that I will be checking my account every day until 23/08/2026, the date Netflix has stated that my account will be permanently deleted, to ensure that no further charges are made. For the record, I understand the difference between cancelling a membership and permanently deleting a Netflix account. I have requested the permanent deletion of my Netflix account. Thank you.",1,2026-08-06T07:36:41.000Z,Negative
Netflix,Streaming Service,It does have a good variety of movies…,It does have a good variety of movies and TV shows but a lot of them aren't that good anymore. The price keeps increasing and you can't even share the login anymore. This is getting out of hand.,3,2026-08-06T06:49:01.000Z,Neutral
Netflix,Streaming Service,Non existent customer service. An arrogant company,"2 days to get onto webchat to speak to a plank who could not resolve issue. So Ever increasing prices to sustain their greed, whilst all the while showing more and more old and dated stuff and adding more and more ads or restrictions to access. And NOW they cannot even employ webchat staff, or train them properly? The arrogance of this Company is astounding, they do not even bother to respond to any of their highly negative reviews. No wonder they’re losing so many subscribers and saw 10% of their $300B value wiped out recently after stopping providing subscriber data to investors - to hide how many they’re losing! I will be next as just cancelled!",1,2026-08-05T17:10:08.000Z,Negative
Netflix,Streaming Service,I can’t believe the documentary about…,"I can’t believe the documentary about Micheal Jackson even he was bigger then them the cut out the amazing wonderful beautiful parts and which Was his whole life he wrote song that depends on the world this is sick I can’t believe they would do something like this he is the king of pop he is kind, nice, loved by millions, and INNOCENT I can’t believe he made millions happy more like billions and be carful Netflix his family,his friends, his kids, and billions of people are going to sue you watch your back Micheal Jackson is INNOCENT period end of discussion",1,2026-08-04T19:28:29.000Z,Negative
Netflix,Streaming Service,Just like with the corrupted app,"Just like with the corrupted app, called ""WhatsApp, here we can recognize terrible mainstream platform provider. Who was the childish guy who decided we want those compulsory games in the app, huh? And what exactly made those persons remove the Golden ""Categories"" view from both the desktop and mobile program? No, people using mainly ""recommendations"" is not a justification for crippling a video provider that way! Like I said, the situation is just like WhatsApp - terrible mainstream performance and ridicilus manager measures, and just like that crippled little green app, I will try to never use the mainstream called Netflix again. So disappointing, one couldn't ever imagine.",1,2026-08-03T18:22:47.000Z,Negative
Netflix,Streaming Service,I'd rather stick pins in my eyes than deal with them again,I wish they offered minus stars because I have had one he.ll of a frustrating afternoon with Netflix trying to just get them to accept Sky on my account. 2 agents (Satendar / Terlapu) - who have to take the brunt because Netflix won't train them properly or invest in proper customer services.,1,2026-08-03T15:44:23.000Z,Negative
Netflix,Streaming Service,Great streaming service,Great streaming service the pricing may be the downsides but this is a great way to watch shows and movies,4,2026-08-03T12:27:18.000Z,Positive
Netflix,Streaming Service,Deceived by Netflix,"I was cheated big by this platform, when they're claiming an offer for new members, of 7 days free-to-watch service to test, but ultimately, I ended up being charged for a whole month! This is outrageous, lying new subscribers in such despicable way! You'll never hear about me being your member, no sir... cause you are a fraud!",1,2026-08-02T23:52:41.000Z,Negative
Netflix,Streaming Service,I've seen everything on Netflix years…,I've seen everything on Netflix years ago. Very few new programmes.,1,2026-08-02T23:13:23.000Z,Negative
Netflix,Streaming Service,Go Woke go Broke...,"Nothing wrong with the service or quality of streaming. What I take issue with is with all the woke directing that is being forced down our throats. For example, The Witcher season 4. There is no need to have multiple homosexual relationships in a show that is supposed to be about Geralt and Ciri. Also, the casting is clear woke ideology that is not true of the original material. I can see why Henry Cavil was not happy with the direction of the show. There are other examples of ruined shows such as The Last Airbender that has terrible casting and actors. Simply, stick the source material and keep true to it. Go by what the fans want not your female HR department and it's DEI agendas.",2,2026-08-02T16:56:44.000Z,Negative
Netflix,Streaming Service,Why is law not enforced?,Why is law not enforced? They use illegal methods (like clicking in a field NEXT to the button) to cancel your cancellation. After that you cannot cancel and customer support is not existent in my account.,1,2026-08-02T16:12:32.000Z,Negative
Netflix,Streaming Service,I tried to ask them why was my account…,"I tried to ask them why was my account charged for extra money when I cancelled my account and they were not even replying me one single message or they kept like I called the customer helpline. All they were saying was Mum can you please let me talk mam can you please let me talk? This is not our fault this that and did not even let me speak. I was just asking a question. Why did this happen to me? Why did they charge me extra when I cancelled my Membership? Like my membership cancelled on the 29th? They charged me extra 599 for on the 31st, like why did that happen and all they were saying we refunded it but I was asking what was the problem",1,2026-08-02T03:14:31.000Z,Negative
Netflix,Streaming Service,I pay to watch my shows movies not ads…,I pay to watch my shows movies not ads I’m tired of it guess this is like regular tv now can’t get away with not seeing ads,3,2026-08-02T02:30:07.000Z,Neutral
Netflix,Streaming Service,Netflix took advantage of an 84 yr old for $30,"My mother and I shared the 19.99 plan (2 houses). Everytime I logged into Netflix at my house, she was unable to watch Netflix at her house. She is 84 yrs old and couldn't understand how to get back into Netflix and I would have to go over to her house and do it for her. She finally completely stopped watching Netflix altogether. All of a sudden our bill increased from 19.99 to 29.15 for May, June and July. Netflix said my mom upgraded the account. I explained to them IF she did, it was completely by accident...they refused to refund the difference...not even 1 month. I canceled our subscription. Netflix SUX!",1,2026-08-01T21:14:24.000Z,Negative
Netflix,Streaming Service,NETFLIX,"NETFLIX NETFLIX DUE TO YOUR ""Sick"" MOVIES AND SCENES, MORE AND MORE ""Sick"" BEHAVIOR IS BEING NOTICED IN PEOPLE. YOU ARE SERIOUSLY POISONING SOCIETY! I HOPE PEOPLE WILL REALIZE THIS SOON AND SAY GOODBYE TO THE NETFLIX BRAIN AND SOUL POISONING! !🤮🤮🤮🤮🤮🤮🤮🤮🤮",1,2026-07-31T15:20:11.000Z,Negative
Netflix,Streaming Service,Utter ancors for cancelling KAOS,Utter ancors for cancelling KAOS. you will never see a dime of my money again. Infact this final straw was the reason I invested in a ripped firestick. Down with netflix,1,2026-07-31T13:18:19.000Z,Negative
Netflix,Streaming Service,So now netflix costs more,So now netflix costs more. But they have done nothing to improve the quality of movies. Also there was a crappy movie. And almost every three minutes. Commercials pop up. What is it with them? They dont appreciate the customers that pay? It's like they are punishing you and me for having netflix.,1,2026-07-31T02:54:46.000Z,Negative
Netflix,Streaming Service,Why are the ratings so low?,"Why are the ratings so low. Netflix is used every day in our house, selection and quality of tv series is really good. Price plans have steadily increased but that's ok by me",5,2026-07-30T22:57:48.000Z,Positive
Netflix,Streaming Service,Stop blasting adverts at 3x the volume!!!,Netflix need to stop showing adverts at twice the bloody volume! Literally just got given a migraine and nearly had my eardrum blown out by a dominos advert. Sort your shit out 😡,2,2026-07-30T12:29:40.000Z,Negative
Netflix,Streaming Service,This company needs to be investigated…,"This company needs to be investigated immediately, netflix’s blatant interest in gore / shock factor content. is disturbing, and clearly creating real world issues in hateful racial and abuse content ! Not to mention their pockets getting filled by real world killers and rapist ! This company needs to be shut down immediately, human safety and decency is more important then making these predators more dangerous! Burn Netflix down and all of holly wood",1,2026-07-30T10:23:05.000Z,Negative
Netflix,Streaming Service,Shocking content standard - Hosting offensive racist tropes,"I am deeply shocked and disgusted by the movie ""A Remarkable Tale"" (Lo nunca visto) on Netflix. It is absolutely unacceptable that a global platform like Netflix approves, hosts, and promotes a film with such tone-deaf, racist themes and offensive stereotypes. Treating Black characters as flat caricatures belongs in the past, not on our screens today. Netflix needs to take accountability, review this content, and uphold higher standards of respect and diversity.— Matilde Mendes#ARemarkableTale #LoNuncaVisto #Netflix #ContentCompliance",1,2026-07-30T09:09:57.000Z,Negative
Netflix,Streaming Service,I am experiencing an issue while…,"I am experiencing an issue while watching movies on Netflix on my television. When I pause a movie and then press the Play button to resume, only the audio plays while the video does not resume properly. I have tested this on another television as well, and the same issue occurs, so it does not appear to be a TV-specific problem. Could you please investigate this issue",1,2026-07-30T06:50:50.000Z,Negative
Netflix,Streaming Service,I've generally had a good experience…,"I've generally had a good experience with Netflix, and the streaming quality and interface are excellent. However, I feel that the catalog lacks enough fresh content, especially for long-time subscribers. It would be great to see more new movies and series added more frequently. Another frustrating issue is the strict VPN detection system. I travel abroad frequently, and sometimes I use a VPN for privacy or security reasons. Being blocked or restricted because of this makes the service much less convenient for people who travel often. I understand the licensing challenges, but I hope Netflix can find a more user-friendly solution for legitimate subscribers. Overall, Netflix is still a great service, but improving these two points would make it even better.",3,2026-07-29T04:15:53.000Z,Neutral
Netflix,Streaming Service,i cant login on my pc what is this,i cant login on my pc what the fRIck is this shit like i already pay but i have to pay again for my pc frick Netflix,1,2026-07-28T19:25:39.000Z,Negative
Netflix,Streaming Service,Very disappointing experience,"Very disappointing experience. I signed out of all devices, changed my password, and even verified that no one else should have access to my account. Despite that, Netflix still shows that more than one device is watching. This is extremely frustrating because it makes me question whether the sign-out feature actually works properly. Users should be able to trust that logging out of all devices and changing their password will immediately remove unauthorized access.",1,2026-07-27T18:24:53.000Z,Negative
Netflix,Streaming Service,"Rubbish series "" Man on Fire""","Just watched a Netflix series in the UK called Man on Fire. It was pathetic, poorly scripted and filmed. It was like watching Enid Blyton's ""Famous Five"" but with guns, just missing the dog. Absolute rubbish.",1,2026-07-27T15:06:21.000Z,Negative
Netflix,Streaming Service,Video player destroys my pc,"The video player is bad. The last 2 laptops I have, Netflix is causing the sound to go bad so the speaker doesn't work anymore unless I restart. My screen can be totally distortet with a lot of colored ""snow"" on my screen so I can't see anything. This ONLY happens when I turn on Netflix on my browser. It has happen so many times the last 3-4 years that it is not a coincident. It is everytime I use Netflix. When I don't use it, the problem never appear. However, I can see Netflix most of the time without problems, but it's annoying when the company have so bad software developers who probably got the lowest grades from their college education that they can not make a video player without screwing my drivers on my computer up. Actually multiple of my computers. Find an average software intern to fix your problems",1,2026-07-27T13:57:42.000Z,Negative
Netflix,Streaming Service,I am canceling my subscription after a…,"I am canceling my subscription after a complete disappointment in Netflix services. All series are purely AI created designed to make you binge watch, have no actual plot and feel cheap. Its a waste of time and an embarrassment to the cinema industry.",1,2026-07-27T13:15:10.000Z,Negative
Netflix,Streaming Service,Limited new content,"I noticed that the selection of new shows is getting stale. Many of the titles I searched for were simply not available. The suggestions often miss the mark, leading to endless scrolling that feels like a waste of time. Occasionally, the app slows down, and I have to reset it. It frustrates me that I pay for a service that doesn’t seem to be evolving. I thought Netflix would have more engaging content by now.",2,2026-07-27T11:52:28.000Z,Negative
Netflix,Streaming Service,I recently watched immortal man and was…,I recently watched immortal man and was horrified to discover tommy Shelburn was killed. The actor who plays is son is a dreadful actor. Please dont make anymore episodes. You have ruined the series forever,2,2026-07-27T00:01:59.000Z,Negative
Netflix,Streaming Service,"Woke pandering, adverts, constantly interrupted by prompt","Woke pandering, a few years ago so many good shows got cancelled because I guess they werent making the mega millions their executives wanted - though IIRC they were still profitable. Now like Amazon and the rest they just set fire to money making shows loaded with left wing ideological lunacy but apparently that's fine because it supports the message. It staggers me how insane the world has become. They brought in ads to increase their revenue and most annoying of all, I cant just leave a show to play in the background without the stupid app asking if I'm still watching every couple of episodes. Drives me up the wall.",1,2026-07-26T21:29:26.000Z,Negative
Netflix,Streaming Service,Hidden charges,Lady I talked to barely spoke English so I feel like understanding my frustration was a bit confusing. My Netflix bills all over the place. Two devices they’re charging me 21.09 as of July for a standard plan. When I signed up it was 10.99 a month. November was 24.99 December 24.99 January 26.36 February 26.36 March 26.36 April 26.36 May28.47 June 28.47 She said it was taxes because of my zip code?? I feel like she’s making that up and they assume no one’s paying attention to what’s coming out of their account.,1,2026-07-26T19:21:29.000Z,Negative
Netflix,Streaming Service,support team is really bad,support team is really bad as well as connection,3,2026-07-26T16:48:56.000Z,Neutral
Netflix,Streaming Service,Shame that pioneering company has…,"Shame that pioneering company has dropped in quality and super sad that Netflix uses negative incentives to stop u cancelling service with account history lost if u cancel for more than 90 days, come on guys, try Harder.",2,2026-07-26T16:37:22.000Z,Negative
Netflix,Streaming Service,Disappointing Content Selection,"I was really looking forward to diving into a new series on Netflix, but I have to say, I was pretty let down by the selection lately. Many of the shows I wanted to watch were just not available, and I found myself scrolling endlessly through categories that felt outdated. The user interface isn’t bad, but it’s almost too cluttered now. I appreciate that they’re always trying to add new content, but it seems like there are more misses than hits these days. Plus, some of the originals just don’t live up to the hype. I also ran into a bit of a hiccup with streaming quality; I had to keep adjusting settings to get a decent picture. And as if that wasn’t enough, the app crashed on me a couple of times. It’s frustrating to deal with such issues when you're trying to enjoy a show. I know Netflix has a strong reputation, but they've really gotta step up their game when it comes to providing fresh and engaging content. For now, I'm not feeling like I'm getting my money's worth.",2,2026-07-26T15:51:21.000Z,Negative
Netflix,Streaming Service,Worst platform to exist,Worst platform to exist. Ads every 10 mins while watching a series or movie. Paying a subscription and they want you to pay £6 extra just to avoid. Absolutely embarrassing,1,2026-07-26T04:03:28.000Z,Negative
Netflix,Streaming Service,Sound and lips not in sync,Why is the sound off? The voices and the mouths are not in sync on every program or movie! This is a big pet peeve for me! Why is this happening. There are literally millions of people subscribing. You have enough money for this issue not to happen! Do better!,3,2026-07-26T00:50:29.000Z,Neutral
Netflix,Streaming Service,…anything!!,PLEASE can you let me watch the credits!! Jeez. Amazing film or series and I can't stop you playing something else or exiting from the entire show. ABSOLUTELY INFURIATING. Such an awful end to an experience. PLEASE PLEASE PLEASE bloody change this. It's so simple. It's so bloody infuriating. I can't give any feedback other than saying I hate a show or film. Let me watch the ending without scrambling for the control and desperately trying to clock buttons to keep it on. STOP THIS!!!!!!@@@,3,2026-07-25T22:27:59.000Z,Neutral
Netflix,Streaming Service,You suck,Your movie selections are sucking worse than anything I’ve ever seen. Your voice over movies are absolutely freaking trash. Do better!,1,2026-07-25T22:24:39.000Z,Negative
Netflix,Streaming Service,Adds platform,Adds platform. Bad experience!,1,2026-07-25T20:12:49.000Z,Negative
Netflix,Streaming Service,0/5 Stars,"0/5 Stars. I’m paying a monthly fee, not subscribing to cable TV. Interrupting movies and shows with ads completely ruins the experience.",1,2026-07-25T17:06:14.000Z,Negative
Netflix,Streaming Service,I’m really disappointed with Netflix,"I’m really disappointed with Netflix. The prices keep going up, but it feels like the quality keeps going down.",2,2026-07-25T13:19:16.000Z,Negative
Netflix,Streaming Service,Just checked my bank and Netflix hav…,Just checked my bank and Netflix hav taken 2 payments of £18.99 a month for 19 months fuming,1,2026-07-24T15:07:36.000Z,Negative
Netflix,Streaming Service,Netflix has a limited selection of…,Netflix has a limited selection of movies For what started as 6.99 somehow became 31.00 monthly Then it took considerable time n effort to unsubscribe,2,2026-07-24T15:06:18.000Z,Negative
Netflix,Streaming Service,The restrictions of netflix,"I really enjoy the variety of content Netflix offers, and it's one of my favourite streaming services. However, I frequently encounter a significant issue when travelling internationally. Whenever I visit another country, the available subtitles automatically switch to the local language, and there is no option to change them back to English. This makes it impossible for me to watch non-English content, such as anime and Southeast Asian dramas, because English subtitles are no longer available. Unfortunately, using a VPN is not a solution, as Netflix detects it and prevents playback until it is turned off. I believe Netflix should allow users to choose subtitle languages based on their personal preferences rather than their current location. I think it would greatly improve the experience using this app that I pay for. At the moment, this limitation prevents me from watching many of my favourite shows while travelling, which significantly reduces the value of my subscription during those periods. I hope Netflix will consider introducing a global subtitle preference, as I believe it would greatly benefit many users.",1,2026-07-24T08:44:40.000Z,Negative
Netflix,Streaming Service,NETFLIX IS A PROBLEM EVERY SINGLE DAY,NETFLIX IS A PROBLEM EVERY SINGLE DAY! THIS APP STAYS CUTTING OFF ALL THE TIME AND NOT WORTH THE MONEY! I WILL FIND BETTER APPS THAT ACTUALLY PLAY SO THAT I CAN GET THRU A WHOLE MOVE! LIVE TV IS BETTER AT THIS POINT! DEFINITELY DELETING!,1,2026-07-24T04:33:17.000Z,Negative
Netflix,Streaming Service,Way too many foreign films,Way too many foreign films. Trying to read while watching is very hard and also the mouths don’t match up when they speak. They never tell you it’s a foreign film 🥵,1,2026-07-24T01:53:29.000Z,Negative
Netflix,Streaming Service,Let down by this store,Ordered here after reading some positive reviews and unfortunately did not have the same experience. What arrived did not feel like the same standard shown in the listing. The return process turned out to be more complicated than it should have been. The experience fell short in too many ways to overlook.,2,2026-07-24T01:53:08.000Z,Negative
Netflix,Streaming Service,I like Netflix,"I like Netflix, don't watch it often but handy to have. BUT if Netflix decide to increase their subscription again to cover the BBC License Fee then I'll be cancelling.",3,2026-07-23T22:25:58.000Z,Neutral
Netflix,Streaming Service,"Longtime subscriber, big fan","I've been a longtime Netflix subscriber and have enjoyed the subscription experience and content over the years. The quality of shows is always top notch in the streaming world, i can easily find the shows I am in progress with, and the recommendations for others shows is done well. Minor quibble is I wish there was a way to stop the auto-play of previews in the app on my smart tv instead of having to do so in a web browser. I have never tried to cancel so I cant speak to how easy it is to do so.",5,2026-07-23T16:33:55.000Z,Positive
Netflix,Streaming Service,It's turning into the old paid tv,It's turning into the old paid tv. Crap to watch and ads and rising costs.,1,2026-07-23T16:11:44.000Z,Negative
Netflix,Streaming Service,The programming has gone downhill,"The programming has gone downhill, the video quality at $19.99 a month is ridiculous and you just keep raising prices. One more and im done, you just aren't that good anymore.",1,2026-07-23T02:34:44.000Z,Negative
Netflix,Streaming Service,Tried to update my Credit Card info,"I went to my account to update my credit card information, I got a message that read: Sorry, we are unable to complete that action now. Please try again later. I went on to something else and tried again next day. Same result. I called customer service, which I deduced was some offshore warehouse full of desks and computers, the background noise was deafening. I could barely hear, or understand, the woman who was trying to help, her accent did not help either, plus she was not much help at all, obviously using a script. Could not answer why I got that message. I called 3 times on 3 different days, got 3 different women and received the same scripted answers. So I told the last woman I had a great resolution for the problem - I cancelled my subscription.",1,2026-07-22T21:10:08.000Z,Negative
Netflix,Streaming Service,A good streaming service,"A good streaming service, there's plenty to watch in the evening after a hard day, lots of new series and movies; yes, the price is high, yes, the support is poor, but the quality of the content makes up for it all.",5,2026-07-22T10:42:15.000Z,Positive
Netflix,Streaming Service,Nothing new to watch,"The library feels really stale right now. Spent 20 minutes scrolling and couldn't find anything interesting. The streaming also buffered a few times tonight, which rarely happens.",2,2026-07-21T19:46:47.000Z,Negative
Netflix,Streaming Service,I don't know why my card keeps getting…,I don't know why my card keeps getting cancel and rejected for subscription. Please help,3,2026-07-21T10:53:57.000Z,Neutral
Netflix,Streaming Service,No warning that when I click a series…,No warning that when I click a series it starts at the last season what's the point in watching the rest of I know how it ends,1,2026-07-21T03:58:06.000Z,Negative
Netflix,Streaming Service,This company sucks,"This company sucks ! Now why WOULD YOU GIVE THE OLD CUSTOMERS COMMERCIALS AND ALSO RAISE YOUR PRICE LIKE You MADE ANYTHING BETTER, ITS THE SAME Sh*t ALL YEAR LONG! YOU CAN'T EVEN ENJOY A MOVIE NOW WITHOUT DAM INTERRUPTING IT ⁉️",1,2026-07-21T03:25:35.000Z,Negative
Netflix,Streaming Service,Netflix is one of the most popular…,"Netflix is one of the most popular streaming services and offering a wide variety of movies, TV shows, documentaries, and original series. It has something for almost everyone, which is one reason it became so successful. The platform is easy to use, works well on TVs, phones, tablets, and computers, and provides personalized recommendations based on what viewers watch. At first, Netflix leaves a good impression because finding content is simple to use and the streaming quality is usually reliable with a stable internet connection. Although Netflix has many positive features, many viewers feel the service has changed over the years, and not necessarily for the better. One of the biggest frustrations is spending more time scrolling through titles than actually finding something worth watching. While Netflix continues to release original movies and series, not all of them are enjoyable, and many popular shows seem to get canceled just when viewers become invested in the story. This can leave subscribers feeling disappointed after spending time following a series that never gets a proper ending. Another downside is the price. Subscription costs have continued to increase, making many subscribers question whether the service is still worth the money. At the same time, several popular movies and television shows have been removed from the platform, giving viewers fewer familiar options to choose from. The password-sharing restrictions also frustrated many longtime subscribers who were used to sharing accounts with close family members. While Netflix still offers convenience and has a few great original shows, many viewers feel other streaming services give them more for what they're paying. Overall, Netflix receives 2 out of 5 stars in this review. The platform is easy to navigate and still offers quality streaming, but the rising subscription costs, changing content library, and frequent cancellation of popular shows make it difficult to recommend. Netflix may still be a good option for people who enjoy binge-watching original series and don’t mind the possibility of not getting an ending, However, anyone looking for the best value and a larger variety of movies and shows may be happier with another streaming service.",2,2026-07-21T01:01:28.000Z,Negative
Netflix,Streaming Service,Pretty shit app keeps logging you out…,Pretty shit app keeps logging you out if you don’t live in the same household which is dumb asf try peacock cheaper and better than janky ass Netflix,1,2026-07-21T00:55:31.000Z,Negative
Netflix,Streaming Service,⭐ Why Are Netflix Movies Starting to Look Like Student Projects?,"⭐ I've been a Netflix subscriber for years, paying for the premium plan, but the quality of many new movies has dropped dramatically. Some of the recent releases look more like student projects or even something filmed on a phone. The acting is extremely poor, and the production quality is nowhere near what you’d expect from a major streaming company. What’s even more frustrating is that Netflix promotes these titles on the front page as “#1” or “Top Picks,” which is misleading. Recently I watched *Paradise Murders*, and within the first 10 minutes I realized it looked like a student film — not a professional production. It ended up being a complete waste of time. If Netflix expects customers to keep paying premium monthly prices, it needs to deliver premium‑quality content. Right now, too many of these movies don't even meet basic standards for a paying audience.",1,2026-07-20T23:32:47.000Z,Negative
Netflix,Streaming Service,Give us Julie and the phantoms back,Give us Julie and the phantoms back all the cast agree for season 2 you can’t just leave us on a cliff hanger you could of put it in teen age BRING IT BACK,2,2026-07-20T21:21:02.000Z,Negative
Netflix,Streaming Service,My Netflix account was hacked they…,"My Netflix account was hacked they changed my credit card info, I spoke with someone from Netflix but they couldn’t get me any information. I decided to put the account on hold, changed my password and signed out of all my devices. Still just about every day I get messages that someone is trying to get on my account. The only question Netflix asked me when I called them to inform them about this issue was, would you like to reinstate your account. If they can’t keep my account safe why would I want to do any subscription with them.",1,2026-07-20T17:56:37.000Z,Negative
Netflix,Streaming Service,Not Worth the Wait,"I was really looking forward to my recent purchase, but it fell flat. The item arrived a whole week late, which was frustrating. When it finally got here, I noticed that the quality wasn't what I expected. The fabric felt cheap and didn't match the description on the website. Plus, I tried reaching out to customer service for updates, but they were pretty slow to respond. I wouldn't recommend ordering from here unless you're okay with potential hiccups.",2,2026-07-20T14:36:46.000Z,Negative
Netflix,Streaming Service,I watch a lot of movies,I watch a lot of movies. The good ones from the cinema or DVD I might try on Netflix. I have noticed a lot of missing scenes from R rated movies that I know well. Often an R rated film will be edited for a PG-13 audience on Netflix. Bad. Really bad.,2,2026-07-20T13:37:16.000Z,Negative
Netflix,Streaming Service,My monthly subscription has been…,"My monthly subscription has been increasing. First, they added $10. A few months after that, they added $2 more. This is ridiculous. Keep in mind, they don't have a lot of options, especially for new movies. So, why are you raising the price? The communication in both cases was terrible because I wasn't informed of the $10, and for the $2, they claimed they sent an email. You don't just take money from people and inform them through email. To make matters worse, they said they can't refund me for anything, nor do they offer anything for an unsatisfied customer. I was shocked and extremely disappointed. I immediately subscribed to another app. This is my last month with them. DO BETTER NETFLIX, JUST DO BETTER.""",1,2026-07-19T18:44:14.000Z,Negative
Netflix,Streaming Service,Price raised up!,"Woooohh, i just check my subscription the price gone higher, but all i see is old movies The option prices is crazy",1,2026-07-18T18:41:08.000Z,Negative
Netflix,Streaming Service,Are they going to knock the price…,Are they going to knock the price down... How many adverts do they want to show. I'm halfway through a movie and seen about 9 adverts! This never use to happen!,1,2026-07-18T16:30:59.000Z,Negative
Netflix,Streaming Service,Nexflix there old movies that been on…,Nexflix there old movies that been on nexflix for years and is never been removed..Nexflix people wanted see new movies that’s what are we paying for new movies..right now there’s nothing to watch all I see is old movies that’s I already watch. We appreciate if u add new content of movies etc Thank u,1,2026-07-18T08:08:40.000Z,Negative
Netflix,Streaming Service,Greeeeedy,"Pricing is insane for what they're offering - different prices and different titles available in different regions. Cancelled shows left and right, shitty rushed endings on so many finales, the restrictions on where your account is logged into from. GREEDY",1,2026-07-18T07:15:36.000Z,Negative
Netflix,Streaming Service,Why do we keep paying Nexflix when all…,Why do we keep paying Nexflix when all they have now is reruns of Lifetime Movies. This is BS.,1,2026-07-18T03:17:39.000Z,Negative
Netflix,Streaming Service,I'd give 0 if I could,"I'd give 0 if I could. Found out why my card was denied. Because I live in a place where Netflix is cheaper. So I used a VPN, just to sign up, then I turned it off, to be told, ""Your account can't be used in this location."" WTF. It's illegal to be an expat now? Even if I'm paying US prices? Seriously?? This is beyond annoying. I'm going to find another streaming platform that has the show I'm watching, just to cancel my subscription. Y'all suck. I'm paying US prices, just to be told that I can't use it, where I actually am. Do better. Christ.",1,2026-07-18T03:13:04.000Z,Negative
Netflix,Streaming Service,I'd give 0 if I could,"I'd give 0 if I could. Got kicked out of my husband's account, then tried to create my own account, only to be told that my card has issues. It does not - checked my bank. I have more than enough. WTF.",1,2026-07-18T01:59:55.000Z,Negative
Netflix,Streaming Service,Blocking account for accessing your country's content,"So I am a Spaniard living in UK, I want to watch movies from my country that I found I could not access from UK, having unsuccessfully used a VPN, Netflix has completely blocked me, not even able to access UK content, I cannot watch anything despite of having paid, Netflix did not advise of this kind of blocking accounts. GOOD FOR THEM, another customer lost; I have unsubscribed and never will get back. I hope Netflix goes broke due to their senseless geographic restrictions.",1,2026-07-17T23:57:42.000Z,Negative
Netflix,Streaming Service,It was good but one concern is we were…,It was good but one concern is we were watching My hero academia and on the 7th season it went from English to Japanese and we couldn't change it to English we could only switch between Japanese and Thai plus we can't get the 8th season because we're in Canada so just wondering if we can get the 7th season in English and get the 8th season,2,2026-07-17T20:32:17.000Z,Negative
Netflix,Streaming Service,another lazy company with big promises they never fulfill,"Netflix has developed into a massive shame for its entire duration is a company. It originated by killing blockbuster. Under the guys of no ads no cable just your movies right where you wanna watch them cutting out the middleman right? A modern look at Netflix is a company and a streaming platform is wildly different from its initial introduction into the world. Netflix is now practically unusable unless you want the surface level movies and TV shows that they are promoting and peddling towards you as a user. It is virtually impossible to find and search through the movie and TV show catalog without endlessly scrolling. There are little to no proper categorizations of genre. The organization system itself is absolutely atrocious. They’ve taken to pushing their games and their top funded projects rather than creating a good and usable site for all users. Its main page is full of all of its heavy promotions and user algorithm generated recommendations. There is no sort from A-to-Z button in anything there is no sort by release date and sorting by genre is all the way way way way way way way down at the bottom. Netflix has become a platform that has been more focused on generating data collection from its users and keeping you looking through shit for as long as possible. actually finding things that you wanna watch or trying to explore God forbid, older titles or things that are not trending on TikTok or Twitter is entirely impossible. The layout of this platform is genuinely awful. It is not user focused. It is not easy to navigate whatsoever in fact, the constant changing of their layout is just irritating and annoying because all of their changes that they make are never good ones. They’re just ones that make it harder to find things that you actually want to watch. In fact I just had to spend 10 minutes trying to find my continue watching before I gave up entirely and just went to a different streaming platform to watch something else if they want to gather more people for subscriptions they should really start listening to their user base because this platform has turned into a complete travesty",1,2026-07-17T15:40:40.000Z,Negative
Netflix,Streaming Service,I cancelled my Netflix account,"I cancelled my Netflix account, with verification of cancellation, on June 15, 2026. Netflix took an unauthorized payment from my account on June 16, 2026. They have given the Better Business Bureau a song and dance over this issue instead of admitting their ""theft"" at this point, instead of refunding the piddly $21.89 they took. Shame on them!",1,2026-07-17T10:10:57.000Z,Negative
Netflix,Streaming Service,I just finished the 2nd season of wolf…,"I just finished the 2nd season of wolf king and then found out they aren't making anymore, they did the same thing with Arcane. This company doesn't care about anything but their profit line and because of that, we the consumer gets screwed. I'm not subscribing to Netflix anymore and I will tell everyone I know and everyone I meet to do the same!",1,2026-07-17T09:52:32.000Z,Negative
Netflix,Streaming Service,Pedlars of harmful pseudoscience,Will never subscribe again while they continue to platform harmful pseudoscience (e.g. G.Hancock) as legitimate.,1,2026-07-17T03:33:18.000Z,Negative
Netflix,Streaming Service,Netflix is ok not enough American movie…,Netflix is ok not enough American movie don't really like to read when I watch a movie or word don't match the voice they be good but more Americans movie unless Netflix not a American business.but I still pay every month.not saying I don't like the movies just want more Americans movie.,3,2026-07-17T03:23:29.000Z,Neutral
Netflix,Streaming Service,what type of app makes you pay for subscriptions for adverts,"what type of app people make you pay for a subscription and then still give you adverts fix up netflix no one will buy this app. Investing money into your app so you can juice us with the adverts atleast apps like spotify, youtube and so many other movie apps too have the common decency to not give adverts and they are cheaper than netflix!",1,2026-07-15T09:02:55.000Z,Negative
Netflix,Streaming Service,Netflix needs better job advertising…,Netflix needs better job advertising live content ..if they are going in the business of sports ..Netflix needs to do much better..I had no idea the homerun derby was even on Netflix!! And I have Netflix!! They should have littered social media advertising it!! I mean come on we get so much dumb hit on social media and I barley saw anything about it..disappointed,3,2026-07-14T22:33:03.000Z,Neutral
Netflix,Streaming Service,Bondefangeri!,"Bondefangeri! Havde Netflix via CBB mobil men da jeg opsagde det med en bekræftelse frs CBB fortsatte mit abonnement med at blive trukket hos Netflix. Forklaringen er sikkert denne helt uforståelige praksis hos Netflix : 😡 “ If your Netflix account has a valid payment method (credit or debit card, for example) on file, we will charge that method so you and any extra members on your account can continue using Netflix uninterrupted.“ Bondefangeri af værste skuffe",1,2026-07-14T11:36:08.000Z,Negative
Netflix,Streaming Service,Customer service,"Customer service, (phone person or supervisor), could not offer a solution to my issue. Cancellation was only option. Sooo many problems with lack of technology.",1,2026-07-14T06:32:42.000Z,Negative
Netflix,Streaming Service,What a POS company,"What a POS company. MLB allowed them the rights to the home run derby. And they tortured us with horrible comedians. And they lost the spirit of baseball. Taking profits over the sport. There are kids that watch and be inspired. I am so tired of this crap. I don’t want to give mlb one more penny,",1,2026-07-14T06:25:31.000Z,Negative
Netflix,Streaming Service,Won't let you use what you've paid for,"Banned me from using a service I have paid for while in a different location to my home. This is a joke, I will be getting my money back and I will refuse to ever use this rubbish service again!",1,2026-07-13T19:46:07.000Z,Negative
Netflix,Streaming Service,Netflix is a con,"I have had a premium account with netflix for the past 10 yrs, i'm cancelling as it wont let me watch a series through a vpn. I turned off the vpn and it still won't let me watch. It is the biggest con going at the minute",1,2026-07-12T19:29:13.000Z,Negative
Netflix,Streaming Service,"Not a service that delivers, just money grabbing.",I cancelled my Netflix (had been using since 2019) and never looked back. After numerous shows advertised and got me excited were never renewed for a 2nd season. So feel like my time has been wasted and I'm left with unresolved cliffhangers. This keeps happening to shows that are very popular too. Feels like Netflix just wants to churn out whatever content that falls into their lap rather than deliver what people really want. I feel used.,1,2026-07-12T14:50:48.000Z,Negative
Netflix,Streaming Service,Feed Up,Im so tired of verifying/updating my household everytime I access Netflix on a different TV in my home. It so darn annoying. I'm seriously thinking of dropping this subscription.,2,2026-07-12T05:58:20.000Z,Negative
Netflix,Streaming Service,Poor and uninteresting content,Poor and uninteresting content. Lack of anything interesting. I’ll be canceling Netflix sucks,1,2026-07-12T03:16:33.000Z,Negative
Netflix,Streaming Service,"Old movies on your side, Very few new movies but some of them…","Very few new movies but some of them don’t allow to play to watch it like “Old Henry” never allow me to start, we’ll need to give up and find another provider because i got tired to watch the same old movies",1,2026-07-12T02:47:56.000Z,Negative
Netflix,Streaming Service,Little content,Little content. Not worth the price.,1,2026-07-12T02:38:34.000Z,Negative
Netflix,Streaming Service,An insane number of ads,"We are longtime Netflix subscribers, back to the day when we got movies by mail. This week, we watched ""Society of the Snow,"" one of the most powerful movies ever. However, the experience was seriously marred by the constant ads, breaking up the suspense of the movie. In fact, the ads ruined our experience. In addition, one ad was for Hersey's chocolate, which appeared right after a starving character in the movie was savoring a small piece of found chocolate. We are seriously considering ending our subscription. I don't mind a few ads during the movie, but we should have not to pay substantially move to avoid the kind of viewing experience we had this week.",1,2026-07-11T22:42:44.000Z,Negative
Netflix,Streaming Service,A waste of money,"No new shows or seasons, many shows canceled mid story on cliffhangers a waste of money !",1,2026-07-11T22:25:02.000Z,Negative
Netflix,Streaming Service,★☆☆☆☆ | Absolute disaster—greedy…,"★☆☆☆☆ | Absolute disaster—greedy company and broken service Despite raking in billions from millions of customers worldwide and constantly hiking their subscription prices, Netflix provides a completely broken service. It is a daily headache. Every single time I log in, I encounter a new issue that forces me to sign out, reset, or troubleshoot. Right now, it is nearly 1:00 AM, and instead of letting me relax, the service is failing and interrogating me with endless security or system questions. If there were a zero-star option, I would give it. This company only cares about money, not their users. I am officially canceling my account tomorrow morning.",1,2026-07-11T01:32:51.000Z,Negative
Netflix,Streaming Service,I think the subtitle menu is to fast to…,I think the subtitle menu is to fast to catch up on especially if u are a beginner deaf and also the write ups about the film /doc/drama . It goes away to fast please let us have time to read it,2,2026-07-11T00:26:26.000Z,Negative
Netflix,Streaming Service,Netflix is the worst platform now ever,"Netflix is the worst platform now ever. Instead of making it easier to enjoy and view your subscription, now it is a pain in the *. It sucks if you are a digital nomad, terrible movies, terrible service. It constantly is kicking you out. I had to pay in another country as well to be able to watch it, and then it does not let me watch it worldwide. I am about to close my account. I am not even missing out on good content to be honest.",1,2026-07-10T23:52:22.000Z,Negative
Netflix,Streaming Service,Secondhand Programmes with Secondhand Staff Advice,"Judging from the star rating here, I gather Netflix doesn't care one bit about any review which doesn't conform to their ideas. So, for those of you who are thinking of trying Netflix, you may want to have a re-think. I have been with Netflix for some 4 years. In that time I have seen their content sink. A lot of their programmes now seem to be taken from old UK/USA showings, with not a lot of original material. Second, Netflix have staff who have no idea of their own company's contractual terms; in a word, they are ignorant of any of them and give out advice which is totally at odds with Netflix's terms. Third. As a direct result of advice I received from Netflix Chat, I cancelled my subscription. I was informed by their representative that I would not be allowed to watch any Netflix programmes if I chose to travel. The advice I was given was that I would have to cancel my home country subscription. Take out a subscription in the country I was travelling in. Cancel that subscription when I returned to my home country and renew my subscription in my home country!! Does anyone else see the lunacy in this advice? I visited Netflix website where it stated quite clearly, and I quote: ""Netflix is easy to use when on the go or traveling"". So, I got back in touch with Netflix Chat. Big mistake. The second person was even more ignorant than the first one and sounded like a bot who did not know anything about anything, but could feel my frustration and would take on board my feedback! What feedback? With staff, which are the face of Netflix, like these, I can only conclude Netflix will sink faster than the titanic.",1,2026-07-10T21:25:24.000Z,Negative
Netflix,Streaming Service,Doesn’t work,I’m canceling my Netflix subscription this week because I can’t even watch it on my TV. It will turn on and I’ll get to click on my profile and then it’ll turn right back off. How is Netflix so expensive but it can’t even load and I know it’s not my Internet because I have good Internet. Everything else works just not Netflix.,1,2026-07-10T12:19:41.000Z,Negative
Netflix,Streaming Service,The shittiest customer support,"The shittiest customer support I’ve ever experienced. My account was renewed even though I cancelled it. Customer support ensured me the account was cancelled and the payment was only pending. Well no, it was taken and customer support works like a bloody chatbot. You would think that a big company would have customer support that works but instead they have a customer wrong information chat. This experience has been so bad that I will never ever used Netflix again.",1,2026-07-10T09:30:10.000Z,Negative
Netflix,Streaming Service,"While some programs are good, what is the real cost?","The first thing you should understand about Netflix is that they have so much money (through theft and otherwise) that they do not care about poor reviews. The customer service is staffed by people who do not care what the company are doing. I stopped using Netfilx about 3 years ago and only looked into what they had been doing after they tried illegally to debit my credit card to the sum of £18.99 when at no time had I authjorised any more payments to them and had not owed them any money for the last three years. In effect they were trying to steal from me! It has been said that any company who holds your credit/debit card details could try charghing every customer money that is not owed and less than one in four people would notice. It appears that this is how netfilx operate. It took four phone calls to Netfilx customer care, all of which were met with useless staff who either laughed that money was being tried to be taken witholut authority or just could not care and put down the phone. The only way to stop the theives was to contact my credit card company and report the fraud and get the card number changed. If you are lucky they might not try to rob or defraud you, but going by my own experience and looking at the pathetic score they have (currently only 1.6/5 as i write this) I suspect they will continue their illegal operation of attempting to steal from past customers. Join them at your own peril! On the brighter side my credit card suppliers are raising the faruds they have made (some went un-noticed) and Netfilx will have to pay back what they stole with interest. Thta is all well and good but it does not make for a good relationship with Netfilx, does not inspire any trust in them and leaves me never using them again knowing they are criminals.",1,2026-07-10T07:18:55.000Z,Negative
Netflix,Streaming Service,I just cancelled my entire account,"I just cancelled my entire account. Tired of fighting with someone on the phone who knows nothing. Many times their Dolby Atmos sound cuts out. The past 6 times over the last couple years after I complained about it , you're on the phone with them for half an hour or more, they had it working again by the next day but this time on the phone twice for over 40 minutes each and they've not fixed it and say it's my equipment so I gave up not paying $30 a month like that. The Dolby Atmos sound works fine on Apple TV, Paramount+ and Utube. With 1,350 Internet stations I'm sure I will find something else to watch.",1,2026-07-10T06:17:21.000Z,Negative
Netflix,Streaming Service,The quality of the movies continues to…,"The quality of the movies continues to decline. As well as the TV shows. All these movies that were made cheaply, quickly with no real effort or writing skill designed to immediately go to streaming services ,instead of the theater, is all that is currently on Netflix anymore. It’s just a bunch of junk with no real storyline at all. And super old movies except for the classics that you might actually want to watch. Hollywood has become extremely lazy and gotten extremely cheap. Risk adverse. Even some of the big name actors have sold out and produced crap for quick money and one day of filming. It’s a disgrace!",1,2026-07-09T20:50:27.000Z,Negative
Netflix,Streaming Service,Ads ads and only ads on inappropriate…,"Ads ads and only ads on inappropriate places to watch something you are forced too, even you are paying Plus the choice is poor, I would rather suggest HBO over Netflix",1,2026-07-09T18:30:28.000Z,Negative
Netflix,Streaming Service,i dont know why people are giving bad…,i dont know why people are giving bad reviews. it is honestly one of the best content provider.,4,2026-07-09T13:04:25.000Z,Positive
Netflix,Streaming Service,WE PAYING FOR VIEW LONG ADVERTISING …,WE PAYING FOR VIEW LONG ADVERTISING NOT HAPPY WITH NETFLEX,1,2026-07-09T03:43:42.000Z,Negative
Netflix,Streaming Service,Absolute rubbish,"Absolute rubbish, pay bare money for a subscription and you end up watching more crappy adverts than the actual movie you want to watch! Two hour movie turns into a three odd hour, at one point 5 ads in the space of 20 minutes. Joke! What a useless app now",1,2026-07-09T03:01:43.000Z,Negative
Netflix,Streaming Service,Horrible TV app,The recent Netflix app update on my LG OLED TV can only be considered a downgrade. I can no longer press the back button on my remote to exit out of the media player. The only way is to naviagate to a new back button added at the top of the screen. Somebody needs to fire the 'genius' at Netflix who thought this is an improvement. Also the layout of the home screen is always changing. Sometimes I cant find 'continue watching.' Terrible. I'm going to cancel.,3,2026-07-08T21:48:09.000Z,Neutral
Netflix,Streaming Service,Not worth it,"The fact that you have to pay extra to be able to watch on multiple devices is just stupid. Atleast make the least amount of devices 2, this is such an idiotic feature. Rather pay for disney.",1,2026-07-08T12:53:45.000Z,Negative
Netflix,Streaming Service,better service needed!,better service needed!,3,2026-07-08T09:28:15.000Z,Neutral
Netflix,Streaming Service,I just bought my subscription to…,I just bought my subscription to Netflix literally last night. I have been watching it and I get on today and they say I have to re subscribe. Where is my money from the first one?! I will never use this crap streaming service again.,1,2026-07-08T00:18:50.000Z,Negative
Netflix,Streaming Service,What the actual????,"What the actual HECK - After canceling my account for 4 months I get deducted for a pakage I NEVER AGREED TO!!!!!!!!!!!!!!!!!! I CANNOT GET THROUGH ON ANY INTERNATIONAL CONTAT NUMNER AND MY BANK CANNOT HELP ME... WHHYYYYYYY DID YOU TAKE MY MONEY after 5 months of cancellation, are youy planning to deduct next month, 5 months from now?? PLEASE MAKE SENSE TO YOURSELF Mate.......",1,2026-07-07T09:09:04.000Z,Negative
Netflix,Streaming Service,The customer service representatives…,The customer service representatives are very rude and incompetent. I do not know if outsourcing for customer service reps is the issue or Netflix simply does not train or hold their employees accountable. I will be canceling my subscription since Netflix is not working on my television. Every other app and channel is working fine but the representative told me to buy a new TV and how Netflix is the top streaming company in the world. Well on MY smart TV Netflix is the ONLY app I have been having an issue with for almost 2 months.,1,2026-07-07T07:45:30.000Z,Negative
Netflix,Streaming Service,My subscription was charged twice…,My subscription was charged twice within a few days of each other so I contacted customer service and I have never come across such an ignorant customer service agent as the one I had unfortunately been assigned. They could not be bothered to read my issue and just kept trying to brush it off and get me to stop messaging them. They did not help me in any way and didnt answer any of my questions. Absolute disgrace to see after being a netflix customer for years now. Ive always heard customer service was bad at netflix but now after my own interaction I can now confirm this. How a company treats their customers is very telling!!,1,2026-07-06T05:14:23.000Z,Negative
Netflix,Streaming Service,Gave Netflix a try after a friend…Happy with my order,"Gave Netflix a try after a friend recommended them, mostly glad I did. Communication was clear and I always knew where my order stood. The website was a little slow to load at checkout. Solid overall and worth a look.",4,2026-07-05T07:49:31.000Z,Positive
Netflix,Streaming Service,Netflix in England,"Netflix in England You have got too big 4 ypur own good... And u have messed up... 1 of my all time favourite shows... ""THE WITCHER"" with 1 of the best actor... I have ever known in my lifetime... Henry cavil and replacing him with... An actor liam Hemsworth... He destroyed season 4....and it was aweful... Yet again another American company... Getting 2 big and powerful... 4 there own good... And if it wasn't 4 my autistic son... Watching Netflix... I wouldn't waste my money on them... When will they get it... get it... The customer knows better... Than them... Especially that CEO of Netflix... There's something not right with these actors.... Liam Hemsworth and Clint Eastwoods son... They can't act 4 mustard... Think about why don't they.. Those actors ever get good roles... In films or serieses... It's because they r no good... They r terrible actors...",1,2026-07-05T03:33:48.000Z,Negative
Netflix,Streaming Service,Used Netflix for a recent purchase andOkay experience…,Used Netflix for a recent purchase and it was alright. Communication was clear and I always knew where my order stood. Unfortunately one item arrived damaged and the replacement took a while. Would consider them again if the issues get sorted.,3,2026-07-05T03:25:29.000Z,Neutral
Netflix,Streaming Service,"Could be awesome, but no, it is garbage","I buy Netflix, and first thing after opening it, I get advertisement in full screen for fluffin Solitaire game which cant be hidden!!! You have to be joking. The most viewed TV Shows are in like 5 languages maximum (House MD was dubbed like 15 years ago both in czech and slovak) They even advertise that go watch on Netflix, but its not in my language :-D !!! Pure scam. Searching for movies is absolute blasphemy, showing the same 15 shows and then it goes to totally different categories like DO I CARE WHEN I SEARCH FOR SCIFI, I WANT SCIFI! Netflix is a lot worse than I expected AND a lot worse the last time I was using it 4-5 years ago. Garbage.",1,2026-07-04T23:07:41.000Z,Negative
Netflix,Streaming Service,a strange start,"I made a contract on June 26 and paid immediately. Last night netflix kicked me out. ""There is a problem"" they said as I would use a VPN or something. I have no VPN but could not continue watching, anything. I looged out and in again, then I had to set up my account completely, which was weird. Then I received an emaIl that they charged me again. I wrote to the customer service but the email bounced back. I don't like that. If there is no help there is no trust. This morning I had an email saying I would have used another device - which is completely nuts as I only have one computer. This is really a strange start with netflix.",2,2026-07-05T12:27:32.000Z,Negative
Netflix,Streaming Service,Gave Netflix a try after a friend…Good experience overall,"Gave Netflix a try after a friend recommended them, mostly glad I did. Customer service got back to me within a day when I had a question. The website was a little slow to load at checkout. Solid overall and worth a look.",5,2026-07-04T21:41:31.000Z,Positive
Netflix,Streaming Service,Netflix account hacked but no help from them!,"I have a Netflix account paid for via a Sky TV package, sadly someone hacked my Netflix account and it is impossible to get it reset, 6 months have gone by and despite tens of phone calls and online chats with both Sky and Netflix my account is still being used by the hacker with me locked out. Netflix say Sky is the customer I am a third-party, but Sky say they cannot communicate with Netflix about my account or reset it in anyway as all it's account details have been changed and taken over by the hacker then the account locked. Terrible service from both Netflix and Sky. Never accept Netflix via Sky as if things go wrong with your account Netflix will refuse to reset it for you and both Netflix and Sky abandon you. Both are complicit to fraud, they only want your money.",1,2026-07-04T16:10:12.000Z,Negative
Netflix,Streaming Service,Namaskar,"Namaskar . I wonder why it took us so long to review Netflix ? We subscribed to Netflix since about 10 to 15 years now . Everything started out fine ! Then the problem of viewing Netflix on a smart TV began . It mostly would say that a certain selected piece cannot be shown .So viewership became localised mostly to mobile phone use . We used the chat box but they are telling that the local network in my country is blocking their signals . However , occasionally they allow you to view a selection but this is rare .",2,2026-07-03T22:33:49.000Z,Negative
Netflix,Streaming Service,Netflix charged me twice for one…,"Netflix charged me twice for one subscription over a long period of time. Yes I should have noticed sooner but their attitude seems to be once they take your money, they will keep it even if it is clear that you have received nothing for it. Be warned that this company makes up its own rules.",1,2026-07-03T17:07:00.000Z,Negative
Netflix,Streaming Service,Netflix you are the worst subscription…,Netflix you are the worst subscription supplier out of everyone. This constant asking for clarification is beyond a joke. No one else does this every week you have to do it people don’t waste your time go to Stan or one of the others,1,2026-07-03T10:36:20.000Z,Negative
Netflix,Streaming Service,Netflix are robbers,How there you to take my money from bank account without my permissioin I did not do any subscription this is the second time you are scamers and thieves I want my f..... money back,1,2026-07-03T08:31:32.000Z,Negative
Netflix,Streaming Service,Starts With the Last Episode!,"This is the second time I have started watching a thriller series and the app auto started the last episode, not the first. Half way through, after trying to piece it all together we realized it was the last episode. Great job Netflix! Why bother making TV shows if you are just going to ruin the ending?",1,2026-07-03T01:19:31.000Z,Negative
Netflix,Streaming Service,I still really like netflix,"I still really like netflix, lots of great series, especially the foreign ones like spanish and scandinavian ones, there is always something great to watch, mostly good quality. A minus is the UX design, as it shows me many times series or movies I already watched, I only see it once I click on the details. Also as sometimes Netflix shows different cover images suddenly, it happened to me a few times that I started watching the same movie again and then only noticed I sounds familiar to me.",4,2026-07-02T11:17:24.000Z,Positive
Netflix,Streaming Service,Netflix only makes the owner rich,"Netflix only makes the owner rich. I live in Ecuador and frequently stating something is wrong with my WiFi. Everything else works, not Netflix. So, I restart WiFi. remove the electric plug for 1 minute as suggested. Everything works. Not Netflix. I was watching a great movie and now can't find it. Oh, they'll say it's a local problem. Total B.S. and done with them. What else can I satñy. Bye. Bye. Netflix",1,2026-07-02T03:36:39.000Z,Negative
Netflix,Streaming Service,Keeps going up and up went from 6$…,Keeps going up and up went from 6$ month to 27.99 with the same old movies!! Stopping Netflix right away,1,2026-07-01T20:12:59.000Z,Negative
Netflix,Streaming Service,Netflix unresponsive to complaint of dark screen problem.,"After having a Netflix membership for more than 7 years I have had to cancel service because they can not fix a problem with the video quality. After performing all their troubleshooting protocols on all my devices (several times!), the same very dark screen persists. Netflix agents insist the problem is with my TV's (I have two different brands); my laptop; and my Iphone. It seems impossible that all my devices are the problem. Until today I had been very satisfied with my Netflix service.",1,2026-07-01T20:01:51.000Z,Negative
Netflix,Streaming Service,Netflix lost its way,"Netflix has lost sight of what makes a network worth supporting: respecting the viewer. They are trapped in a cynical, metric-driven cycle where high-quality storytelling goes to die. They treat great series like disposable bait, cancelling fantastic shows after 2-3 seasons right when the storylines mature. Why? Because it's cheaper to fund flashy new season-one shows to pump up subscriber growth. They alienate loyal users for corporate greed and profit. I'm done paying for half-told stories.",1,2026-07-01T16:04:38.000Z,Negative
Netflix,Streaming Service,Hey how about DONT ask my minor child…,Hey how about DONT ask my minor child for their email and personal information for “easier” log in! They are under my account end of story!,1,2026-07-01T00:09:44.000Z,Negative
Netflix,Streaming Service,I think it's a shame that a corporation…,I think it's a shame that a corporation as big as Netflix would charge extra for family members they should be thanking them for watching Netflix and not crucifying them with extra money just to have Netflix all of it corporate greed Netflix a billion dollar company and still their rude to their own customers bye charging all family members about 20.00 dollars extra unbelievable and disrespectful. Like I said it's corporate greed we get poorer and they get richer unbelievable.,1,2026-07-01T01:44:36.000Z,Negative
Netflix,Streaming Service,If I could give zero stars I would,If I could give zero stars I would. Im sick and tired of the woke blasphemous shit they put on there. Im also sick of all the gay adverts. Why am I paying to watch stuff with constant adverts cutting in. I'm canceling next month. Amazon isn't great but its abit better than this platform.,1,2026-06-30T11:14:47.000Z,Negative
Netflix,Streaming Service,It is utterly PATHETIC that I'm forced…,It is utterly PATHETIC that I'm forced to stay on the Netflix page while an ad is playing when I'm watching it on my computer. Why is this even allowed?,2,2026-06-30T05:43:36.000Z,Negative
Netflix,Streaming Service,"If you can't afford wifi, link your TV to your cellphones hotspot and get netflix",This is the only app that I can watch my flat screen using my phones hotspot without lag. No Internet bill!! Only phonebill and Netflix. Works flawless with T-Mobiles hotspot . 5 stars to both,5,2026-06-30T04:01:12.000Z,Positive
Netflix,Streaming Service,Getting fed up,Getting fed up Of paying for rubbish to watch going to cancel next month,1,2026-06-28T20:30:50.000Z,Negative
Netflix,Streaming Service,I would have given them 0,"I would have given them 0. I stopped watching any show they had on their platform. Fk their woke agenda and the lame diverse and inclusive mentally ill stuff they put in their series. They ruined Witcher and not only, not to mention the blasphemic trash they call ""artistic"". Never had a subscription, and i am glad, the few stuff I watched from them was pirated😌",1,2026-06-27T16:47:52.000Z,Negative
Netflix,Streaming Service,I am not willing to buy THAT softener,"I am not willing to buy THAT softener. Come on now I understand the greed for charging a monthly fee plus bombing us with advertisements as well but at least have some variation. Yes, if you are that greedy then play those ads by all means but I am sick of the very same softener advert playing only. I am not going to buy that product, no matter how many times you push it in my face so please try to feed me with some other dumb stuff too which I will definitely not buy. A little variety before my brain will smell like THAT softener.",1,2026-06-27T03:37:22.000Z,Negative
Netflix,Streaming Service,I think thats enough,"I cancelled my subscription, the quality of the content has dropped drastically. Nothing good has been released recently, just some low grade nonsense! Id try something else that dosent treat users like fools!",2,2026-06-26T10:40:08.000Z,Negative
Netflix,Streaming Service,I'm done with Netflix,"I have subscribed to Netflix on and off for years but now I'm out for good. Not worth the price in Canada for the lousy movies. Watch Prime, Tubi etc.",1,2026-06-26T02:46:17.000Z,Negative
Netflix,Streaming Service,Thieves,"After cancelling my subscription last month, as ad supported versions are not supported in my area, and I'm unwilling to pay the latest price hike, they charged me again today for the next month. This is outright theft. I cannot watch your lousy service and you still take money from my account. Seems I'm not alone. Shitty business model.",1,2026-06-25T21:02:28.000Z,Negative
Netflix,Streaming Service,Subscription cancelled,"Things have been getting worse for a long time. It’s becoming more expensive all time and on top of that, instead of making it easier to access the platform customers pay for, access is being made more difficult. Is this encouraging people to watch legal movies or series? Also NO! for soft power kremlin propaganda and cartoons promoting soviet army. Subscription cancelled.",1,2026-06-25T20:07:38.000Z,Negative
Netflix,Streaming Service,The biggest company and they needed to…,The biggest company and they needed to steal of a single mum. I’ve been being charged twice for my account. Called to cancel and refund and customer service is now cheap bullies abroad. Underpaid and over worked no doubt as they couldn’t solve an issue if their life depended on it!! And instead of helping they just become belligerent and rude. Genuinely just trying to make sure my account was safe and just got hung up on three times!!,1,2026-06-25T14:47:35.000Z,Negative
Netflix,Streaming Service,Way too expensive for limited content,Way too expensive for limited content. Period!,2,2026-06-24T13:40:50.000Z,Negative
Netflix,Streaming Service,Complete rip off,"At this point, I would give zero stars if I could. We are premium users without ads. We are a family of 4. 4 Tvs with Netflix on it, plus my phone to manage the account. Thats 5 total devices. Per our subscription, we can have up to 6 devices with Netflix logged in. We should be good. We are also allowed to stream on 4 devices at once. The issue is, about a month ago, anytime someone tries to watch Netflix, there's an error saying the device isn't allowed to watch, and we are given an option to ""update household"" this sends an email to the account holder and the person trying to watch has to track down to account holder and wait for them to be able to access their email. PITA. And when they click to ""update household"" it kicks the other devices off. More than 1 device cannot stream at once. This is happening inside our house. On our internet. No one is traveling. No one is logging in outside of the home. We have been paying for premium so the kids can watch what they want, and us parents can watch our shows. However Netflix only let's us watch on one TV at a time - despite being inside the home. What a scam!",1,2026-06-24T04:03:46.000Z,Negative
Netflix,Streaming Service,Picked up a couple of things fromNo complaints really…,Picked up a couple of things from Netflix recently. Prices were reasonable compared to what I found elsewhere. Returns policy could be a bit clearer on the site. Would order again.,4,2026-06-23T18:48:52.000Z,Positive
Netflix,Streaming Service,DONE WITH NETFLIX,DONE WITH NETFLIX. when my subscription ends so does that just took one of the best shows ive seen in a while off they always screw shit up. I have Paramount and Prime now they are 10 times as good as Netflix.,1,2026-06-23T10:11:48.000Z,Negative
Netflix,Streaming Service,Premium customer for a year — treated like garbage,"I paid for a full year of Netflix Premium and what did I get? Ads. Constant, relentless advertising on the plan I'm paying top price for. They changed their policy mid-subscription with zero warning and no explanation, and now I'm stuck watching commercials on a service I'm paying premium money to avoid exactly that. It gets worse. They've now locked me out of my own browse screen. Every time I try to access my account it demands my email over and over again in an endless loop. I can't get in. I can't watch anything properly. And the part that really takes it — I can't even cancel my subscription because I can't access the account I'm trying to cancel. So let me get this straight: I'm paying premium prices, getting bombarded with ads, locked out of my own account, and trapped in a subscription I physically cannot cancel. That's not a streaming service, that's a hostage situation with a monthly fee. Absolute shambles. Avoid. Rubbish!!!",1,2026-06-22T21:25:54.000Z,Negative
Netflix,Streaming Service,Paying for a Service I Could Not Access,"Hello, I have been charged by Netflix for the past three months, even though I cancelled my subscription and have not been able to access the service. When I contacted support, I was told that there are no payments associated with my account. However, I have bank/card statements showing these charges. I would like you to investigate these charges using the billing information, including the dates, amounts, and the description that appears on my card statement. Since I have been paying for a service that I could not access and believed was cancelled, I would also like to request a review of these charges and information about a possible refund. Please let me know how I can provide the relevant documentation and proof of payment. Thank you.",1,2026-06-21T19:56:15.000Z,Negative
Netflix,Streaming Service,All new movies and series are exactly…,"All new movies and series are exactly the same, AI written scenario, same plot, where the main character is moving from difficulty to difficulty, no real interaction, same wording ""Boss you've got to see this"" is my favourite. Ofcourse single mothers are taking down full criminal organisations, a scene or two about main character's sexual orientation (never straight) and the bad guy is always a white male, or if the white male is from the good guys, then he is the unaware General who is giving poor decisions. Just one example as if I am to give more I will spend the whole day: Why the Queen in Bridgerton is Black? Why the movie has nothing to do with the book? Don't want to even get into the ""gay scenes"" in a 19th century Romance, they are not present in the book yet Netflix created them out of thin air. I canceled my subscription and have suggested all my friends to do the same, complete waste of time.",1,2026-06-21T10:35:08.000Z,Negative
Netflix,Streaming Service,Raised my member fees twice in a year,"Raised my member fees twice in a year. Platform offers nothing anymore. Reality, documentaries, short films. Used to be my #1 go to. Paused account. I now use free platforms that offer so many more options than Netflix. Bye.",1,2026-06-20T22:02:51.000Z,Negative
Netflix,Streaming Service,They refuse to offer refunds .i…,"They refuse to offer refunds .i cancelled my monthly plan yet i was charged for 4 month when i got to notice it i contacted them . They kept lying to me that the refund is decline by my bank , i ask for a proof , they told me they cannot provide proof.And this is over 30 days since i have been contacting for refunds . I mean who does that . this is a clear criminal act because indirectly rip customers and refuse to provide refunds .",1,2026-06-20T18:36:53.000Z,Negative
Netflix,Streaming Service,"Great movie catalog, but live sports streams are disappointing","I've been using Netflix for a long time, and as a regular service for movies, it performs quite well. However, they urgently need to fix their live sports broadcasting. When paying for a premium subscription, I expect to watch live events without constant buffering, freezing, or quality drops. My internet connection is fast and stable, so the issue is definitely on Netflix's side. I understand that live events attract massive traffic, but a company of this scale must properly calculate infrastructure capacity.",3,2026-06-20T17:01:46.000Z,Neutral
Netflix,Streaming Service,Netflix pulled a movie before its end date!,"Netflix published a “last day to watch” date for a movie “The Creator” which was today June 20. I confirmed the date with Google and also checked that a movie “leaving” the Netflix platform should be available through 11:59pm Pacific Time on the published end date. Well, Netflix pulled the movie BEFORE that cutoff so I’ve spent about two hours and did not get to see the end of the movie. I tried chatting with customer service but that was also a waste of time. Netflix is Not recommended.",1,2026-06-20T16:11:58.000Z,Negative
Netflix,Streaming Service,Had a fairly smooth experienceOkay experience with…,"Had a fairly smooth experience with Netflix this time around. Communication was clear and I always knew where my order stood. That said, the delivery was noticeably late and I had to chase it up. Decent, but there's room to improve.",3,2026-06-20T13:55:34.000Z,Neutral
Netflix,Streaming Service,They keep kicking devices off,They keep kicking devices off. We never exceed the number of concurrent viewing devices and really don't watch alot. I cannot just add my devices and leave them there. It invariably kicks them off. it is making me crazy for the few times we watch we should just be able to leave TVs signed in. I even got a message that the device I was using to manage the account wasn't authorized to use it. Seriously ...,2,2026-06-20T03:29:26.000Z,Negative
Netflix,Streaming Service,I was a netflix customer for over ten…,"I was a netflix customer for over ten years, I call to update my email for the second time. so I can manage my account. The representative and manager I spoke to were such jerks, they cancelled my account like it never existed. I just made my monthly payment as well. i will never be a netflix customer again !!!!!!!!!!!",1,2026-06-20T02:54:24.000Z,Negative
Netflix,Streaming Service,Disappointed,"Disappointed. One of my favorite shows is breaking bad. Ive watched the series several times. However when I watched it on Netflix the series has been chopped up or ""edited "" beyond belief. Now its Mo and Larry cooking meth. Its ridiculous.",2,2026-06-20T02:25:00.000Z,Negative
Netflix,Streaming Service,Disgusting,"Only utterly disgusting people could try to smear the name of a pure soul like MJ with fake, click bait garbage. He was exonerated and found innocent. Stop throwing dirt at a man who’s not here to defend himself. You should be ashamed.",1,2026-06-19T15:12:03.000Z,Negative
Netflix,Streaming Service,"high prices for trash content, they cancel everything","why am i even paying for this platform anymore?? every single time they release a genuinely good show with a proper story, they cancel it after one season on a cliffhanger. instead, they flood the homepage with cheap, unwatchable reality tv and foreign dubs. the price keeps going up but the actual quality of entertainment is at an all time low. do not bother.",1,2026-06-19T12:14:39.000Z,Negative
Netflix,Streaming Service,Netflix is getting to greedy,"Netflix is getting to greedy. $20 a month? Seriously? , they need to go broke. Or $9 with commercials. Its worse than prime, and prime is also getting greedy.",1,2026-06-18T07:10:18.000Z,Negative
Netflix,Streaming Service,Constant price hikes without increasing…,"Constant price hikes without increasing quality of shows. They actually intentionally make shows worse. I can’t stand the fact that despite paying over $30 a month and having two households, I can’t watch my Netflix in a Hotel on a TV while traveling for work. I can no longer support such a greedy horrible company. I will be canceling my subscription and encourage others to do the same.",1,2026-06-18T00:33:07.000Z,Negative
Netflix,Streaming Service,Why am I paying Netflix for Chinese…,"Why am I paying Netflix for Chinese , Thai & Japanese movies , and there is more and more appearing , which are neither dubbed or have subtitles ? And for most of the movies that do have subtitles , like Spanish ones or ones from Latin America, they subtitles are up and away before you get a chance to read them . How can you watch and enjoy a movie if you have to continually stop and rewind then pause it to read the subtitles ? When I pay a subscription to a platform like Netflix I expect to be able to watch all of the content not just some of it and why does it take so long for new content to be added . Its getting ridiculous now , I think its time to cancel .",1,2026-06-17T18:52:43.000Z,Negative
Netflix,Streaming Service,For real,I'm not able to watch any shows ever so this company can kick rocks down by the lake.,1,2026-06-17T15:32:21.000Z,Negative
Netflix,Streaming Service,Netflix has gone terrible,"Netflix has gone terrible, Old film/series that have been watched. Stuff is years old and have previously been on other services. Anything new is normally crap, tried the cheaper add supported plan as I did not think it was worth paying full price but when I searched for a film (even old films) it would say it is not available on add free tear. Other online searches for Netflix content brought me to things that Netflix informed me was not available in my reign. So much content available in US is not on UK Netflix! R.I.P. Netfix",1,2026-06-17T11:11:59.000Z,Negative
Netflix,Streaming Service,Two years ago,"Two years ago, this was the best movie and TV show service. Now the prices have gone up, the shows are uninteresting, there are few movies, and they're charging money for no apparent reason.",3,2026-06-17T10:08:20.000Z,Neutral
Netflix,Streaming Service,Cancelled membership in May of 2026,Cancelled membership in May of 2026. Nexflix took money from credit card without my authority and/or authorization. Customer service is never available. I do not and will never go back because of this very issue.,1,2026-06-17T00:38:33.000Z,Negative
Netflix,Streaming Service,I'm sick and tired of getting…,"I'm sick and tired of getting interested in one or two seasons on Netflix, I'm really good shows like the abandoned Red Road and plenty of others and they canceled it for no reason and leave it hanging. Netflix sucks for canceling shows. I'm getting sick and tired of paying all this money and they just cancel a lot of good shows without even I don't even know why but it's happened way too often. I'm getting sick and tired of paying the money and I'm getting tired of Netflix.",3,2026-06-16T07:11:30.000Z,Neutral
Netflix,Streaming Service,The Parisian Agency,"The Parisian Agency, the rap music doesn’t fit the type of show it is. It seems like a family friendly show, but then you hear (N)igga, (P)ussy, and other unfriendly words. The black music doesn’t fit the French experience.",1,2026-06-16T00:03:19.000Z,Negative
Netflix,Streaming Service,too expensive for bad content and restrictions,"the app interface is still the best and smooth, but the price increases are getting out of hand. now they lock 4k resolution behind the most expensive tier and blocked me from sharing my account with my brother. plus they cancel every good show after one season. not worth the premium price anymore.",2,2026-06-15T17:12:08.000Z,Negative
Netflix,Streaming Service,You must live at one house. Useless.,"I live between houses and apparently that's not allowed. I was paying 19.99 for multiple screens but unless my girlfriend moves in with me, or I with her, this doesn't help - so I've reduced to the 12.99 plan, and have to put up with the annoying process to update my household each time I swap homes. Imagine being so vigilant about account abuse that you harm people using the service in an honest way. Oh and even better, if I tried to add another seat for myself, at a second location (which in itself is customer exploitation let's face it), I can't do that without it being a new account, so lose all my history etc. Absolutely ludicrous! Like you could literally just always allow traveller mode if it's between 2-3 common, recognised locations. It's not hard. Or let people have an account that is personal and has nothing to do with location - all it would need to do is track that there's only one device active using the account at any time. Steam does this. Literally no other service I am subscribed to has this issue. Obviously the design team or managers of the design team are utterly clueless.",1,2026-06-15T11:56:45.000Z,Negative
Netflix,Streaming Service,Ritesh was extremely helpful and…,Ritesh was extremely helpful and polite. I logged myself out and had old details so couldn't log back in. I was bit stressed so wasnt explaining myself very well but they understood and helped quickly to get me logged back in. Thanks again. ☺️🙏,5,2026-06-15T10:36:01.000Z,Positive
Netflix,Streaming Service,I Absolutely love Netflix,"I Absolutely love Netflix, I will highly recommend.",5,2026-06-15T01:48:32.000Z,Positive
Netflix,Streaming Service,But I would love to have more FATE:The…,But I would love to have more FATE:The Winx saga so that we can see the continued story of bloom,5,2026-06-15T01:20:31.000Z,Positive
Netflix,Streaming Service,I drive a truck and so I have a smart…,I drive a truck and so I have a smart tv in my truck and at home for my wife. I was paying for premium at $28. They told me that in order to still use it in my truck I needed to pay for extra user at $10 for basic just for me in the truck. I decided since they have consistently raised prices added adds and to top it off the customer service lady was super rude I cancelled. I was a customer for over 10 years.,1,2026-06-14T17:05:05.000Z,Negative
Netflix,Streaming Service,I cancelled the first month and they…,I cancelled the first month and they billed me again worthless company,1,2026-06-14T15:45:49.000Z,Negative
Netflix,Streaming Service,Netflix only allows 2 family members access at a time in my home without charging extra,I have had Netflix for many years. Tonight I got a notice that there were too many people watching on my account. I discovered that I need a premium account if 3 people in my family want to watch at the same time. I have other streaming services that all allow all members in my family to watch at the same time. Some even allow 5 people. Why should I have to pay extra to watch Netflix in my own home (family members only)? I am thinking about dropping Netflix completely. I would understand if it were another residence but all 3 of us are here in the same house and are in the same family! You just became the worst of the streaming services and I plan to spread the word!,1,2026-06-14T06:01:03.000Z,Negative
Netflix,Streaming Service,Absolute rubbish,Absolute rubbish. I have unlimited mobile broadband because I travel a lot. Each time I change the device I am strugling with login in to new tv. What a waste of energy and emotions. Absolute morons,1,2026-06-13T23:57:10.000Z,Negative
Netflix,Streaming Service,Died of boredom trying to find anything…,"Died of boredom trying to find anything other than people talking to each other in ""three body problem"". Netflix. Take a 90 minute story and try and stretch it to 9 hours. Yawn. Too boring. Make movies not series where nothing happens for hours and hours and hours and hours and hou......",1,2026-06-13T23:38:32.000Z,Negative
Netflix,Streaming Service,Netflix literally turned into a scam.,"Netflix literally turned into a scam. They but promotion spaces, for movies they dont have. If you google and ask if a movie or serie is on Netflix it appear so, untill you try watching it, and you can get a reminder when they movie is on netflix Its false advitisement and highly illigal, but somehow no body is doing anything about it. Is it that hard to make them comply with the law ?",1,2026-06-13T12:12:19.000Z,Negative
Spotify,Streaming Service,,"Used to think this was a brilliant app and a real boon to a music loving pensioner until I was kicked off from my son's Family account as we no longer live in the same house. Why call it Family, surel... See more",1,2026-08-08T19:20:53.000Z,Negative
Spotify,Streaming Service,,"Awful. Says free trial for a month to find they want to take £1.01 from your account so if youre on you bum with mobey, you cannot start the ""free"" trial. If you dont pay premium, you can only skip a... See more",1,2026-08-11T15:43:09.000Z,Negative
Spotify,Streaming Service,,"It's one of the worst apps in the world, you can't listen to your songs until you pay, which is pretty bad when you're under 18 and your parents are saving every penny.You can't listen to songs, you c... See more",1,2026-08-11T13:41:12.000Z,Negative
Spotify,Streaming Service,,"Spotify is honestly the best app on any of my devices, the personalized sets of playlists each day. I hear something new I love every week, especially New Music Friday and Release Radar. I wish I alwa... See more",5,2026-07-29T21:38:43.000Z,Positive
Spotify,Streaming Service,Awful,"Awful. Says free trial for a month to find they want to take £1.01 from your account so if youre on you bum with mobey, you cannot start the ""free"" trial. If you dont pay premium, you can only skip a certain amount of songs and replay a certain amount as well. Down loaded play list also gets deleted if you dobt comply. Go to youtube. If its on Spotify its on YouTube and its worth paying for no ads because theres literally everything on there so you wont be paying multiple services trying to find that 1 thing :) youtube all the way.",1,2026-08-11T15:43:09.000Z,Negative
Spotify,Streaming Service,"SPOTIFY IS THE WORST APP IN THE WORLD, IT'S A STEALING","It's one of the worst apps in the world, you can't listen to your songs until you pay, which is pretty bad when you're under 18 and your parents are saving every penny.You can't listen to songs, you can't choose what you listen to, it puts shit on there that you don't like and you can't even switch it off.You are constantly interrupted by ads even though you have an adblocker,What bothers me the most is that I can't listen to what I want, only what they force on me.",1,2026-08-11T13:41:12.000Z,Negative
Spotify,Streaming Service,So called `Free Trial',"I signed up for a `Free Trial' on Spotify's Audiobook subscription and I made a date on my Calendar to cancel the trial before it became chargeable. Unfortunately this cancellation mysteriously vanished and they charged me the full amount, despite the fact I hadn't used the service for even a second. I spent the best part of 2 hours trying to remedy this without success. They said they send an email out confirming cancellation but having cancelled for second time I still haven't received this email. Just rubbish customer service and avoid their so called Free Trials at all costs!!",1,2026-08-10T19:50:21.000Z,Negative
Spotify,Streaming Service,So much choice,"Thee is only one problem with Spotify premium as far as this sometimes indecisive person is concerned. With so much choice, what shall I listen to next. Whether relaxing at home or out and about, Spotify is my go to choice for music, podcasts and audio books. As well as tried and trusted favourites, I use it as a way to discover new artists and groups, by typing two or three letters and randomly choosing one of the things that appears.",5,2026-08-10T11:50:17.000Z,Positive
Spotify,Streaming Service,Spotify is still serving paid…,"Spotify is still serving paid advertisements before podcasts, despite my having a Premium subscription. To be clear, I am not referring to ads that are embedded in the podcast by the creator or host. These are Spotify-delivered ads that play before the podcast starts. I contacted Customer Support and was informed that this is the expected behaviour under the current offering. Frankly, I find this quite disappointing. Paying for a Premium subscription while still being served ads before content starts feels contrary to the purpose of a paid, ad-free service. In my view, this significantly reduces the value of the subscription and creates a poor customer experience, zero value in paying for Sportify!",1,2026-08-10T09:21:16.000Z,Negative
Spotify,Streaming Service,Used to think this was a brilliant app…,"Used to think this was a brilliant app and a real boon to a music loving pensioner until I was kicked off from my son's Family account as we no longer live in the same house. Why call it Family, surely Household if you can't support your own parents in their later years! With 2 kids under 4 unlikely to use, surely due a refund? Shame on you, Spotify: blatant profiteering and I suggest lacking the principles of its foundation. Chasing the dollar. What a world we are turning into...",1,2026-08-08T19:20:53.000Z,Negative
Spotify,Streaming Service,Good for songs but what’s the point of…,Good for songs but what’s the point of advertising for people to advertise and then advertise for premium so they don’t want to listen to ads it’s beyond me,3,2026-08-06T18:53:42.000Z,Neutral
Spotify,Streaming Service,SPAM emails,"I have a domain name email. I kept getting daily SPAM emails to this address for many years. I searched everywhere. How are they getting my email? The only thing I used it for was a free Spotify account – but all notifications were switched off on Spotify. I changed my address on Spotify to a dump gmail address and the SPAM immediately ended on my domain address *and* on Google. My conclusion: Spotify is selling my domain name address. Google has a better SPAM filter that knocks out these emails. If you are using Spotify, use a gmail dump address as your login.",1,2026-08-09T12:45:15.000Z,Negative
Spotify,Streaming Service,I cancelled my subscription trial last…,"I cancelled my subscription trial last week, but my card was still billed for the next month anyway. When I tried using the live chat support, the agent kept switching every few messages, and nobody gave a straightforward answer about my refund request. I had to dispute the transaction through my online banking app. Turning off auto-renew in the account dashboard feels intentionally confusing.",1,2026-08-06T09:54:17.000Z,Negative
Spotify,Streaming Service,Incompetent… Who could guess?,"Those unprofessional and incompetent people allow anyone to register using any email address. They do send a verification email, thankfully, but they still let the original id*ot use your email address to create an account. I've had to delete an account three times. Three times they allowed someone else to register with my email. Three times I had to remove accounts that should never have been created if the company had followed basic modern practices for account registration on the Internet.",1,2026-08-06T00:40:43.000Z,Negative
Spotify,Streaming Service,Scam,"Absolute scam. They continued to charge me for 3 months after I thought I cancelled the subscription, with ZERO email notifications or invoices sent. Customer service is basically robots reading T&Cs and refusing to escalate. I had to go through my bank to issue a Chargeback to get my money back. Avoid giving them your card details!",1,2026-08-05T00:18:24.000Z,Negative
Spotify,Streaming Service,Plays similar songs for me after…,Plays similar songs for me after listening like 5 songs! Don’t download!,1,2026-08-03T15:07:51.000Z,Negative
Spotify,Streaming Service,I like the app,"I like the app. Having all your fave music at the tip of your fingers is great. Here’s the cons. I stream almost every day & because I stream, I cannot listen to my fave music (dmca) so I’ve been forced to source alternative music in the same genre. Now because I am forced to listen to bands I would never normally listen to my fave bands are not getting anything from me in revenue because I am forced onto other dmca free music. Kudos to those bands they’re getting revenue. My anger at it all is that now according to spotify is my fave bands are no longer my fave bands, now all the dmca free music is my fave music & this couldn’t be further from the truth. It’s disappointing that I can no longer listen to or support my fave music such as metallica, five finger death punch, screaming jets, ac/dc, etc because of dmca. Hope the music industry is happy with that. Also, I now have to unsubscribe from spotify notifications because it sends me notifications on tours for my apparently new fave music & no notifications for my actual fave bands, disappointing system",5,2026-08-03T13:15:32.000Z,Positive
Spotify,Streaming Service,Terrible Customer Service,"Its ok when it works but try and get help thats a different matter. All contact is through Chat which isn't great but it can work, however ive tried numerous times and the agent keeps changing like every couple of responses so you end up getting nowhere and the next agent misunderstands and then contradicts the previous one. I've also had money debited from my account, not a normal monthly subscription cost a couple of times and then refunded a few days later without explanation nor can the chat explain. This is marketed premium service with a premium cost but terrible customer service, its like they are providing customer service for a free App. I've moved elsewhere, come on Spotify get your act together or you will be finished.",2,2026-08-02T22:24:39.000Z,Negative
Spotify,Streaming Service,I het it sucks when you don't pay for…,"I het it sucks when you don't pay for it. But it should work at least at a decent level when you literally pay for it every month. It keeps telling you ""no wifi"" when ant other app has wifi, is somehow unable to play downloaded songs without wifi, of at least not without gigadelay. Jeez this is a paid service get ur shit together",1,2026-07-30T21:39:32.000Z,Negative
Spotify,Streaming Service,It just became my default,"I use Spotify almost every day, mostly while I'm working or driving. Most of the time I don't even make playlists anymore. I start with one song and let it keep going. Sometimes I skip a few tracks, but over time it has got really good at recommending music I actually like. I've found quite a few artists that I probably wouldn't have discovered on my own. I also like that I can switch between my phone and laptop without thinking about it. Everything just stays where I left it.",5,2026-07-30T13:04:35.000Z,Positive
Spotify,Streaming Service,This app is trying to force me to pay and it doesn’t allow me to pick a song because of it,"This app is trying to force me to pay for to listen on what I want and it’s always switching up my songs from my playlist I can’t even pick on what I want to listen to and it’s telling me that I have to pay zero dollars for one month with no ads and then after I have to pay for premium because of it even though I tried my cash app and it declined for no reason, even though I have over 80$",1,2026-07-30T05:44:14.000Z,Negative
Spotify,Streaming Service,Spotify is honestly the best app on any…,"Spotify is honestly the best app on any of my devices, the personalized sets of playlists each day. I hear something new I love every week, especially New Music Friday and Release Radar. I wish I always had access to all of the music basically ever produced. I forgot how I lived before this app.",5,2026-07-29T21:38:43.000Z,Positive
Spotify,Streaming Service,Im not a spotify custmer and i keep…,Im not a spotify custmer and i keep having money taken from mh bank account ive just tried to contact them for a refund and there were not helpful what so ever,1,2026-07-29T15:37:49.000Z,Negative
Spotify,Streaming Service,THE DO😍THE DO😍THE DO😍THE DO😍THE DO😍THE…,THE DO😍THE DO😍THE DO😍THE DO😍THE DO😍THE DO😍THE DO😍THE DO😍THE DO😍THE DO😍THE DO😍THE DO😍THE DO😍THE DO😍THE DO😍THE DO😍THE DO😍THE DO😍THE DO😍THE DO😍THE DO😍THE DO😍THE DO😍THE DO😍THE DO😍THE DO😍THE DO😍THE DO😍THE DO😍THE DO😍THE DO😍THE DO😍THE DO😍THE DO😍THE DO😍THE DO😍THE DO😍THE DO😍THE DO😍THE DO😍THE DO😍THE DO😍THE DO😍THE DO😍THE DO😍THE DO😍THE DO😍THE DO😍THE DO😍THE DO😍THE DO😍THE DO😍THE DO😍THE DO😍THE DO😍THE DO😍THE DO😍THE DO😍THE DO😍THE DO😍THE DO😍THE DO😍THE DO😍THE DO😍THE DO😍THE DO😍THE DO😍THE DO😍THE DO😍THE DO😍THE DO😍THE DO😍THE DO😍THE DO😍THE DO😍THE DO😍THE DO😍THE DO😍THE DO😍THE DO😍THE DO😍THE DO😍THE DO😍THE DO😍THE DO😍THE DO😍THE DO😍THE DO😍THE DO😍THE DO😍THE DO😍THE DO😍THE DO😍THE DO😍THE DO😍THE DO😍THE DO😍THE DO😍THE DO😍THE DO😍THE DO😍THE DO😍THE DO😍THE DO😍THE DO😍,1,2026-07-29T01:48:49.000Z,Negative
Spotify,Streaming Service,Gift Cards no longer,"Since Spotify has stopped offering prepaid gift cards in retail stores, you've left me with no choice but to switch to another music streaming service. I don't want a subscription, and I appreciated having the flexibility to pay with prepaid gift cards. So, goodbye Spotify. You're not the only option anymore. If more customers who prefer prepaid payments make the same decision, it could affect your ability to attract and retain users.",2,2026-07-28T23:28:43.000Z,Negative
Spotify,Streaming Service,worst support ever,my account got hacked and i tried contacting support 3 times and everytime i did they just closed conversation after saying they will check it out without any respone worst support ive dealt with in my life and a horrible app too,1,2026-07-28T11:31:56.000Z,Negative
Spotify,Streaming Service,Great matching features,"Great app, great search features and music matches. Huge library of music. Not sure where all the hate comes from.",5,2026-07-28T08:11:58.000Z,Positive
Spotify,Streaming Service,The Most Horrible and Unstable App Ever Made.,"The most horrible and unstable app on Planet Earth for Windows, Android, and any other Operating System ever made on God's Green Earth. I tried installing 3 different versions on my Windows11 Desktop. Every time it gives me Error 103. I cleared data, Reinstalled, Tried Running as Admininistrator. Cleared and Flushed my DNS, my IP address. Formatted and Fresh installed it again on my Harddive, hell I even got in touch with microsoft Support since it keps telling me my firewall was blocking it but I never changed my settings and even disabled my firewall but nope. Nothing. Every other applicaiton on my desktop is working just fine without a hitch. I'd rather listen to Elephants Farting than any music track on this Dumpster Fire of an app.",1,2026-07-27T21:54:19.000Z,Negative
Spotify,Streaming Service,Used to be good not anymore,Hi Went on a paid trial and even though I cancelled was still charged for a renewal tired to contact them which was difficult and long and at the end still charged me for a month of service that I won’t be using but they have lost mine and my families business for ever so be careful they are nearly impossible to contact and when you do you wish for hadn’t Kind regards Debs,1,2026-07-26T13:19:29.000Z,Negative
Spotify,Streaming Service,Great!,Been using Spotify for quite a long while. Really love it!👍🏻🙂❤️,5,2026-07-25T06:27:45.000Z,Positive
Spotify,Streaming Service,Had the unfortunate experience of…,Had the unfortunate experience of having profiles across different regions. Asian access and costs are far superior to the nonsense they provide in the west which is thick with limitations and advertising. One of those leech companies we should all make an effort to avoid. There are far superior artist friendly alternatives. Gross.,1,2026-07-24T17:20:20.000Z,Negative
Spotify,Streaming Service,I love the selection of musics but…,I love the selection of musics but their treatment of customers on the free plan is atrocious,3,2026-07-24T16:18:56.000Z,Neutral
Spotify,Streaming Service,smth experience and the free version…,smth experience and the free version works pretty well,5,2026-07-24T15:13:16.000Z,Positive
Spotify,Streaming Service,Worst customer service I have ever come across,This is the worst customer service I ever encountered. I fell for a three month free trial via the Trainline app. However I didn't use it so cancelled within about six weeks. Got a screen message confirming that I would revert to the free version and thought no more about it until I saw payment taken from my credit card in July. I hadn't even used the service or I guess I would have noticed I was not on the free version. But I was seriously ill in hospital at the time. I have just wasted nearly an hour trying to find customer service to be told refunds aren't in their policy. Then they offer to cancel now as if they are doing me a favour. An utter disgrace and a cynical way to exploit customers,1,2026-07-24T14:04:09.000Z,Negative
Spotify,Streaming Service,Spotify is the worst listening app…,Spotify is the worst listening app imaginable. If you dont want to pay 14 buck a month and go on free be ready to have an add every 2 songs. I cant even listen to one playlist without having more adds than my actual songs. They treat their free users like trash. Don't install it.,1,2026-07-23T20:09:04.000Z,Negative
Spotify,Streaming Service,really arrogant customer service,"really arrogant customer service. there were problems with the family account, the issue could not be resolved. I do not recommend this to anyone who wants reliability from the service. customer service was directed to India where the person behaved in a disrespectful manner.",1,2026-07-22T15:34:56.000Z,Negative
Spotify,Streaming Service,i had a premium family subscription…,"i had a premium family subscription with 6 family members, now they claim that my credit card didn't work,( No problem with my Card anywhere else) they cancelled my family plan, without informing me. and now my only option is a plan for 4 people for the same amount as before. in short a 33% price hike.",1,2026-07-22T12:29:16.000Z,Negative
Spotify,Streaming Service,An inconvenient disappointment,"There's a peculiar irony in being told that, as a frequent traveller, I must use a payment method issued in whatever country I happen to find myself in. One would imagine that a company of Spotify's scale had long since mastered the rather mundane art of accepting payment from customers who occasionally cross borders. Instead, you've managed to transform a simple subscription into an administrative obstacle course. It's an inconvenience at best, and an excellent incentive for customers to explore competitors at worst.",1,2026-07-22T11:23:54.000Z,Negative
Spotify,Streaming Service,Disappointing Recent Updates,"I've been using Spotify for years, and it's usually fantastic, but recent updates are frustrating. The new interface feels cluttered, making it hard to find what I want. Plus, the app crashes more often now. I hope they fix these issues soon.",2,2026-07-20T14:40:13.000Z,Negative
Spotify,Streaming Service,Good music and playlists but Im so…,Good music and playlists but Im so annoyed by advertised music :((,3,2026-07-20T10:57:34.000Z,Neutral
Spotify,Streaming Service,La version gratuita es terrible y la…,La version gratuita es terrible y la premium demasiado cara por el servicio. Dinosaurios,1,2026-07-20T02:45:35.000Z,Negative
Spotify,Streaming Service,Spotify 100% sucks,Spotify 100% sucks! It always stops playing! It's annoying. You would think they would fix it by now with having so many one-star ratings. If I could give it a zero star I would. I'd rather pay for YouTube premium..,1,2026-07-19T19:54:57.000Z,Negative
Spotify,Streaming Service,I was on a run,"I was on a run, like i do every day and all of a sudden the song im listening to cuts out and starts blasting some sort of rap in my ear.When i tried to fix it it got louder so i threw off my headphones and got hit by a car which i could’ve dodged if spotify hadn’t been so shitty, now i am in the hospital with a broken femur all because of spotify.",1,2026-07-17T04:28:52.000Z,Negative
Spotify,Streaming Service,False accounting,Take money from my bank account for a Spotify account which I have never opened. When I ask for my money back they refuse. Abysmal,1,2026-07-13T17:26:43.000Z,Negative
Spotify,Streaming Service,fffuuuckk Spotify bro,"This app is the most ridiculous thing I have ever dealt with. It constantly randomly likes to log me out and then when I try to log back in it does not cooperate with me what-so-ever. This app is more annoying, frustrating, and idiotic than my husbands parents. I hate this app. I hate everything about it. Just get amazon music. Im so traumatized I felt the need to write this review.",1,2026-07-12T05:35:57.000Z,Negative
Spotify,Streaming Service,Ads on a paid plan — I'm out,"I've been paying for Spotify Duo, yet Spotify now injects ads into podcasts on a paid subscription. There is no excuse for showing ads to paying customers — that's the whole point of paying. After 10 years and 373 liked songs, I've migrated my entire library and podcasts to YouTube Music and cancelled my subscription. Trash move, Spotify.",1,2026-07-09T13:11:51.000Z,Negative
Spotify,Streaming Service,Ads on podcasts,Ads on podcasts overpriced,1,2026-07-09T09:38:57.000Z,Negative
Spotify,Streaming Service,so shit i cant even play my music,"so shit i cant even play my music, its super slow on my phone and it has nothing good to offer when not paying, worst music app ever",1,2026-07-08T15:41:04.000Z,Negative
Spotify,Streaming Service,Spotify is the worse music app ever,Spotify is the worse music app ever they give you 5+ ads for listening to 2 songs it's not funny at all . Also the 6 skips per hour and you can only pick songs yourself limited amount of times is so freaking stupid. I wish Spotify could see this and go back to the way it was before because the way it is now is horrible. I'm actually thinking of switching to YouTube music,1,2026-07-07T18:51:41.000Z,Negative
Spotify,Streaming Service,"Verified student still being over charged, no refund.","I verified my account as a student account and should have only been charged 6.99. Instead I got charged 12.99 and when I tried to get a refund, the policy says ""will not refund for charges already paid"". Yeah isn't the whole point of a refund to get your money back? On top of that the FAQ help section is useless and confusing. Under the ""Charged too much"" tab, all it shows is how to view your receipt and THATS IT, does NOT address how to solve getting charged too much. Scummy business and policy. Canceled subscription and looking for alternatives.",1,2026-07-07T08:44:52.000Z,Negative
Spotify,Streaming Service,"Spotify is a vGreat for listeners, frustrating for independent artistsery strong platform from…","Spotify is a very strong platform from a listener’s perspective: it is convenient, easy to use, offers a huge music library, and has become one of the main places where people discover and listen to music. From the perspective of an independent artist, however, my experience is much more disappointing. Spotify gives the impression of reach and visibility, but in practice very little of that turns into real support or sustainable growth. Streams generate extremely low income, older achievements quickly lose visibility, follower numbers feel unstable, and without additional marketing money almost nothing happens. The problem is not Spotify alone, but the whole system around it. Artists create the music, invest time, money and energy, while platforms, distributors, labels and marketing services benefit far more from the structure. For independent musicians, this can easily become frustrating: you keep working, hoping and investing, but the system rarely gives much back. For listeners, Spotify is excellent. For independent artists, it can be deeply discouraging, unfair and exhausting.",2,2026-07-07T06:16:54.000Z,Negative
Spotify,Streaming Service,Thieves of the music industry,Thieves of the music industry . They steal royalties and streams from artists around the world . Artists only get paid after the first 1000 streams which is a kick in the teeth on all hardworking musicians . They should be sued .,1,2026-07-06T10:29:38.000Z,Negative
Spotify,Streaming Service,Insane with the ads,"Insane with the ads. I got through TWO songs before I had to listen to FOUR advertisements. I realize this is the free version, but seriously?",1,2026-07-06T04:56:14.000Z,Negative
Spotify,Streaming Service,I love my Spotify and have built it up…,I love my Spotify and have built it up over years. Im now paying for premium without the services and have been for months. There is no way to contact to fix this. How do I fix this as I’ve paid for approx 6 months with no premium.,2,2026-07-04T03:16:58.000Z,Negative
Spotify,Streaming Service,Spotify makes me mad,Spotify is awful I can’t even choose what song I play anymore and the ads are longer than the songs! It only allows me six skips and won’t let me sign into my family plan GO TO APPLE MUSIC,1,2026-07-03T22:37:40.000Z,Negative
Spotify,Streaming Service,I try every single one of the methods I…,"I try every single one of the methods I learn about, yet my songs keep getting skipped no matter what. I might have to switch to Apple Music. It's a good thing I have cds and vinyls though.",1,2026-07-03T22:03:10.000Z,Negative
Spotify,Streaming Service,Kinda aids when you go the app and the…,"Kinda aids when you go the app and the show you a playlist and they show you a completly different list way away from ur music liking? idk, even if you pay the app feels like a complete malware at this point with all the pop ups distubing you from playing the music you acutally want to listen to.",1,2026-07-03T21:18:48.000Z,Negative
Spotify,Streaming Service,AI music???,"First, they should better compensate the artists who devote so much time to creating their music. Second, they should ban the fake AI-generated artists found on their platform. AI-generated music generates no revenue for artists, yet you pay to listen to it. I wouldn't be surprised if Spotify were inventing these fake artists to fill our playlists. Shame on them.",1,2026-07-01T23:39:29.000Z,Negative
Spotify,Streaming Service,Cancelled my subscription in April,Cancelled my subscription in April. Randomly got a subscription charge 2 months later July 1. Contacted support two different agents told me two different stories never got a refund. If you cancel your subscription make sure you delete your card. Sketchy ass people,1,2026-07-01T22:29:15.000Z,Negative
Spotify,Streaming Service,Loss of all saved music. Again.,"For the 5th time, the payment failed for my premium family account despite me following the instructions from the last very long exchange of messages from the support team. There was no option to pay and reinstate the family account, it reverted to my previous individual account. All of my son's saved music was lost. Again.",1,2026-07-01T09:16:22.000Z,Negative
Spotify,Streaming Service,Worst customer experience ever,"Just to change your payment date you have to cancel, wait until the free service starts, then wait again to resubscribe on your preferred payment date! And worse than that rigmarole- you’ll be bumped back to the £21.99 Family Premium with Audio Books even if you were previously on the £17.99 plan. A succession of emails from random “Executive Escalation” won’t help you. One even suggested I make sure my payment card had no funds until my preferred payment date so my usual payment would fail until then! That was truly suggested to me as a solution! 😂",1,2026-06-30T07:12:36.000Z,Negative
Spotify,Streaming Service,If there is a option in negative I will…,If there is a option in negative I will prefer it!! But I don't recommend anyone to all to buy Prem and waste af all hardworking money,1,2026-06-29T18:45:18.000Z,Negative
Spotify,Streaming Service,I'm done with the free tier,"I'm done with the free tier. The ads are relentless, every few songs, same handful of irrelevant ads on repeat. If this is ""targeting,"" it's broken. The part that actually made me write this is that, if you turn the volume down during an ad it pauses (!!!!), then restarts the second you turn it back up. Is this even allowed? That's not an ad-supported service Spotify, that's just hostile. I'm not asking for ad-free. But being literally forced to listen to all ads, which are terrible targeted on top of that, so literally not relevant at all, ads up to an experience that feels designed to wear you down until you pay.",1,2026-06-29T13:28:58.000Z,Negative
Spotify,Streaming Service,Do better and let us enjoy our music,"I likeSpotify, however, please add a premium plan as a free option so we don't have to pay to remove your very stupid and annoying ads so rudely interrupt our music and the fact on the current free plan version we only get six skips. Spotify, do better",1,2026-07-02T20:57:22.000Z,Negative
Spotify,Streaming Service,peak,seeing the amount of 1 star reviews is frying me bcs idk what drugs ur spotify is on 🥹 i personally LOVE my spotify like it does what it needs to do... all the ai playlists are really annoying me but some of them are actually so funny like why is there a legit playlist called 'the adventures of tung tung tung sahur.' anyway love spotify and im glad that mine isn't tweaking...,5,2026-06-28T00:00:45.000Z,Positive
Spotify,Streaming Service,Shuffle play just plays the same songs…,Shuffle play just plays the same songs all the time and even repeats them! So frustrating and I’ve had to delete certain songs ha that I love because I’m sick of it picking those ones and it’s actually put me off certain songs I used to love!,1,2026-06-27T12:50:11.000Z,Negative
Spotify,Streaming Service,Audio books,Why. Why???? Spotify gives only 15 hours of audio books. Barely can listen one before time cuts off. Yes… adding extra 15 hours/$12.99 is greedy from the company.,2,2026-06-26T17:50:26.000Z,Negative
Spotify,Streaming Service,Customer service absolutely useless,Customer service absolutely useless. Many hours going round in circles on a webchat. Simple issue still not resolved.,1,2026-06-25T19:05:23.000Z,Negative
Spotify,Streaming Service,i was charged for no reason,"i was charged for no reason, with my new card that i never even added. this company refused my refund. never useing this site/app, avoid if you can.",1,2026-06-24T16:26:00.000Z,Negative
Spotify,Streaming Service,Slop app,"You genuinely hear more ads than actual music, and it doesn't help that it's always the same 5 ""targeted"" ads that have no correlation to you",1,2026-06-24T14:05:24.000Z,Negative
Spotify,Streaming Service,Can't log in to reset my password,"tried logging in after months of being away. I can't use my email address as it is a registered member. i was so cool. I try to log in says ""OOPS and some Bullshit"" i can't get to any page wher i can access my detaild to update payment as SPOTIFY wont let me into my own account!!! ia was needing some music for my morning run. I will choose another provider. SPOTIFY YOU LOST A CUSTOIMER AS I COULD NOT EVEN GET TO RESET MY PASSWORD",1,2026-06-24T05:34:10.000Z,Negative
Spotify,Streaming Service,what's wrong with the laggy music like…,what's wrong with the laggy music like i swear it stays paused for like a whole minute and it only goes back to normal when i go the app its self its just so annoying. Also they decided to think it was a good idea to add 1 AND A HALF MUUNUTE ADDS!!!! like can it get any worse. alr that's all,1,2026-06-24T01:11:04.000Z,Negative
Spotify,Streaming Service,Terrible cancellation procedure and the…,Terrible cancellation procedure and the free option plays the same few songs on my 400 liked songs,1,2026-06-23T21:38:08.000Z,Negative
Spotify,Streaming Service,Spotify struggles in the free version,"Unfortunately, Spotify is not the best (in the free version). In the free version I somehow can't use repeat which I love doing on my MacBook, you can't use repeat on mobile for some reason. Don't know if it's just my mobile phone or everybody else's phone. Sometimes when I create a music playlist it will always just play a different song in the middle of playing a playlist that's not relevant to the song's added in the playlist. Oh, and also one time it promised to play 2 ads but instead played 3. Use apple music instead.",1,2026-06-21T01:44:59.000Z,Negative
Spotify,Streaming Service,What is this edit system I can't move…,What is this edit system I can't move my songs anymore in my playlists like what is this new update I'm starting to think if I want to swap to a different app now because of this it's just pissing me off now,2,2026-06-20T17:37:45.000Z,Negative
Spotify,Streaming Service,Too many ads,"I think it is unfair you get an ad after almost every song. There are simply too many ads. It is particularly unfair for kids, why should a child have to suffer so many advertisements. Paying for premium is too expensive. I just think free should have less ads, like maybe one every 5 songs.",1,2026-06-20T16:56:04.000Z,Negative
Spotify,Streaming Service,Worst customer service ever,Worst customer service ever - struggled to get online rather then app to cancel the free trial and then was charged and finally they replied and said they wouldn’t refund as given plenty of notice within the trial to cancel - explained I couldn’t access account as email didn’t work and could renew password and had reached out to them prior and no response - I even escalated the complaint twice and told no refund as my fault,1,2026-06-20T08:50:30.000Z,Negative
Spotify,Streaming Service,Password change = no access to account,"I changed my password, now i cant login for 24h, if i want to contact customer service i need to login ...WTF!!Insane that huge companies like spotify have the freedom of doing wathever they want to their customers",1,2026-06-19T15:15:53.000Z,Negative
Spotify,Streaming Service,Worst customer service I’ve ever experienced …,"Money out of your bank account and then tell you it’s your fault. You’re better off, listening to AM/FM radio. I will never allow this app to be on my phone again nor any of my Childrens phones. There are thieves who make billions of dollars off of your minimum wage. Swallow that pill and tell me it tasted good.",1,2026-06-19T00:12:07.000Z,Negative
Spotify,Streaming Service,Prices of the subscription went sky…,Prices of the subscription went sky high in the last year also the app still doesnt support loseless audio.,3,2026-06-17T19:07:32.000Z,Neutral
Spotify,Streaming Service,Recently Had a Playlist with multiple…,Recently Had a Playlist with multiple songs and came back to that same Playlist and more than half my songs were deleted/gone of my Playlist! Anyone else face the same problem? Its happened in the past before. Well tried to get with customer service and trust me that was a shit show! There's no explaining anything to them whatsoever! Nothing was resolved and now I have to make sure to screen shot my Playlist so I can recover manually I guess. Spotify use to be the shit!! Now its just shit lol. Guess gonna try out another music app. Rip old school Spotify.,1,2026-06-17T16:29:31.000Z,Negative
Spotify,Streaming Service,Absolutely terrible app,Absolutely terrible app. Spotify seems to think editing music to suit their agenda is something they can do *Ahem* Jamiroquai's music has been severely edited.,1,2026-06-15T22:22:49.000Z,Negative
Spotify,Streaming Service,its so trash ads every 2 seconds,its so trash ads every 2 seconds,1,2026-06-15T00:20:15.000Z,Negative
Spotify,Streaming Service,bruh,"bro, the songs won't even play 💀",1,2026-06-14T05:48:52.000Z,Negative
Spotify,Streaming Service,Terrible people and service.,"I couldn't change the email to the account to my new one, I couldn't use the first one because I no longer had access to it. I somehow figured my password out and put the email in but when I went to change the email it just kept repeating ""Something went wrong please try again"" and honestly spotify is so greedy. The owners are terrible people too.",1,2026-06-14T05:45:41.000Z,Negative
Spotify,Streaming Service,I was just tryna listen to music and as…,"I was just tryna listen to music and as soon as I get on the app I get 5 adds that are all 30 seconds and not even 5 minutes later I get 5 more adds and then yall have the audacity to not let me choose my songs and instead say,”songs get chosen in random order”,fix this horrible app that’s why your ratings are horrible and Apple Music is better.SMH",1,2026-06-13T18:42:17.000Z,Negative
Spotify,Streaming Service,"neglect towards long standing bugs, profit maximization costing users greatly","• i pay the full price, but my region is overlooked and half the features are not available (video podcasts, audio books, etc) • there is a bug where the app quits suddenly during podcasts. it has been there for a while, and i'm forced to fiddle with the web player • and the profit maximizing strategies designed to squeeze out ever single coin they can without addressing the issues plaguing their service for years",1,2026-06-13T07:03:18.000Z,Negative
Spotify,Streaming Service,Bad Design,"Slow launching, not allowing to share liked songs, not being able to copy and paste lists of songs.",1,2026-06-12T00:02:21.000Z,Negative
Spotify,Streaming Service,I tried to subscribe to Spotify and it…,"I tried to subscribe to Spotify and it replied saying that I ""didn't meet their age requirements."" Since I'm over 50 years old, I can't get an answer as to, how old is too old for Spotify? Since I am clearly not too young. I got sent to a robo chat to inquire as when are you too old for Spotify? I balked when they wanted my CC number to charge m $5 to talk to a technician. I've lived this long without Spotify, so I guess I'll be good living out my remaining continuing to do without.",1,2026-06-11T23:03:15.000Z,Negative
Spotify,Streaming Service,Insatiable vultures with full bellies.,"Embarrassing. Years ago, I accepted not being able to use the free version for phones because it was too limited, and I settled for the compromise that on PC the service had no limits and was free. Today, that's not the case, at least not directly because you pay with patience. Literally 4 ads for every 2 songs. As soon as I open the app after listening to a song, the ""commercial break"" starts. Yes, thank you so much for the ""break."" I really needed it after 3 minutes of listening. You've completely failed in the compromise of offering a free service with ads. Remove the free version completely, you'll make a better impression. If you hadn't shown me that you were totally undeserving, I might even have subscribed sooner or later, but now I wouldn't do it even if it were the last music platform on earth. would be like feeding vultures with a belly that's already bursting. But you don't care anyway, you're too big to even read this review, good for you.",2,2026-06-11T02:24:12.000Z,Negative
Spotify,Streaming Service,Price Increases For Terrible Quality Apps,They keep increasing the freaking subscription monthly but do nothing about the unstable pc app that needs to be reinstalled ALL THE TIME! Cannot wait to unsubscribe.,1,2026-06-10T23:46:15.000Z,Negative
Spotify,Streaming Service,There’s no help on the support bot…,"There’s no help on the support bot chat, God help me get my premium back.",1,2026-06-10T22:31:44.000Z,Negative
Spotify,Streaming Service,i paid for 1 year full offical payment…,i paid for 1 year full offical payment and they disabled account and no refund,1,2026-06-10T11:35:05.000Z,Negative
Spotify,Streaming Service,They have been charging my account…,"They have been charging my account since ,Sept 2025, for my dead husbands account,without pemission, Im not inpressed",1,2026-06-10T10:00:34.000Z,Negative
Spotify,Streaming Service,Premium member - Spotify has lost the plot!,"Premium member - Spotify has lost the plot! Spotify used to be brilliant, but lately, it refuses to play my choices in my order, always lands up going to some Spotify determined order and excludes many songs from my chosen playlist and adds whatever it decides I like... No way to clear the queue, option is not available. I am in the process of duplicating my playlists in Apple Music, once done i will be unsubscribing from Spotify.",1,2026-06-10T01:38:51.000Z,Negative
Spotify,Streaming Service,Subscription Nightmares!,"With annual subscription about to expire I signed up to switch to a monthly plan with a start date 10 days away. Instead, the switch happened immediately and I lost the remaining days of my annual sub including the audiobook hours I’d paid for. No suggestion this would happen when I applied for the switch. Been through a torturous process with Customer Support to try and resolve . The responses I was getting were just idiotic, I honestly thought at times it was a chatbot it was that bad. Having been told there was nothing they could do I asked for the email of an executive so I could escalate. I chased them 3 times for this! I was then offered a £5.50 refund. A meaningless sum in the scheme of things but just shows if you don’t keep pushing these so and so’s they will just fob you off. All they had to was say sorry and fix it first time of asking. If I wasn’t such a big fan of the product I’d be off elsewhere.",1,2026-06-10T00:42:25.000Z,Negative
Spotify,Streaming Service,Wish I could give a 0,"Can’t access an old Facebook email, so messaged support asking for help as that was how I logged in to Spotify. After being transferred to a ‘specialist’ I was told that my account ‘has been disabled due to security reasons and we can't reactivate it’. When I asked what the security reason was and if my data was possibly breached I was told ‘We don't have any more information to share, but we'll be here if you need help with anything else. I'm afraid this isn't something customer service can help with. Unless you have a technical or payment issue, I'll be ending this chat’ Absolute ass response. 2026 customer service for you.",1,2026-06-08T13:08:48.000Z,Negative
Spotify,Streaming Service,Have ah paid subscription since some…,"Have ah paid subscription since some years to listen to music and podcasts. Since some months the advertising has gone through the roof. Often as many as 21 commercials in one podcast of 1,5 hour!!! It makes listening to podcasts unbearable, and I came to dislike ( and I express that lightly) those who advertise there like ikea and shopify. Will never go to those businesses again after being overdosed this extreme in the last months. What’s the point of this????? Do Spotify and IKEA really think this saturation approach works? Come on?! Will end my paid subscription here and now.",1,2026-06-08T07:08:40.000Z,Negative
Spotify,Streaming Service,to many fn commercials every other…,to many fn commercials every other song or every song worse then the radio airwaves or getting close,2,2026-06-07T16:36:17.000Z,Negative
Spotify,Streaming Service,Charged without a reminder and difficult refund process,"I was surprised to be charged for Spotify Premium because I did not receive a reminder before the renewal. When I tried to cancel and request a refund, the process was confusing and it was not immediately clear who was handling the billing. I think customers should receive a clear reminder before renewal and have an easier way to manage cancellations and refunds",1,2026-06-06T14:59:37.000Z,Negative
Spotify,Streaming Service,Just a general review of how Spotify works and how it affects people’s usage of it.,"Everytime you stop me from playing the tracks I want only I shut the app down and go and listen to music on other app. The reason I still keep using your app and not get rid of it, is because I like the layout and functionality, but as soon as I can’t listen to the songs I want to listen to, you lose me a a customer (to watch your adverts that you get income from) for the rest of that day until the metrics reset. You really need to change your business model if you want to increase your revenue, focusing on keeping non-paying customers on your app for longer and you’ll increase your advertising revenue.",2,2026-06-05T17:31:40.000Z,Negative
Spotify,Streaming Service,So you add more of useless features,"So you add more of useless features, while app's performance degrades and bugs multiply. Priorities.",1,2026-06-05T16:17:53.000Z,Negative
Spotify,Streaming Service,Impossible to talk to a person!,"Spotify is double charging me. They put charges on my credit card two weeks in a row. It is absolutely impossible to talk with a real person. You get robot answers and they are ridiculous. Spent a load of time online trying to straighten out the problem with no success! To stop them, I have to close down my credit card and get issued a new one. Buyer beware!!",1,2026-06-05T15:53:25.000Z,Negative
Spotify,Streaming Service,AI generated garbage galore,"I used to love Spotify, and discovering new music. Now? My recommendations are constantly flooded with AI generated shit I don't want to ever hear. There is no way to block it. I don't want to need to do research instead of relaxing and enjoying. Time to find a new music app.",1,2026-06-04T18:47:43.000Z,Negative
Spotify,Streaming Service,Spotify Is Getting Worse,"As a Spotify user of several years the app is becoming increasingly frustrating. It repeatedly pauses during play, plays tunes that haven't been selected and generally seems sluggish. Ant queries to Spotify are met with the usual ""uninstall/reinstall"" reply. I also still have to listen to adverts on podcasts despite paying for premium. The service has been deteriorating for quite some time and I'm now actively looking at other options.",1,2026-06-04T12:17:09.000Z,Negative
Spotify,Streaming Service,"Be very careful,they have no way of…","Be very careful,they have no way of stopping you getting scammed.",1,2026-06-04T02:30:36.000Z,Negative
Spotify,Streaming Service,What I can only describe as a virus,"What I can only describe as a virus, have since terminated my subscription. Continually plays in the background despite turning off!. When using earbuds listening to anything you only have to randomly touch buds and discover Spotify playing in the background. Extremely annoying.",1,2026-06-03T23:22:30.000Z,Negative
Spotify,Streaming Service,frustration with the current state of Spotify’s ad-supported tier,"I am leaving this review to express my deep frustration with the current state of Spotify’s ad-supported tier. While I understand that ads are a necessary component of a free service, the current implementation has become incredibly invasive. I am being subjected to the same promotional advertisements for specific albums 24/7, which has completely ruined the listening experience and made the platform feel more like a forced marketing channel than a music player. As a listener who cannot currently afford the monthly cost of a premium subscription, I feel trapped by the aggressive ad flow. I should not be forced to listen to content that is completely outside of my musical taste on a constant loop. The lack of variety in the advertisement rotation makes the app feel repetitive and stifling, significantly degrading the quality of time I spend trying to enjoy music on the platform. I hope the developers reconsider this strategy of saturating the free tier with such repetitive and unavoidable promotions. There needs to be a balance between monetization and the basic functionality of the app. Until the frequency and the intrusive nature of these specific artist promotions are addressed, I cannot recommend this app to anyone looking for an enjoyable, personalized listening experience.",1,2026-06-03T21:43:58.000Z,Negative
Spotify,Streaming Service,unexpected loudness,"unexpected loudness, obtained tinnitus",1,2026-06-03T18:52:40.000Z,Negative
Spotify,Streaming Service,Why Am I Paying for Premium?,"I’ve been a Spotify Premium subscriber for quite a while, and overall I’ve never had issues with my payments, billing, or music streaming experience. Compared to some of the reviews I’ve seen from other users, my account itself has functioned well. However, my biggest frustration is with podcasts and the way ads are still delivered throughout episodes, even while paying for Premium. I understand the difference between Spotify platform ads and ads embedded directly by podcast creators, but from a customer perspective, “Premium” and “ad-free” create the expectation of uninterrupted listening. Instead, podcast episodes are still constantly interrupted by host-read sponsorships and promotional segments. Music playback is mostly excellent, but the podcast experience feels misleading when paying customers still have to manually skip through ads and sponsored interruptions. If Spotify markets Premium as an ad-free experience, there should be clearer communication about what that actually means for podcast listeners. I’m not asking for perfection. I just want the uninterrupted listening experience I believed I was paying for.",2,2026-06-02T17:12:47.000Z,Negative
Spotify,Streaming Service,I have given up on Spotify,"I have given up on Spotify because, rather than providing customer service, they give you the runaround with prescribed questions about problems and no response to the actual problem you are having with the site. I pay for premium but constantly get ads. After trying to get through to them to solve this I decided to stop wasting my time.",1,2026-06-02T07:35:41.000Z,Negative
Spotify,Streaming Service,TOO MANY ADS.,"They used to add ads in there in-between moment when you switch to a new song, understandable because at the end of the day, spotify is a business. I listen to a song on repeat and never have any ad. But today THEY ACTUALLY DO IT WHICH IS SO DIABOLICAL. 1 STAR, DELETED.",1,2026-05-31T23:55:38.000Z,Negative
Spotify,Streaming Service,We not want russian music in our list !!!,"You guys should stop so agresivly put kacap language music in my listenings shuffle. I never listened russian language music, never liked it, but somehow spotify want me to listen this trash.",2,2026-05-31T21:54:25.000Z,Negative
Spotify,Streaming Service,Spotify used to be actually good.,"Spotify used to be actually good. Since they started using AI to write their code instead of human programmers (around the end of 2025) the app has become borderline unusable. Showing that you’re offline despite having a stable internet connection, deleting songs from your liked playlist, getting rid of the songs and playlists you’ve downloaded, being PHYSICALLY UNABLE to click on a song along with general glitching, buffering and the music not playing once you exit the app sometimes. If any Spotify executives actually care to listen to the people paying the egregious $12.99 a month for their equally substandard app they will realise how awful it actually has become. To those executives: you have been in an ass and seen shit. You wonder why people keep complaining about your app for months now despite not doing anything for your consumers and everything for the pro-AI millionaires whose balls you suckle for the mere concept of extra profit. Do you think that a poorly trained AI will be better than a professional who has spent years perfecting their knowledge and skills? Do you think that upon your app disintegrating into nothing more than unusable slop your consumers, your clients who you seem to care less than your used toilet paper about, will continue to support you? Stop putting investors and the prospect of profit above the people who pay your wages, man. Awful app. The only reason i still use it is because of how many playlists i have and the futile hope that the AI bubble bursts and it’ll be back to how it once was.",1,2026-05-31T20:42:11.000Z,Negative
Spotify,Streaming Service,Horrible - avoid,Worst 'customer service' experience EVER!!,1,2026-05-28T19:12:37.000Z,Negative
Spotify,Streaming Service,Absolutely terrible service,"Absolutely terrible service. Half the time it just tells you it can't load and requests you to go to offline mode, despite full cell and Internet service, and when it doesn't do that, it just drops songs/podcasts. I refuse to pay for this service. Use YouTube Premium instead. Much better product for your hard earned dollar.",1,2026-05-28T17:22:11.000Z,Negative
Spotify,Streaming Service,Every time I click my song it does not…,"Every time I click my song it does not work and this has been going on for over 2 weeks, YouTube is better then this. Please fix this problem or I think I may not use it.",2,2026-05-27T23:42:54.000Z,Negative
Spotify,Streaming Service,Zero stars with all these ads after…,Zero stars with all these ads after each song,1,2026-05-27T15:39:42.000Z,Negative
Spotify,Streaming Service,No repeatation of songs,"Used to open spotify while working every single day.Now they won't even let me repeat songs properly ,so iam now using split screen and listening songs from YouTube at this point spotify feels completely useless to me",1,2026-05-27T12:36:57.000Z,Negative
Spotify,Streaming Service,The worst support i have seen,"The worst support i have seen in my life. I bought a subscription, it charged my card but didn't gave me the premium functionality. I reached out to the support, they took an hour but didn't came up with any solution. Kept me on hold for more than an hour and finally I have to demand for the refund. When I asked for the refund they said your money didn't got paid, you'll get the refund. It is showing in my Spotify account that my money is paid and even in my card from which I paid. The support people name was April J, Hager E., Argyl S.",1,2026-05-27T01:55:58.000Z,Negative
Spotify,Streaming Service,Low streaming quality,"Just retried a Spotify Premium subscription after exclusively using Apple Music for almost one year, and I'm shocked at the low fidelity of the music. Very low quality compared to Apple Music and not competitive at all on pricing.",1,2026-05-26T17:11:20.000Z,Negative
Spotify,Streaming Service,Doesnt even let me select a song,"This app is trash. I went to school, And when i got back, And selected a song, It said ""Choose a song to play tomorrow."" And i needed premium to select a song. If i didnt, It just plays a random song from the playlist. This app is actually trash.",1,2026-05-26T14:20:55.000Z,Negative
Spotify,Streaming Service,"""Recommended"" songs now?","The app is horrid. You can pick what songs you want on the computer but not on the app??? Nobody goes to online music over radio to only be allowed to hear their music on shuffle. It's bad enough I have to listen to commercials, but to have to listen on shuffle is adding insult to injury. And the subscription price is way more money than it's worth. Now they add even more insult to injury by forcing songs on you that aren't even on the chosen playlist marking them as ""recommended"". If I want your recommendation I'll ask for it!! Spotify is sinking and I'm jumping ship.",1,2026-05-26T00:27:14.000Z,Negative
Spotify,Streaming Service,Great app,"Great app, but paid version, free version has too many ads and destroys the sense of music.",3,2026-05-25T14:55:04.000Z,Neutral
Spotify,Streaming Service,why do they only have 2 stars,why do they only have 2 stars? Spotify is one of the best products in the world!!,5,2026-05-24T09:34:08.000Z,Positive
Spotify,Streaming Service,Love the family account,"Love the family account, my 4 children can also enjoy their playlists",4,2026-05-24T09:12:32.000Z,Positive
Spotify,Streaming Service,Was a paid customer but AI slop isn't what i paid for.,"Been paying for a decade with zero issues but woke up 2 days ago to my homepage just being AI slop playlists. When i contacted customer support they told me it was a glitch and put me through 7 hours and 18 advisors telling me to uninstall/reinstall/clear cache/check the laptop version/it's a problem with my phone/make a new account. I asked several times if it was just their new look but was told no, it's a problem. After 7 hours yet another advisor told me it was their new update. I cancelled then and there. Don't waste my whole day telling me it's a glitch then admit it's your new AI slop update.",1,2026-05-23T19:05:00.000Z,Negative
Spotify,Streaming Service,Price gouging at its best,"Price gouging at its best. No notification of price increases, which are unwarranted, and no authorization required to charge you more money. The music distribution is subpar. Unable to play family sharing across multiple access points at the same time. Choose another music source.",1,2026-05-23T05:48:58.000Z,Negative
Spotify,Streaming Service,SERVICE IS ANATHEMA TO SPOTIFY!,"Once one has paid its high-end subscription fees for so-called ""Premium"", and spent days browsing YouTube and various AIs to learn how to use its complex and difficult tech, let alone get your money's worth out of Spotify, you are left entirely on your own. SERVICE IS ANATHEMA TO THIS CROWD! *Emails are never replied to. *The chatbot is an utter waste of time & effort flinging out stock, off-the-shelf guesses. *Humans try to resolve, but are completely at sea. *Months of back & forth will leave you wanting. *Each interaction will gobble up at least three hours of your time at enormous effort - without resolution. *You cannot get your costly account or ""library"" to synchronize across various devices. *Even the so-called ""Community"" cannot resolve many issues. *You are doggedly ignored on social media - @Spotify & offshoots on X. *To prevent negative feedback, so-called feedback surveys are deliberately posted at obscure hours before ultra-tight deadlines ""expire"". But, hey, Spotify debits your account at the speed of light each month, doesn't it! Definitely NOT a nice, caring, supportive, considerate, enthusiastic or service-oriented streaming platform to invest your faith or money in!",1,2026-05-22T01:16:12.000Z,Negative
Spotify,Streaming Service,User Interface getting worst and worst,"User Interface getting worst and worst, artists are not rightfully retributed, support is useless.",1,2026-05-21T22:24:18.000Z,Negative
Spotify,Streaming Service,Abusive ads and limited services,Greedy company. Won’t let you choose specific songs to play (only a limited number) unless you pay a subscription. Why? Spotify used to also only have 3 ad breaks. Now they’ve ramped it up to 5 ads. No one wants to hear 5 ads. And no one wants to keep having app glitches. Horrible app. I prefer SoundCloud a lottttt more.,1,2026-05-21T21:51:43.000Z,Negative
Spotify,Streaming Service,Dear,"Dear, spotify i was a member since day 1. Removing gift cards was a huge betrayal. Goodbye.",1,2026-05-21T08:46:27.000Z,Negative
Spotify,Streaming Service,PLAN ADDITIONS AND USELESS INTERFACES,"It is incredibly infuriating to see that my Audio book hours cap at 15. Considering I have been only listening to one book and now I need to wait until the next billing date to another set of hours. The add on plan is only ANOTHER 11.99$! For something that could be included on top of a price that raises EVERY YEAR. It’s not as if the developers themselves are putting that money towards making to app better for the user. Slower, less options when compared to other apps, and the only new editions are AI interfaces or an UGLY LOGO. BOO YOU",1,2026-05-21T00:41:11.000Z,Negative
Spotify,Streaming Service,Spotify use to br great for streaming,"Spotify use to br great for streaming, now it sucks! I've been a member for over 8 years and now I'll be canceling service. Glitches, songs downloaded removed, and the price steadily rising, is not worth it.",1,2026-05-20T22:36:51.000Z,Negative
Spotify,Streaming Service,Botify,You have proven you are a brought agent for certain artists. There is no authenticity with your streaming services.,1,2026-05-20T02:40:07.000Z,Negative
Spotify,Streaming Service,The app remains my go-to player for daily listening,"The app remains my go-to player for daily listening. I really liked the new ""Import your music from other apps"" banner in the library — finally, you can move old tracks without clunky third-party websites. The recommendations on the home page are also quite good, and the editor's 20th-anniversary picks are nicely designed. On the downside, the playlist creation interface got a bit confusing. It took me a couple of minutes to figure out where the regular playlist option was versus Collaborative or Blend because the new bottom menu layout feels less intuitive. Still, for sound quality and syncing, it's a solid four stars.",4,2026-05-19T14:24:29.000Z,Positive
Spotify,Streaming Service,The desktop app works fine for playing…,"The desktop app works fine for playing my daily mix while I work, no real complaints there. Lately, the mobile version keeps dropping my downloaded podcasts when I'm driving through areas with poor signal though. Hopefully, they patch this soon.",4,2026-05-18T15:56:46.000Z,Positive
Spotify,Streaming Service,Most of the ads in Spotify…,Most of the in spotify is Spotify itself and there is so many ads aswell and atleast make the ads relevant please,1,2026-05-17T20:48:50.000Z,Negative
Spotify,Streaming Service,Greedy,"Greedy will not reduce prices for over 60s but cheap for students who supposedly has no money but can purchase pot. I listen to it on Spotify so here is a little trick adverts come on,alexa mute then a minute or so, alexa u mute.",1,2026-05-17T01:54:14.000Z,Negative
Spotify,Streaming Service,After 10 years on this service with the…,After 10 years on this service with the same 4 family members Spotify started harassing each family member about confirming their home address. My son didn't receive the email as he used an email address years ago to sign up that no longer works. Spotify kicked him off our family plan and now he has lost 10 years worth of play lists as a result EVEN though I pay every month for the service? They claim he cant sign back in to his account by any other means to recover it due to security reasons. Time to take our business elsewhere,1,2026-05-16T19:32:07.000Z,Negative
Spotify,Streaming Service,When ever feel sad or any mind out just…,When ever feel sad or any mind out just open Spotify they can which song you want heal up our wounds just trust Spotify ❤️,5,2026-05-15T21:03:26.000Z,Positive
Spotify,Streaming Service,Fairly decent,"Fairly decent, needs more flexible pricing options. Have been using them since 2016 - app works great.",4,2026-05-15T15:33:16.000Z,Positive
Spotify,Streaming Service,customer support is slow,customer support is slow. Premium prices are high.,2,2026-05-15T14:49:26.000Z,Negative
Spotify,Streaming Service,Spotify songs cannot be found,Spotify songs cannot be found. Sound quality is not always good.,1,2026-05-15T14:45:39.000Z,Negative
Spotify,Streaming Service,deeply frustrated with their support I…,"deeply frustrated with their support I used almost 2 hours in support with 3 different persons, and nobody helped except as for waiting.. and they didn't tell me they left conversation. But when I left the advisor team came and helped me out at last",1,2026-05-15T12:33:08.000Z,Negative
Spotify,Streaming Service,Cancelled my membership at 4 am,"Cancelled my membership at 4 am, while in the process my card was charged, for the next month. Immediately contacted support which of course is an AI bot. The Not refused a refund, but I finally got thru to a human whom couldn't not do a refund because the bot had already denied issuing a refund. Have been using Spotify for 2 years now, after this morning, I'll never use them again. I hope that $15 was worth it,, you know where you can shove it. And I'll be disputing the charges and you'll be giving my money back anyways I was sure to get pics of my support chat which clearly states that at 4 am my membership was already cancelled, you're just trying to force me into another month.yoube instructed your AI bot to deny any refunds which them won't allow the humans to either, that's shady AF. Prime example of what greed does to mankind. I hope my $15 buys the lunch that u choke on",1,2026-05-15T11:01:15.000Z,Negative
Spotify,Streaming Service,Too many ads,"Too many ads, I wanted to listen to Jiafei.",1,2026-05-15T02:00:37.000Z,Negative
Spotify,Streaming Service,My Spotify won’t let me get on the app…,My Spotify won’t let me get on the app it says that my internet is down but my internet is perfectly fine so can you please help,4,2026-05-14T23:23:34.000Z,Positive
Spotify,Streaming Service,The playlists are terrible,"The playlists are horrendous, why would anyone pay for the subscription? I’ve just wasted 5 x minutes browsing for high intensity workout, intense spin class etc. all of the results are so slow tempo, I could sleep to playlists returned. For the record I am 46 years old, so more wrinkly rocker than head banger!",1,2026-05-14T15:36:09.000Z,Negative
Spotify,Streaming Service,terrible log in,terrible log in. absolutely terrible experience. locked everything to premium. just use youtube music.,1,2026-05-13T18:07:20.000Z,Negative
Spotify,Streaming Service,After a decade as a premium user they…,After a decade as a premium user they decided to cancel my subscription due to a country/payment/origin mismatch. I will never pay them a single cent again.,1,2026-05-13T11:04:59.000Z,Negative
Spotify,Streaming Service,Unfortunately and as much I like to see…,"Unfortunately and as much I like to see some many good music and up to date songs , Spotify app is rubbish , and it seems got loads of bugs lately, being laggy and something like glitch where I am unable to login and app freezes / do not update or /and open in full and yes this is even after reinstall and clearing the cache",1,2026-05-12T19:39:13.000Z,Negative
Spotify,Streaming Service,We pay a decent amount every month for…,We pay a decent amount every month for this service and to be honest lately it's been a huge disappointment it just stopped working an hour a go the Internet is gone here it's frustrating esp as at the weekend I need music playing for an art event! Not actually very happy,1,2026-05-12T18:54:59.000Z,Negative
Spotify,Streaming Service,Evil Corp,App doesn't work more than it does and customer service is unreachable (even the AI bot which is like beyond me) and they want me to give them $14 a month while my user experience is in the gutter and they fund ICE? Cancelling!,1,2026-05-12T18:54:37.000Z,Negative
Spotify,Streaming Service,Pretty much use it every day,"Spotify is basically always open on my phone at this point. Music, podcasts, random playlists in the background while working, all that stuff. It’s easy to use and finding something to listen to takes like two seconds. The playlists are actually decent most of the time and the app runs fine overall. Sometimes recommendations get a bit weird and repeat the same songs too much, but nothing major. Not perfect, but definitely one of the apps I use the most without even thinking about it.",4,2026-05-11T09:56:46.000Z,Positive
Spotify,Streaming Service,Free version is basically useless,"The free version is the worst music app I have encountered so far. After 15-20 minutes (ish), you can no longer choose your own songs. Spotify chooses what you should listen to. That is including the many advertisements in that time frame. Almost more commercials than music in that tiny time frame.",1,2026-05-11T03:49:09.000Z,Negative
Spotify,Streaming Service,Premium services cancelled with no warning,"Here to add fuel to the fire that is customer opinion about Spotify. User of seven years, including Family Premium and Audiobook premium. Had a payment glitch while updating the credit card used for payment, and was instantly downgraded to Free with absolutely no warning. Made an enquiry on chat with them, and the advisor said they tried to contact - definitely didn't, having been through Spotify contact with me, and they even rolled out the old chestnut ""but did you check your junk mail?"" which sounded a whole lot like ""Whatever, we don't care""",2,2026-05-10T11:37:20.000Z,Negative
Spotify,Streaming Service,Glitchy and expensive,"Glitchy, deleted all my lists out of the blue. And still asking to charge you £11 per month. I used to be happily subscribed, but prices keep increasing every year while the quality decreases more and more.",1,2026-05-09T11:12:47.000Z,Negative
Spotify,Streaming Service,better sound quality on youtube and for…,better sound quality on youtube and for free,1,2026-05-08T19:14:35.000Z,Negative
Spotify,Streaming Service,Too many of the same ads repeating!,I deleted the app after hearing the same State Farm ad repeatedly. I much prefer I Heart Radio.,2,2026-05-08T18:03:43.000Z,Negative
Spotify,Streaming Service,Closed my account for good because of bad service,"I’ve been a Spotify user for more than 8 years, and honestly, I used to really enjoy the service. But from last year until now, my experience has become frustrating because of how unfairly they seem to treat loyal customers. I’ve always paid through auto-debit and trusted them with my saved card details, but my account has been compromised multiple times, which makes me question how secure their system really is. What disappointed me even more is that every time my payment fails because of these issues, Spotify automatically removes me from my old subscription plan and pushes me into a newer, more expensive one. What’s worse is that they don’t even properly warn you when there’s an issue with your payment so you can update your details before your subscription gets affected. Instead, it feels like they allow the payment to fail, disconnect you from your current plan, and then use that as a reason to force you into a more expensive subscription. This already happened to me in 2025, and now again this year. I reached out to customer support asking if they could restore my previous plan or at least help me stay on the one I originally subscribed to, but they simply said they couldn’t help. Worse, the support representative stopped responding while I was still trying to explain the issue. Out of frustration, I decided to close my account and move to another service. What I learned from this experience is that while companies may care deeply about growing the business and monetizing their platform, they don’t always value or take care of loyal long-term customers.",1,2026-05-08T08:17:52.000Z,Negative
Spotify,Streaming Service,the app should be more light and fast…,the app should be more light and fast working price is a bit high,3,2026-05-07T16:51:00.000Z,Neutral
Spotify,Streaming Service,Store speed sometimes slows down,"Store speed sometimes slows down, especially when using a lot of apps.",1,2026-05-07T09:19:06.000Z,Negative
Spotify,Streaming Service,I just need to vent my frustration with…,"I just need to vent my frustration with the Spotify app. It is SOOOOOOOOOOOOOO slow!!!!!! Like literally, every click takes MINUTES to process. I just stare into that blank screen of darkness, at the eternally spinning green circle as a quiet resentment builds within me; a slow fury, as I begin to question the fabric of existence and wonder if someone is playing some cosmic joke on me, to allow such a pernicious evil as this into the world. I stand, frozen in place, contemplating the cumulative total hours, days, weeks of my life I've spent in this limbo just staring, eternally, at the spinning green circle. It's agonisingly infuriating! ""Just clear your cache!"" Doesn't work ""Just delete your downloads"" Doesn't work ""Just reinstall"" Doesn't work ""Just stop using Spotify!"" But how?! I can't! There are no alternatives! I am their slave and they know it as they laugh maniacally from their ivory towers at my feeble desperation to download the next Fantasy Premier League Gameweek 36 Team Selection Podcast. FML Please fix it Spotify. I beg you",1,2026-05-06T22:24:16.000Z,Negative
Spotify,Streaming Service,Annoying ads.,5 ads all because i listened to 3 songs? ads after every song?. So annoying.,4,2026-05-06T18:16:25.000Z,Positive
Spotify,Streaming Service,need to be improved,need to be improved yt music is still better,3,2026-05-05T22:19:59.000Z,Neutral
Spotify,Streaming Service,Good music app but needs improvement,"I’ve been using Spotify for a while now and overall it’s a good app with a huge music library and easy-to-use interface. Discovering new songs and playlists is one of the best features, and streaming quality is generally good. However, there are some issues that need improvement. The free version has too many ads, which can be frustrating, and sometimes the app lags or crashes. Also, subscription pricing can feel a bit high depending on the region. I’d recommend Spotify for music lovers, but improving app performance and reducing ads on the free plan would make the experience much better.",2,2026-05-05T17:37:10.000Z,Negative
Spotify,Streaming Service,Try Tidal first,Try Tidal first! Spotify has gone shady! terrible company. I received a gift card from a loved one and Spotify won't let me use it because I have a family account. You can only use the money on it from an individual account? What the what? So you took money for the gift card but you won't credit your customer the money when they have been with you for decades?! Please. Someone start a class action lawsuit for this! This seems like an easy win!,1,2026-05-05T03:30:26.000Z,Negative
Spotify,Streaming Service,Spotify's 'dictorial hammer and tongs'…,"Spotify's 'dictorial hammer and tongs' approach to getting people to take up premium services leaves a lot to be desired. They behave as if they are the only music providers. In a financial climate as we are in, Spotify should acknowledge people are lifted/supported by music. This would make them think twice before approaching... if you can't be anything, be kind. When you're at the top for services rendered there's only one way to go; downwards. I will monitor for one month and decide depending on rights - you breache it",1,2026-05-03T21:32:06.000Z,Negative
Spotify,Streaming Service,Spotify ruined my artist credention.,"Spotify ruined my artist credention because of boot stream and my earns for my music are affected. I try support to fix they say to search in the playlist wich of course you dont find. Basicslly they dont help in this kind of scam, I ask more than once to help and they dont respond anymore, as matter fact the support doesn't exist, they always send you to the FAQ Page. But not all is bad, you can listen a lot of playlist músic.",2,2026-05-02T10:05:52.000Z,Negative
Spotify,Streaming Service,It's just awful,"If you aren't willing to shill £17.99 a month, don't even bother. Spotify raises the prices whenever they feel like it, never take them back down, and would rather die than treat free users with any sort of respect. There are ads, genuinely, every three songs. The ads themselves are nothing short of eardrum-destroying psychological torture weapons that are designed to be as annoying as possible, on purpose (it just is, ok?). To reiterate, don't bother with this awful platform if you're not a posh fella who can afford to shill 18 smackers a month on a mid streaming service. And if you're wondering where all that money goes: it's not to the artists, that's for sure, as artists only get around £0.0022 per stream, without even considering that they need 1000 streams to even be eligible for payouts in the first place. TL;DR website sucks go download some flacs.",1,2026-05-01T00:34:59.000Z,Negative
Spotify,Streaming Service,Had a trial with Spotify,"Had a trial with Spotify, cancelled well within the timeframe. 4 months later I get them taking money from my account, contacted them to be told I hadnt cancelled and they cant give me a refund. A few people I know have had the same issue, even sent Spotify a screenshot of a friend getting a refund, but told me they cant give a refund for the same reason",1,2026-05-01T00:30:12.000Z,Negative
Spotify,Streaming Service,Getting really pissed off with Spotify,Getting really pissed off with Spotify. They are obsessed with sticking bleeding videos into your playlists. I always save the original single editions of songs where possible. Now I hear applause and other noises and I have to change the song back to audio which is what I saved originally. They piss about with everything now. I can tell whats original an what isnt. I don't want them to think for me. I hate the videos distracting my eye.,1,2026-04-30T20:43:42.000Z,Negative
Spotify,Streaming Service,I am extremely disappointed with…,"I am extremely disappointed with Spotify’s podcast recommendation system. The app keeps forcing the same unwanted podcast creator and episodes into my recommendations again and again, even though I do not follow the show, do not want to see it, and have no clear way to block it properly. There should be a simple “Block creator”, “Do not recommend this podcast”, or “Never show this again” button. For a paid service, this is unacceptable. Users should have control over what appears in their feed, especially when Spotify is pushing podcasts and videos so aggressively. The current system feels intrusive, frustrating, and disrespectful to the user. Please add proper blocking controls for podcasts, podcast creators, and video content. Until then, the recommendation experience is poor and badly needs fixing.",1,2026-04-30T14:33:20.000Z,Negative
Spotify,Streaming Service,Ive been using spotify for years and I…,Ive been using spotify for years and I never had that much of a problem with it. It provides me everything I ask from a music app.,4,2026-04-30T09:55:26.000Z,Positive
Spotify,Streaming Service,Independent artists are ignored here,"Independent artists are ignored here. I pay for distribution, but my music is invisible on Apple Music, iTunes, and Spotify. While YouTube suggestions help new songs grow, these platforms only care about big labels and their own playlists. It’s an unfair system for those who pay for the service. We want a fair discovery system for all artists!""",1,2026-04-30T09:32:38.000Z,Negative
Spotify,Streaming Service,Easy to use for everyday music,"Spotify is one of those apps I just open without thinking. Easy to find music, playlists are decent, and it works fine most of the time. Sometimes recommendations feel a bit random, but overall it’s solid.",4,2026-04-29T19:00:21.000Z,Positive
Spotify,Streaming Service,Spotify editors are changing independent artists’ genres without permission,"I am an independent artist with multiple tracks on Spotify. I carefully submitted accurate genres via my distributor (Trap Soul, R&B/Soul, Urbano Latino etc.). Spotify’s editorial team has systematically changed 7–9 of my tracks to completely wrong genres — mainly “American Hip Hop” and “Alternative Hip Hop”. This is not a small error. It drastically reduces my visibility in the correct playlists and audiences. When I contacted Spotify support, they refused to provide the submitted metadata, claimed it was “algorithm + editors’ decision”, and offered no real solution. This feels like deliberate mismanagement of independent artists’ work. Independent musicians rely on accurate genre classification for discoverability and fair streaming. Spotify’s opaque editorial system and poor support for smaller artists is a serious problem. If you’re an independent artist, be aware that your chosen genres can be overridden with no recourse.",1,2026-04-28T16:16:46.000Z,Negative
Spotify,Streaming Service,Horrendous customer service,Horrendous customer service. Would never recommend someone join. Gobbles your money with no care for loyalty or customer experience.,1,2026-04-27T23:28:52.000Z,Negative
Spotify,Streaming Service,Its a fine app for music!,"Its a great app for music! one of the best IMO! But it is the absolute worst app for podcasts! Pay for premium and you still get ads, that seems like a scam to me. Shame on you.",1,2026-04-27T19:20:14.000Z,Negative
Spotify,Streaming Service,"Lovely app UI, completely deaf supporter","The app itself is nice, really, but I apparently had 2 users. One created via Facebook, and one via normal login with mail. The FB-user did NOT have my email linked, so I could not figure out how to log in via browser, so I had a subscription charge for many months. I finally required about it and had one supporter, Mariah Sophia, who was very nice and understanding, but as follow-up, supporter Payal completely disregarded my initial request (close FB-connected account), advised me that I didn't need to close anything but keep 2 accounts, and tried to put a new subscription on my newer account. It was like he had a conversation without me. When I asked about which ID our conversation/case had, he let me know that he may disconnect the conversation, and then disappeared. I think that is cowardly behaviour. Case ID: a7664b68-b3be-4060-8ee7-3140f4dfbf66 (Please disregard that Ngan H. owns the case latest, since he was only unfortunate to inherit a case that Payal ran away from. Ngan was super constructive) It's crazy that I can sign up with Spotify, but cannot delete it again. I believe it's a right to have your user deleted on request.",2,2026-04-26T13:36:35.000Z,Negative
Spotify,Streaming Service,skipping songs in the free,skipping songs in the free version is a hassle. subscription costs a bit more.,1,2026-04-25T15:26:47.000Z,Negative
Spotify,Streaming Service,This app is good if your playing thru…,This app is good if your playing thru your phone or tablet but is straight dog shit on PC it should be set up to your email and t the way it's set up to phone and tablet app so you can only listen to the songs you have saved and not random shit by the artist you dont like waste of time otherwise do t recommend on anything else,1,2026-04-25T06:46:57.000Z,Negative
Spotify,Streaming Service,Spotify is the worst app I've ever…,"Spotify is the worst app I've ever used. The user interface is appallingly designed, unless the intention was maximum confusion. Whenever I search for a song and try to play it, a different song plays. The sound quality is utterly appalling. How anyone is paying for this dismal service baffles me.",1,2026-04-24T19:29:16.000Z,Negative
Spotify,Streaming Service,Spotify account for years…,"I’ve had an Spotify account for years now, and for the last two years every couple of months my account gets blocked. when I speak to an advisor they say there’s unusual activity on the account and for me to agree I won’t to it again (what! I don’t know). I explain everytime I’m not doing anything apart from listening to the music daily. Now they have blocked my account again after me paying for the month and the advisor is saying they are investigating and can’t tell me anything else and not telling me what they are investigating. Had enough will take my money and give it to Apple Music, see why I get people asking me why I use Spotify",1,2026-04-24T17:56:08.000Z,Negative
Spotify,Streaming Service,Been using Spotify for a while,"Been using Spotify for a while, maybe like 2 years. At first everything was fine, I even recommended it to friends. But over time it started getting a bit annoying. Main problem for me is random issues with the app. Sometimes songs just stop, or it doesn’t load playlists properly. Not always, but enough to notice. Also had a few times when it logged me out for no reason. Another thing — some songs just disappear. Like you have them in playlist, then they greyed out. I get it’s licensing, but still frustrating. Support didn’t really help much, just basic replies. It’s not terrible service, but for paid subscription I expected more stability",2,2026-04-24T12:12:56.000Z,Negative
Spotify,Streaming Service,every time I click the home page,"every time I click the home page, it starts to glitch out and play 10 songs in 1 and can't pause wtf",2,2026-04-23T00:46:37.000Z,Negative
Spotify,Streaming Service,The app baisicly forces you to pay to listen to music,"I’m not paying almost 20$ a month to listen to music,",1,2026-04-22T16:04:58.000Z,Negative
Spotify,Streaming Service,I subscribed to a Premium Family plan…,"I subscribed to a Premium Family plan on Spotify and included three users in my account. Everything was functioning normally until, without any warning or clear reason, I suddenly lost access to my account after just 13 days of use. When I contacted support, I was informed that my account had been closed. However, no explanation was provided, and I was explicitly told that no further information could be shared. This lack of transparency is unacceptable and raises serious concerns about how user accounts are handled. Even more concerning is the way the support process was handled. I was kept in a support chat for nearly an hour, repeatedly transferred between different agents, and ultimately left without any resolution. The case was effectively closed without addressing my concerns. All of my playlists and years of saved music have become inaccessible due to this action. This is not just a minor service issue—it reflects a serious failure in user data access and account management responsibilities. At this point, I intend to escalate this matter to relevant consumer protection authorities and pursue formal complaints through appropriate legal channels. I also believe this situation highlights the need for closer regulatory scrutiny of platform practices regarding account termination and user data access. This issue should not be ignored, as it reflects a broader concern about accountability and user rights on digital platforms.",1,2026-04-22T09:58:57.000Z,Negative
Spotify,Streaming Service,8 ads consecutively in one go,"8 ads consecutively in one go? Making me listen to garbage for 3-4 minutes and then only giving me 1 or 2 songs before I get another ad. I use to think these phone games were bad with the ads and no one could sink no lower. Well, I guess Spotify proved me wrong. Garbage subscription and prices, overcharging and not cancelling membership payments when requested and very very disappointing customer service. Good luck to this app, won’t last much longer",1,2026-04-22T09:14:30.000Z,Negative
Spotify,Streaming Service,You cant find all you downloaded song…,You cant find all you downloaded song if you download your weekly discover. so screw you if you wanted to lisen to those agian. pc app constetly goes offline for no reson and sucks to use.,1,2026-04-21T01:46:22.000Z,Negative
Spotify,Streaming Service,Its been over 6 months I canceled…,Its been over 6 months I canceled spotify they have been charging me over and over called Master Card backnto spotify but I no longer jave an account and you keep charging me Fraud,1,2026-04-20T21:07:53.000Z,Negative
Spotify,Streaming Service,It is truly and deeply disappointing…,"It is truly and deeply disappointing when one wants to subscribe, but (even before one gets there) the support department in unreachable! What is the use of paying for memebership, but one can't even deal directly with a human being!",1,2026-04-19T20:15:07.000Z,Negative
Spotify,Streaming Service,Worst customer support of any company I…,"Worst customer support of any company I have ever dealt with. It is just money, money, money, money that they are interested in. Just appaling",1,2026-04-19T18:09:40.000Z,Negative
Spotify,Streaming Service,Bad user experience - forced shuffle on mobile free tier,"On the free plan I was NOT able to completely disable the shuffle feature when playing albums on the mobile app. Once I selected the first track i wanted to play, the following tracks were always be shuffled out of order. I did some research and found out this was an intended feature to try to get you to subscribe to their premium plan. I am highly disappointed in this service and will not give my money to a company that blatantly makes user experience bad to make a profit. I will be cancelling my spotify account all together and using other providers like Pandora.",1,2026-04-19T18:01:33.000Z,Negative
Spotify,Streaming Service,Stealing money,I had a free plan and after that i thought i had more free premium but no then i got charged 10€ without my authorizsation and for me with no job and income and a thight budget its bad,1,2026-04-19T09:47:17.000Z,Negative
Spotify,Streaming Service,Avoid this app at all costs!,"Honestly really disappointed. I got charged £12.99 even though I haven’t used Spotify in over two months. It was an automatic renewal and definitely not intentional. To be honest, I didn’t even enjoy the service that much during the trial, which is why I didn’t continue using it. There are honestly better platforms out there, so I just left it. I cancelled straight away as soon as I noticed the charge and contacted support, but they really didn’t help. Just generic copy-paste replies and no real effort to look at my situation. I get that there are policies, but this just feels unfair. A bit of understanding would’ve gone a long way. In the end, they just didn’t want to cooperate at all, which makes the whole experience even worse.",1,2026-04-19T02:03:37.000Z,Negative
Spotify,Streaming Service,Spotify ka experience mere liye kaafi…,"Spotify ka experience mere liye kaafi disappointing raha. App baar-baar lag karti hai aur kabhi-kabhi songs bina reason ke stop ho jaate hain. Free version me itne zyada ads aate hain ki music ka maza hi kharab ho jata hai. Playlist suggestions bhi itne accurate nahi hote. Customer support bhi slow hai. Overall, itna hype hone ke baad bhi yeh app utni achhi nahi lagi.",1,2026-04-17T12:29:46.000Z,Negative
Temu,Online Shopping,,Any clothing items bought from Temu are likely to be shoddy and made with cheap Polyester. I have wasted money on various purchases and they have almost all disappointed. If you buy household goods an... See more,2,2026-08-09T12:05:04.000Z,Negative
Temu,Online Shopping,,"Minus one star at least. I have repeatedly contacted Temu about their deliveries beng left anywhere but where they should. They have been dumed in garages at the back, the garden, but mostly rubbish... See more",1,2026-08-08T12:32:35.000Z,Negative
Temu,Online Shopping,Products,Do not bye from temu i bought 2 air fryers by mistake as I thought i bye through paypal and it did not go through it was just taken by temu but PayPal told me that it was on automatic payment and Paypal removed it. SO DO NOT TUST TEMU at all they are crap i have tried to get a returns address but failed and i don't think I will send them back anyway because of some one else doing that and was told they had come back damaged that's why I don't trust temu where is the proof they are damaged I ask myself that's why I will not send them back PLEASE DO NOT BUY FROM TEMU as I will not again,1,2026-08-11T15:38:12.000Z,Negative
Temu,Online Shopping,Their rewards system is completely misleading,"Their rewards system is completely misleading. They offer free cash gifts worth hundreds which turn out to be coupons worth $5-10 for nil purchases and higher value coupons of $20-35 only redeemable after you spend over $70 or more. Ignore the offers, they are discounts on cheap products initially overpriced. Tools are or quality rubbish in many cases, like the dash cams. Let the buyer beware. I have tried them a few times with more disappointment than joy. Spend extra an get quality from reputable vendors.",1,2026-08-11T14:58:55.000Z,Negative
Temu,Online Shopping,Basically got told I could return a…,"Basically got told I could return a perfume that smelled awful despite them knowing it had been opened and then refused to refund me. Even though they advised I send it back they are now saying I will get no refund and if i want the perfume back I need to pay again. Basically got scammed out of £110 they are not a reliable company and happily let you get scammed by 3rd party sellers and lie though customer serivce constantly, temu are scammers they didnt used to be bad but even before this I ordered a cupboard that never arrived and they took a month to resolve it. Never using again.",1,2026-08-11T14:49:34.000Z,Negative
Temu,Online Shopping,Temu Sux,"Temu responded to my review, saying to make sure I wasn't the victim of fraud. Ohh I sure was but I don't need the bank to tell me, it was Temu who committed Fraud... You said I had $100.00 credit so I placed a $106. Order and was charged the full amount. Then you have this stupid spin wheel that somehow it always lands on the biggest reward that you NEVER really give. I had to cancel my credit card so you would stop taking my money!!! Temu you are the worst fraud ever!!!! I really hate you!!! I'm still trying to reset all my automatic monthly payments because I had to cancel my credit card. Not to mention that the stuff that I did order is ALL SUPER CHEAP!!! I'VE NEVER SEEN SUCH PIECE OF CRAP COMPANY IN MY LIFE!!! In all this I really blame myself because I should of looked at your reviews... you have one star, and you don't have less because the lowest rate we could give is one star!!! Please everyone DON'T BE A VICTIM OF TEMU!!!!",1,2026-08-11T14:18:19.000Z,Negative
Temu,Online Shopping,I like Temu for many items and order…,"I like Temu for many items and order quite often. Is mostly good value but some useless falsely advertised quality wise and functionality wise. My biggest annoyance though is the false offers of open the boxes and get free cost items. I ended with ""as a valued customer 5 free 0 costed items"" which I picked but to get each item I had to order something from £8 to £10 pound for each free item!!! Disappointed in these false so called offers. Would prefer not to see them. 2 stars because of this scamming.",2,2026-08-11T14:16:55.000Z,Negative
Temu,Online Shopping,Deceptive scam support! Mocked with templates and tried to trick me!,"I ordered a crystal candelabra lamp (order PO-186-01483704556152325), which arrived completely broken and shattered. What followed was a total nightmare of deceptive practices and mockery by Temu's customer support.First, when I reported the damaged item, the support agent opened a fake claim for ""Item not received."" Since tracking showed it was delivered to Spain, the system automatically rejected it. This was a deliberate setup to deny my refund.Second, after I protested, they promised a ""refund without return"" but instead forced a physical return and generated a label for GLS ROMANIA, completely ignoring that my shipping and residence address is in SPAIN! It is logistically impossible to ship broken glass across Europe using an invalid domestic label from another country.For over a week, the supervisor intentionally wasted my time by spamming me with useless automated templates. When I explicitly begged them to stop using templates and look at the country error, they mockingly replied with the exact same template script, word for word. No human empathy, no solutions, just wasting time.Finally, they tried to trick me by sending an email demanding that I cancel the return request and open a new one. This was a pathetic attempt to make me lose my consumer rights. Now, they have simply CLOSED the ticket without resolving anything.This is an absolute scam. I have already escalated this fraudulent behavior to my bank for a chargeback and filed an official case with the OCU Consumer Protection in Spain. Avoid Temu at all costs!",1,2026-08-11T13:06:52.000Z,Negative
Temu,Online Shopping,Complicated confusing full of promises…,Complicated confusing full of promises scam selling no real discounts,1,2026-08-11T12:04:05.000Z,Negative
Temu,Online Shopping,Avoid temu…,Avoid this company at all cost they subtract 25 percent and any discount they have applied to you when refunding items they seem like a con they show pictures that are not accurate and when u return you dont even get the money u paid for the items they win again. Seller send u wrong items and they do nothing tell u to speak to seller which refuses and your left shrouded.,1,2026-08-11T12:01:35.000Z,Negative
Temu,Online Shopping,"1/5 Stars — ABSOLUTELY TERRIBLE, AVOID AT ALL COSTS!!!","I have been trying to contact this company for AGES and it is an absolute nightmare! It is NOT worth the tiny bit of money you might save — not even close! All those tempting offers and deals are completely misleading — it’s nothing but a trap. The products are terrible, the service is even worse, and the staff are absolutely useless! Every single time you do actually get a reply, they just copy and paste the same generic script over and over again — they don’t even read what you’ve written! Half the time they don’t reply at all! It has been one of the absolute worst shopping experiences I have ever had in my life. I hated every minute of dealing with them. Consider this a serious warning to everyone — stay far away from Temu!",1,2026-08-11T12:00:44.000Z,Negative
Temu,Online Shopping,Not what I purchased …,"Purchased light blue denim shorts received dark blue shorts instead. Asked Temu to send what I ordered and paid for cosy $30, they offered me a $3 credit, have bought so many items from Temu a and will not be buying from them again, very disappointed.",1,2026-08-11T11:51:56.000Z,Negative
Temu,Online Shopping,What I am most annoyed at is the time…,"What I am most annoyed at is the time frame for returns to be processed. I PAY UP FRONT and IN GOOD FAITH for items from temu, more often than i care, items are poorly made cloting inc sizing or poorly made wigs so they get returned... WHY when I pay up front do I have to wait for the ware house to CHECK and process the items and takes over a week after recieving them. I return the items the same condition as I recieved them. One order was MISSING solar lights for the garden, I did not get refunded, why? because I could not put the item in the return package. make that make sense",3,2026-08-11T11:02:31.000Z,Neutral
Temu,Online Shopping,Inconstructuve Refunds,"Quite Disturbing How Temu denies your return package. Happend twice now and I can not understand how it is possible. After following the clear instructions giving, replacing the item as you recievd it now they stating no barcodes attached to the product. Really the garments don't even have barcodes and I used the same packaging that they sent the item with. This is now the 2nd time Temu withheld a Refund and within in minutes when u log a Claim it gets Denied. Quite SAD PO-184-14928897992310009",1,2026-08-11T10:19:27.000Z,Negative
Temu,Online Shopping,I have been shopping with Temu for some…,"I have been shopping with Temu for some time now. I have at least tried 10 times to obtain free gifts. My last purchase was to receive the allocated gifts. I have not received what you advertised. I tried many times, and the same thing happens; I do not receive any. This time I spent over two hundred dollars and received only one. I feel you are dishonest, and I wish to withdraw my continued shopping. Heather Dalzell.",1,2026-08-11T07:43:52.000Z,Negative
Temu,Online Shopping,Not a single product size is correct,Not a single product size is correct. The quality is extremely poor.,1,2026-08-11T06:33:47.000Z,Negative
Temu,Online Shopping,I don't shop on TEMU and this is why,"Here's what I hate about Temu. When I want to shop I do not want to play games and pick cheap items for cheap prices, AND SPIN A STUPUD WHEEL. IT'S FOR PEOPLE WHO HAVE NOTHING ELSE TO DO I GUESS. I get so sick of all of that when I go into the TEMU App I just leave it. I have never purchased anything from TEMU for that very reason AND I NEVER WILL.",2,2026-08-11T05:55:28.000Z,Negative
Temu,Online Shopping,Fell for the dishonest promotional…,"Fell for the dishonest promotional gifts. Stay away from this crooked app and company if you know what’s good for you. Luckily I only purchased 2 items, but was supposed to receive 8 other free ones. They disappeared from my account after purchase. Rot in Hell!",1,2026-08-11T04:22:40.000Z,Negative
Temu,Online Shopping,The bottom line is,"The bottom line is, DO NOT GET TRAPPED BY THEIR SCHEMES. if you like something, just get it and stay away after that. They promised me 8 items and I got NOTHING. their excuses are nothing but HOG WASH. since they will see this view, I hope they honor their commitment and give me my items, then I will let you know of the outcome.",2,2026-08-11T04:06:27.000Z,Negative
Temu,Online Shopping,Baited,"Baited, promised, and guarateed free gift, cash back and coupons with additional purchases - and then switched - TO NOTHING. Wasted my time with multiple wheel spinning and the above false promises. When I contacted and complained to their chat service, it WANTED ME TO PAY $5.00 for them to take any action, and said it would be returned, later. Zero trust in Temu",1,2026-08-11T03:14:02.000Z,Negative
Temu,Online Shopping,Public Warning,"Public Warning: Check the Real Reviews Before You Buy Rating: \star☆☆☆☆ (1 Star) After more than two years of dealing with this platform, I have officially reached my limit. I am updating my review to 1 star to warn other customers. Please, do yourself a favor and check the independent public reviews before you order anything. Key Reasons to Avoid This Platform Terrible Product Quality: The items sold are extremely cheap and poorly made. If you wash red clothing, the dye bleeds so badly it looks like a mess. If you buy blue items, the color runs like house paint. Nothing is built to last. Constant Promotional Loops: For over two years, they constantly trap customers in endless cycles pushing coupons and credits instead of providing reliable service or quality control. Incompetent Support: When things go wrong, customer support offers nothing but empty promises and zero actual help. A Warning to All Shoppers Do not be fooled by inflated ratings or flashy promotions. Take a look at what real customers are saying on independent review platforms—the massive wave of 1-star reviews speaks for itself. Save yourself the headache, protect your money, and avoid shopping here. A Serious Warning to New Shoppers: Don't Fall for the Fake Ratings Rating: \star☆☆☆☆ (1 Star) To anyone thinking about joining or placing an order: do not be fooled by the 5-star and 4-star ratings. ### Why You Cannot Trust Their Ratings The high ratings you see on the platform are heavily inflated because customers are constantly lured into leaving positive feedback with promises of free coupons and credits. It is a rigged system designed to trap new buyers who don't know any better.",1,2026-08-11T01:42:33.000Z,Negative
Temu,Online Shopping,Cheap products,The items I received were very cheaply made. The seat covers I ordered were not the ones pictured online and I returned them for my $30 back. Waiting to receive my refund. Wish me luck! I now receive a ridiculous amount of ads from Temu and it is driving me crazy!,1,2026-08-11T00:36:31.000Z,Negative
Temu,Online Shopping,It's a huge mistake getting anything…,It's a huge mistake getting anything from this place. I ordered a few items so far either it's junk or wrong size. And forget the free stuff they never sent what you chose. Horrible service . Waste of time I wouldn't have left one star.,1,2026-08-11T00:04:15.000Z,Negative
Temu,Online Shopping,I dont trust im not getting robbed,"I dont trust im not getting robbed , the purchase says it goes threw then tells me to verify payment method but one 5mins later is fine. Was supposed to get a $100 credit for buying all this shit and never received and most of my items are worthless junk. Nothing I actually want ever actually shows up but never any record when know I bought it Every so often find something thats worth buying but over all dont waist ur time",2,2026-08-10T23:06:32.000Z,Negative
Temu,Online Shopping,Avoid this company and China altogether…,Avoid this company and China altogether until anti cruelty for animals are enacted.,1,2026-08-10T23:03:15.000Z,Negative
Temu,Online Shopping,Extremely Disappointed With Temu,"Extremely Disappointed With Temu – Poor Quality Products I am extremely disappointed with my experience purchasing products from Temu. After ordering several different items, I found a consistent pattern of poor quality and inferior materials. The shoes were not true to size and were much too wide. The parchment paper was so poor that everything I baked on it stuck to the paper. The shower caddy is extremely flimsy and does not feel sturdy enough for normal use. The Ziplock-style bags are very thin and flimsy. The clothing is made from extremely poor-quality material and does not look or feel like the quality represented in the listings. These were not isolated issues with one product—they occurred across multiple categories of items. I expected better quality and value, and unfortunately, I was very disappointed. Based on my experience, I would not recommend Temu to anyone looking for reasonably durable, good-quality products. Buyers should be very cautious and should not assume that the attractive prices mean they are getting good value.",1,2026-08-10T22:46:28.000Z,Negative
Temu,Online Shopping,Item out for delivery 7 days and still not here,"An absolute pile of shite who’ve taken my money and delivered nothing. And now trying to get the review deleted. Here you go. Order ref. PO-210-17564164424310876 My experience is real unlike your “dedicated assistants here to help”. Thanks for your copy and paste reply. Like everything you’ve done to date you do not investigate anything. It’s all hollow meaningless words. I have already used the messaging service you mention below and provided the response from Evri verifying that they have lost the parcel. You’ve been given this information and yet still you don’t organise a replacement or issue compensation as per your T&Cs and a full refund. Like I’ve said several times in my communications in the last few days, this will be my last ever order and urge everyone to take note of your behaviour and follow suit.",1,2026-08-11T07:19:00.000Z,Negative
Temu,Online Shopping,DO NOT BUY HERE,"DO NOT BUY HERE! Defective vacuum cleaner received. Order ID: Po-076-06250616474232582. The customer support has been promising to solve the issue for 8 days but doing absolutely nothing ('zero emotions', only fake promises). I paid part with card, part with Temu balance. I have already filed a formal Chargeback dispute with my bank today. Disgusting service!""UPDATE: Temu support continues to ignore my rights. They are trying to bargain and offered me a ridiculous 20% partial refund for a completely broken, non-working vacuum cleaner. I rejected this fake offer. I demand a 100% full refund of 40 EUR. My bank chargeback is active, and I will not change this review until I get all my money back!""",1,2026-08-11T12:07:47.000Z,Negative
Temu,Online Shopping,Very unhappy with Temu some of the junk…,"Very unhappy with Temu some of the junk they sell, there prices have been going up constantly. Don’t play there game or promotion they deceive you and fix it some how you will lose out and they don’t have to send it to you. There prices are constantly going up to where you can go locally and buy it cheaper.",1,2026-08-10T19:15:59.000Z,Negative
Temu,Online Shopping,URGENT REFUND,"I HAVE RESPONDED WITH THE ORDER NUMBER AND I'M TO GET A RESPONSE Hello, I’m honestly quite frustrated with this response, especially because this issue has already been going on for quite some time. How does it make sense for me to spend money returning an item when the cost of returning it is significantly more than the value of the item itself? I should not have to incur an unreasonable expense just to receive a refund for an item that was already problematic. If you are unable to process the refund without a return, then I would prefer that you reship the item to me instead. I have been trying to resolve this for a while now, and I’m becoming increasingly dissatisfied with how long this has taken. I would really appreciate a practical solution rather than being asked to spend even more money to resolve the issue. Please let me know if you can either process the refund without requiring a return or reship the item. Thank you.",1,2026-08-11T06:50:50.000Z,Negative
Temu,Online Shopping,Scam fraudulent crap.,"Hello, thank you for contacting us. Temu is an e-commerce company that connects consumers with a network of merchandise partners, manufacturers and brands with the mission to empower consumers to live their best lives. Customer satisfaction is of the utmost importance and we are constantly working to improve our service quality. If you need further assistance, please message us through Temu.com or Temu app live chat. Best wishes, Temu team",1,2026-08-10T17:51:57.000Z,Negative
Temu,Online Shopping,never use their services they cover scammers,"I wasted half a day waiting for the package...the carrier made a fake delivery attempt but I didn't receive anything...when trying to resolve this issue with the topic their customer service department just wastes time and bounces me from one manager to another. 11aug. PO-210-18913271319670965 Another fake delivery, now even without a street photo.The topic refuses to return my money, I have to contact my bank. If anyone is interested, I will upload screenshots from the chat with the customcr service. Avoid this fraudulent platform as much as you can. Have a good day and happy shopping everyone.",1,2026-08-11T10:43:11.000Z,Negative
Temu,Online Shopping,I have read all negative reviews and…,I have read all negative reviews and kind of agree you have to realise that Temu are a cheap warehouse selling tack I use it for Halloween Christmas and Easter for cheap home party themes for that they are brilliant although I have had some bits that have been real unusable tack I have had lots of good value bits it really is you get what you pay for just ordered 2026 Halloween as I know may take a month,3,2026-08-10T16:52:09.000Z,Neutral
Temu,Online Shopping,Northedge outdoor Ltd,"Northedge outdoor Ltd. Huddlesfield West Yorkshire HD1 1RL. Third party seller on temu. I bought 48V Portable Cordless High Pressure Washer | Equipped with Two Batteries, a 6-In-1 Adjustable Nozzle, Suitable for Car/Floor/Garden Cleaning And Watering, As Well As Other Household Cleaning Tasks. £20.98 1SET The item sent was totally a different one. It was wrapped only in black polythene thin wrapper. Because of this the case arrived cracked. I thought temu would be careful with third party sellers on their platform, but apparently not. I don’t trust temu or the seller, so I’m stuck with an item that may even be 21v instead of a 48v one. AVOID THE SELLER AND TEMU PLATFORM AT ALL COSTS. I wish I had looked at the reviews before I purchased from Northedge outdoor ltd as I’ve found at least four other buyers have had the same experience as mine.",1,2026-08-10T16:10:17.000Z,Negative
Temu,Online Shopping,Order PO-135-06333858002553814,Order PO-135-06333858002553814: Received an incomplete parcel with missing and damaged items. Customer service relies on automated responses demanding I physically return items that were never delivered in the first place. Refusing full refund of 474 MAD. Escalated via Chikaya.ma and chargeback.,1,2026-08-10T13:44:12.000Z,Negative
Temu,Online Shopping,I just want to buy products from Temu…,I just want to buy products from Temu but they throw all sort of bonus and money back but you need to spend more.. I am sick if this tricks.. Australia Fair trading and consumer law should look at this business tactic. Stings,1,2026-08-10T13:13:39.000Z,Negative
Temu,Online Shopping,I am getting sick of some temu sellers…,"I am getting sick of some temu sellers doing false advertising, case in point, bought a 300 pack of butt solder shrink joints, they show a packet of 300, but you only get 100 butt shrink joints, the other 200 I just black shrink covers, which are small and probably will never use. Temu needs to do something about this, there needs to be better transparency by the sellers, unfortunately I cannot complain direct to the seller, as you can on eBay. Basically Temu cannot be trusted",1,2026-08-10T12:36:44.000Z,Negative
Temu,Online Shopping,I used to be a very frequent Temu…,"I used to be a very frequent Temu customer. I genuinely loved shopping on Temu because of the low prices and the huge variety of affordable products. I was always excited to find great deals. Unfortunately, that has completely changed. When you reach checkout and see all the additional fees, the final price becomes way too expensive. It’s simply not worth it. I will no longer be shopping on Temu. I’m done paying these excessive fees!",2,2026-08-10T11:59:40.000Z,Negative
Temu,Online Shopping,Temu was great until J&T delivery,"I'm very sorry to have to write this review. I've been ordering from Temu for years and generally had a good experience, but since they switched to J&T for deliveries, the process has become far too stressful. I recently ordered several items, including a custom order, for an important event. Unfortunately, delivery was never even attempted. Despite this, J&T claimed that I had refused the package and sent it back to the sender. The Temu representatives I spoke with via live chat were kind and friendly, and I appreciate their efforts. However, the only resolution they were able to offer was a refund plus a 20% discount coupon, capped at €20 and valid for just seven days. Considering the circumstances, this does not come close to making up for the situation. The order included a custom-made item, and because of the delay and return, I no longer have enough time to reorder it elsewhere before the event. After being a customer for years, I'm genuinely disappointed that this experience has made me decide not to order from Temu again. I would strongly advise Temu to reconsider working with J&T, as an unreliable delivery partner can completely undermine an otherwise positive customer experience.",1,2026-08-10T11:26:26.000Z,Negative
Temu,Online Shopping,Questionable fulfillment tracking,Questionable fulfillment tracking. They do not update the correct items delivered in your package. I had an item that was not delivered to me and requested for a refund twice with their customer service and was denied without any engagement. PO-209-12284168233591437-D01,2,2026-08-10T11:17:34.000Z,Negative
Temu,Online Shopping,Extremely disappointing experience with…,"Extremely disappointing experience with Temu I am extremely disappointed with Temu. My package was never delivered to me, yet customer service continues to tell me that it was delivered simply because the shipping company marked it as “delivered.” I have contacted Temu several times and provided multiple screenshots and pieces of evidence showing that I never received the package. I also contacted the delivery company and reported the issue. Despite this, it feels like nobody is actually taking the time to review the evidence I provided. I keep receiving the same response that the package was delivered, but no actual proof has been provided that I personally received it. A simple photo of a package does not prove that it was handed to me. What is even more frustrating is that I have made several attempts to resolve this issue peacefully, but my messages and evidence seem to be completely ignored. This is absolutely unacceptable. When a delivery problem occurs, I expect a company to take the situation seriously and properly investigate it instead of simply repeating that the package was “delivered.” Very poor customer service and a very disappointing experience. I would not recommend Temu based on how this situation has been handled.",1,2026-08-10T10:31:54.000Z,Negative
Temu,Online Shopping,"Not everything is bad, but you've to be careful","You really do have to be careful – cheap doesn’t necessarily mean good. There are certainly some good, affordable products, but there’s also a lot of rubbish where the products look good in the photos and the description, but then don’t work as well in practice or are not of that material as you’d expect. Also, be aware of the many 5-star reviews: the comments often reveal whether the buyer is giving a genuine or useless review of the product or if he has really used the product. At least the refund process is straightforward if there is a problem with any product.",2,2026-08-10T10:03:11.000Z,Negative
Temu,Online Shopping,Temu customer services excellent.,"I have been using Temu for some time now and for the most part I have had a positive experience however, there's been a couple of times I have been sent the wrong item or a faulty item. Temu has always addressed any issues I encountered quickly. I would like to thank Maddy at customer services for dealing with a recent issue in a position and timely manner! Temu has some really great products. Thank you.",5,2026-08-10T10:00:04.000Z,Positive
Temu,Online Shopping,Their popup ads have false X buttons,Their popup ads have false X buttons. Really annoying to click out of. I will be holding a grudge over this. Not worth a 1 star review over this because it’s not THAT annoying. But I’m less likely to use Temu after this.,2,2026-08-10T06:46:34.000Z,Negative
Temu,Online Shopping,One of the worst online platforms ever…,One of the worst online platforms ever I visited. I order an item and it’s 15 days and still says that port need to clear. Pathetic,1,2026-08-10T03:30:07.000Z,Negative
Temu,Online Shopping,I ordered med pants received XL,I ordered med pants received XL. customer service is a joke and I'm tried of trying to jump through hoops to return or get a refund for these cheap fabric pants that look nothing like what was pictured,1,2026-08-10T01:28:42.000Z,Negative
Temu,Online Shopping,Wrong item delivered bu Local Temu,"Wrong item delivered bu Local Temu. It's not zipped but elastic. Waste of time; now I need to return, and their Ervi service is horrible. I sent the package but still did not receive any info. When checking the tracking, earlier it said the package was damaged. But now it shows delivered on 1st August, 11:08. Evri Tracking No: c00hha0608248461",1,2026-08-10T00:30:48.000Z,Negative
Temu,Online Shopping,Do not trust Temu or their deliveries,"Do not trust Temu or their deliveries. I have sent proof of non delivery of my order to my address, it has obviously been delivered somewhere else. They reply with the same generic message, cannot speak to a human being and absolutely useless. Don't waste your money with this company, no morals, no customer satisfaction, complaining is just a waste of time!!!!",1,2026-08-09T23:43:19.000Z,Negative
Temu,Online Shopping,I have ordered a few products to trial…,"I have ordered a few products to trial Temu having loved the similar Ali Express…..and have to say so far most of what has arrived is of great quality and the delivery service has been very good. The bit that irritates the hell out of me is the constant badgering and apparent offers of free or cheap bargains. It literally does not stop even when I have unsubscribed to this aspect of it. I neither need nor want. If this rubbish stopped i would continue and just order what I want/ need and be pretty happy with this. But as it stands I don’t plan to continue, which is a pity as the products I have ordered and which have delivered have been really very good! I hope Temu learns from this",3,2026-08-09T20:36:52.000Z,Neutral
Temu,Online Shopping,Great experience so far,"We ordered a battery-powered milk frother, and it is excellent. My husband ordered some cycling gloves and the quality was surprisingly good considering the lower price. So far, we haven't had a bad experience.",5,2026-08-09T19:12:50.000Z,Positive
Temu,Online Shopping,Card was charged,Card was charged. Order not received. Customer service not at all helpful. To your reply I have provided all this information several times and get nowhere.,1,2026-08-11T12:38:15.000Z,Negative
Temu,Online Shopping,Temu scam,I'm writing again my review after one month last month when I post my review they start working on my issue and update me my parcels are picked by courier and arrive at location I have a screenshot of it from their chat where they confirmed it but after all this they still don't refund me and told me courier is unable to pick my parcel I contact their customers services and they have zero respect for customers I told them your supervisor confirmed it that parcel is picked but they insist I don't return their parcels so they don't refund me and close their tickets I know why they don't want to refund me because my refund amount is higher so they don't refund me my parcels my money my wait everything wasted now they offering me coupon as compensation and told me to they don't refund me or help me I'm totally disappoint at that time I'm going to shift from temu to other shopping apps for smooth experience I think SheIn is much better then temu I confirming it temu is scam so save your money and time instead of wasting on temu,1,2026-08-09T18:15:28.000Z,Negative
Temu,Online Shopping,Temu needs to stop using SpeedX,"Temu needs to stop using SpeedX I have enjoyed ordering from Temu, but I am extremely disappointed that Temu continues to use SpeedX for deliveries. My package was marked “Attempted Delivery — No Access” even though my driveway was completely clear and accessible, and no one actually attempted to deliver my package. Now, because of SpeedX’s failure to deliver, I am being told I have to wait several more days for another attempt. Customers should be allowed to choose their delivery carrier at checkout, especially when certain carriers repeatedly provide poor service. I would genuinely rather have my order sent by snail mail than SpeedX — or as I call them, Speed 0. If Temu continues using SpeedX without giving customers another delivery option, I will seriously reconsider ordering from Temu, and I will continue sharing my experience anywhere delivery-service reviews are accepted. Temu, please listen to your customers. A good price means very little if the package cannot reliably make it to the customer's door.",1,2026-08-09T18:12:41.000Z,Negative
Temu,Online Shopping,I used a prepaid card,"I used a prepaid card, because I don't want my banking info out there. 90% of my orders they wanted verification of my card and put 90% of my orders on hold. I have Never had such a hard time buying items for my local homeless shelter. I guess that I just stick to Amazon. I even messaged them and let them know that it was a pre-paid card.",1,2026-08-09T17:59:53.000Z,Negative
Temu,Online Shopping,Delivery related,My biggest regret in life is order from temu I placed orders month ago and tracking status of orders still in transit when I ask their customers services for help they offer me a coupon and told me to wait after waiting alot they say parcel are lost I ask for reshipment they refuse and told me to place new orders their customers services are totally disappoint and shit zero respect for customers refuse to follow their own policies they have a policy related lost orders that is reshipment but I ask for reshipment using this policy they refuse and start insist on accepting that coupon offer my money my wait for parcels everything wasted and when I try to place same orders again they double the price after adding in to cart same orders in double price when I highlights this issue they says they're unable to resolve my issue and unable to deliver my parcels so I should close their so cold tickets because from their side issue us resolve as lost parcels as customers I'm shifting from temu other shopping apps so my these parcels money is wasted,1,2026-08-09T17:59:40.000Z,Negative
Temu,Online Shopping,I spoke in phone line 3 times they…,I spoke in phone line 3 times they don’t know what to say,1,2026-08-09T14:48:16.000Z,Negative
Temu,Online Shopping,Already being billed and still not one…,"Already being billed and still not one item arrived. Use Speeedx which are useless with little to no customer service, not even a phone number! Website just has pop-ups that confuse the buyer. Amazon may be more money but never these dumb & dumber excuses from cannot find address which then changes to incorrect package then back to cannot find address. I can see I am not alone. It continues. First their SpeedX people cannot find me, then delivered and the only proof is a package pic of the package next to a large old style boom box. My office has cameras and a bin for deliveries. They are lying buggers.",1,2026-08-11T01:50:11.000Z,Negative
Temu,Online Shopping,Placed an order,"Placed an order, paid. Where is my order went around in circles. I placed another order same day. Will wait to see. I want my money back or the order filled. Will wait to see.",1,2026-08-09T13:08:10.000Z,Negative
Temu,Online Shopping,You are likely to be disappointed,Any clothing items bought from Temu are likely to be shoddy and made with cheap Polyester. I have wasted money on various purchases and they have almost all disappointed. If you buy household goods and other ‘hard’ items then you are likely to be satisfied. I have left reviews which are only posted if they are positive!,2,2026-08-09T12:05:04.000Z,Negative
Temu,Online Shopping,Wow fake cards now or cheaper!,"Wow. A lot of fake stuff, an artist has been stolen from too, like cards!this was on the news from artists who say their work has been stolen. Temu was mentioned a few times. So don’t believe them whatsoever.",3,2026-08-10T08:28:46.000Z,Neutral
Temu,Online Shopping,I am extremely unhappy with my…,"I am extremely unhappy with my experience with Temu and honestly feel let down as a customer. I placed an order, paid for it, and waited for it to arrive. The tracking then stated that my parcel had been “delivered.” The problem is that I DID NOT RECEIVE MY ORDER. It was apparently left outside, unattended, without being handed to me or placed somewhere secure. How can an order be considered successfully delivered when the customer has not received it? I understand that delivery companies can have problems, but leaving a paid parcel outside and simply marking it as delivered is not an acceptable solution. Once a parcel is left unattended, it can easily disappear, be stolen, damaged by weather, or be taken by somebody else. The customer should not be expected to take responsibility for that. I paid for my items in good faith and expected them to arrive safely. Instead, I am left without my order and having to deal with the frustration of contacting customer service and explaining something that should be very straightforward: I ordered it, I paid for it, and I did not receive it. The fact that the tracking says “delivered” does not magically mean I received the package. There is a huge difference between a parcel being marked as delivered and a customer actually receiving it. This has completely changed my opinion of Temu. Before this experience, I was willing to order from the platform, but now I have serious concerns about whether my orders will actually reach me safely. Customers should not have to worry that their purchases will simply be left outside and potentially disappear. Temu needs to take delivery problems much more seriously and make sure customers are properly protected when an order is not received. I am extremely disappointed and expect Temu to take responsibility for this situation and provide a proper resolution. I paid for an order that I never received, and that is simply not acceptable. Based on this experience, I would seriously reconsider ordering from Temu again. Very poor experience and very frustrating customer service",1,2026-08-09T11:21:21.000Z,Negative
Temu,Online Shopping,Tortuous Communication with Customer Service,"Re: Order PO1971642819906551505 was delivered 8 August, but three of the fridge magnets did not have magnets attached or included. I tried to communicate this problem with your less than intelligent AI, until I was transferred, at my insistence, to a human customer service officer. This was no better and I ended up going around in circles and with an ever expanding communication chain. Forget about the missing items. I will not be using Temu again. Re: PO Order PO1971642819906551505 I offer you no thanks for the reply you sent me in response to the review I posted on our recent interactions. The reason is that your reply is unsigned, impersonal. computer generated and totally misses the point of the complaint in my review. Yes, I originally contacted you because of missing magnets in my order, which was delivered on 8 August. But the reality is that my complaint morphed into a censor of your totally inadequate customer communication and response mechanisms, e.g. talking mindlessly to a robot, then when I was eventually transferred to a real human being, finding myself on a merry-go-round of being asked the same questions that the robot had asked and failing to answer in any intelligent way. Consequently, I terminated the conversation and decided not to waste any more of my tie interacting with your totally flawed system. I had suggested the simple solution of you sending me three of the round magnets, which I could then attach to the decals that had been delivered without them. Problem solved. But no! that was all too hard for your mindless, bureaucratic system which wanted to me to play hoopla. No thank you. Fix your awful, user unfriendly customer service communication channels, or you will never hear from me again.",1,2026-08-09T22:41:43.000Z,Negative
Temu,Online Shopping,Warning!!,"Warning!!! Ordering large items from this joke of a company Shocking shocking customer service I tried to cancel an item from this company but they refused! They told me to refuse the collection but Evri dumped it outside my door. Temu are refusing to collect it and so are Evri. I have contacted customer service multiple times and filed several complaints, but nothing has been done. This is completely unacceptable. Customers shouldn’t have to chase a company for over a month just to process a simple return. I expected much better service. Kindly resolve this issue immediately and arrange the pickup without any further delays. I will contact trading standards about this shocking company.",1,2026-08-09T10:00:02.000Z,Negative
Temu,Online Shopping,Evri is destroying their businesses Their BOTS ( Temus) are helping destroy TEMU,The items I’ve ordered have generally actually been good. Temu like SHEIN seem to be under the impression that once they take your money their job is done . The fact they use EVRI who loose and I personally think steal The packages that never get delivered seems to go over their heads. When you do get offered a refund it takes weeks or in my case my bank had too actually call for the refund back to my CC. No emails answered properly No telephone number to call. These companies are run like scams take your money and do not deliver it’s a great business idea NOTE TO EVRI I HAVE GIVEN YOU MY INFORMATION DETAILS 100 TIMES YOU DID NOTHING SO NO I WILL NOT BE PROVIDING MORE,1,2026-08-09T11:41:51.000Z,Negative
Temu,Online Shopping,This is the second parcel the delivery…,This is the second parcel the delivery driver has just thrown over the fence! The gate IS open but no.... he insists on throwing my parcel over a 6 foot high fence!. Just damn lucky nothing was breakable! Not happy!,2,2026-08-09T07:39:33.000Z,Negative
Temu,Online Shopping,I feel like this website is a scam sometimes,"The items on from Temu are very hit and miss as far as their quality. My biggest complaint with this website is that they promise you things like eight free gifts 9 free gifts etc put in writing that there's no way anybody could read conditions. I bought a cat tree from them and then when I put it together it was not as big as far as the size of for the cats as what appeared on the website. When I mentioned this to them they gave me a $3 credit. Wow, that was so generous. Problem is some of their stuff I truly like but is it worth the games? I'm thinking not.",2,2026-08-09T07:34:37.000Z,Negative
Temu,Online Shopping,Expect disappointment,Refund is less than promised. Customer service is a chat-bot that pretends to be human - even lying about it. Expect to receive the worst quality of items - and then expect to still be disappointed when they arrive. Packaging is very poor.,1,2026-08-09T07:32:24.000Z,Negative
Temu,Online Shopping,Often a disapointment - don't select the speed up option,"Re: You already told me that nothing could be done. You made no effort to follow-up with me in any way, even after I reached out directly to customer service. Forcing me to provide personal identifying information for this review could've resulted in my review being deleted had I not done so. I hope you understand why it seems to me like your response has value and seems VERY performative. _ _ _ _ _ _ _ _ _ _ _ _ _ _ _ _ _ _ _ _ _ _ _ _ _ _ _ _ _ _ _ _ _ _ _ _ I ordered a bunch of things and my order hadn't moved. So I selected the speed up feature, I then get a pop up that say they will give a broker my items as soon as they arrive, to speed up the process. This means massive brokerage fees that exceed the cost of my order. Never agreed to this and they claimed they couldn't cancel teh brokerage transfer. So I asked to cancel my order and they said, they couldn't. Most items have to be returned because they're often broken, dirty or don't even work. In my case, I purchase niche items for hair extensions and random things but 60% of my purchases do end up returned, so it's always a gamble.",1,2026-08-09T16:43:37.000Z,Negative
Temu,Online Shopping,Service is poor,Service is poor. Very long wait! Scamming ways of promoting service. They would offer free item but they wanted you to buy tanks of item before they give the offer and when they say you have a discount it’s a scam. It’s not real.,1,2026-08-09T00:50:41.000Z,Negative
Temu,Online Shopping,"All you information gets retained when you delete your account, DO NOT TRUST, JUST DONT BUY FROM THEM","I had a problem with a product that I was returning. They fought me for over a month and a half and gave me temu credit instead of going back to my card. I decided to delete my account, so I asked what information of mine they would retain and for how long, they would not tell me. Do not get involved with this unethical, untrustful company! (ANSWER TO TEMU) They have not followed up on the matter. I asked for what was kept and for how long and they would not answer. Said they put an urgent ticket in to the higher ups to get me an answer, that was 2 weeks ago, there is no answer coming. I filed complaints with government agencies just to cover myself if something happens to my credit or someone steals my identity, I want it in print what Temu is doing. All they have done the last two months is lie to me about a return I had to fight for and they ending up giving me a temu credit instead of cash and now they just keep delaying giving me an honest answer. I CANNOT TELL YOU HOW FRUSTRATED I AM, AND HOW YOU NEED TO JUST STAY AWAY!",1,2026-08-09T10:16:15.000Z,Negative
Temu,Online Shopping,The Life Setter Upper,"OMG, OMG,i love Temu,they can reset your whole life up. Now granted it'll be like 9.5× of of 10 that an item is either wrong or broken. But the way they're set up, you can just get a new one or just get your money back. I love them.",5,2026-08-08T23:48:30.000Z,Positive
Temu,Online Shopping,Should be a negative star review,Should be a negative star review. I bought two different sets of earbuds from two different sellers. I have owned both of these in the past. Same story with both. Fake. Bad fakes. Ran both over with the car which revealed tiny batteries where there was supposed to be a large 18650 in one of the cases. The best part is not only are they fake but none of them would even power on. I don’t know why they bother shipping this useless shit. I hope they get what they deserve for ripping people off.,1,2026-08-08T23:25:53.000Z,Negative
Temu,Online Shopping,I have had numerous lost Tmu says theey…,"I have had numerous lost Temu says they can a refund but only if I wait an additional 30 days from the original delivery date. I received a package so damaged, took pictures and videos and Temu offered me a 19.00 refund of the 65.00 paid for the item. I demanded a replacement and they have gone silent. They never used to be this bad but something has been changed. One of the items not received by the delivery date is saying they have to check with the carrier before issuing the 5.00 credit. They have gotten so bad and I have had enough. I asked them to cancel all my pending orders including the ones that haven't been delivered as I don't trust they will ever be delivered, and again complete silence. No response. Since my post I have had replies from Temu offering assistance. it is good that they took my complaints seriously.",4,2026-08-10T13:07:07.000Z,Positive
Temu,Online Shopping,Havent received my package and I paid…,Havent received my package and I paid fully online every time I contact them they are saying they will e mail and that’s All disappointed and never recommend to anyone,1,2026-08-08T22:28:21.000Z,Negative
Temu,Online Shopping,Popup after popup after popup,With so many promotions popups the anxiety is overwhelming before even purchasing product and then they say item ran out no longer available with promotion. In the end I received the cheapest item of the 3 in the promotion plus it takes forever to get it shipped. China sucks,1,2026-08-08T21:10:33.000Z,Negative
Temu,Online Shopping,I been on the sight like 5 times to get…,I been on the sight like 5 times to get stuff but I can with all the free stuff you get but at the end your charged for them. Never again will I go on temu !!!,1,2026-08-08T20:41:38.000Z,Negative
Temu,Online Shopping,While TEMU has nice things,"While TEMU has many nice things, their shipping couriers are 3rd rate. TEMU uses GOFO courier services. You can't get ahold of GOFO, even by phone even tho they have a number. SpeedX is even closer to worthless. No way to contact them whatsoever. Both are difficult to track. TEMU refunded me when the delivery didn't come on the delivery date and then days later SpeedX delivered. Amazon has Amazon locker. Amazon blows TEMU away.",1,2026-08-08T20:08:54.000Z,Negative
Temu,Online Shopping,not always honest,"i buy from then now and then, the products are o.k , prices good but i won that spinning wheel thing that pops up ,, it said i won free items , said to pick them out , plus pick out 4 items to purchase. i did all that, one paid item arrived nothing else",3,2026-08-08T20:07:05.000Z,Neutral
Temu,Online Shopping,Temu delivery left in unsafe place and stolen!,"I ordered a large item from Temu and on the day it was delivered, it was left behind the bin in front of my house. Very unsafe place and visible to the public. It was subsequently stolen and Temu and the seller are refusing to replace or refund as it was marked as delivered. The item was not cheap and I never requested for it to be left where it was. I have reported to the police and I will be taking the matter further using the Consumer Rights Act 2015.",1,2026-08-08T19:52:49.000Z,Negative
Temu,Online Shopping,False Advertising,"The picture showed actual ""jewels/rhinestones on the blue jean shirt. When I received the shirt, the ""jewels"" were actually ""printed"" on the fabric. Never again!!",1,2026-08-08T19:30:30.000Z,Negative
Temu,Online Shopping,After writing a review about sending…,"After writing a review about sending two builders bags instead of dust sheets, they gave me my money back. I tried ordering items only to find that when they took the money off I still had spend £15 extra to get free delivery what a rip off never use this rubbish again",1,2026-08-08T19:01:41.000Z,Negative
Temu,Online Shopping,Attrocious Temu,"Temu kept on making mistakes when refunding me. First they added to my account as credit, then they tried to transfer the money from the credit on my account to my credit card account. They put it in, but it's showing as pending. Customer services are frustrating.",1,2026-08-08T18:44:25.000Z,Negative
Temu,Online Shopping,They fraudulently represented an item…,"They fraudulently represented an item they sold me as new. The box was re-taped, stainless steel top scratched and the parts bag previously torn open. After serval emails they refused to do the right thing. There solution is for me to return it. They missed the point. They sold me this item under the false pretense it was new. DO NOT BUY FROM THEM!!!!!",1,2026-08-09T08:33:52.000Z,Negative
Temu,Online Shopping,Veto because of the delivery,"Temu will pass the buck for this to Evri but it's disgusting that they use a courier who steal items. All 3 of my split deliveries this week had the wrong photos for delivery, one even being the inside of a car. They take no responsibility for the courier so I have no order and no refund. Whilst I'm terminally ill I rely on these things being delivered. Won't use the site again.",1,2026-08-08T17:39:50.000Z,Negative
Temu,Online Shopping,DO NOT ACCEPT VOUCHERS,They give me a voucher for returning articles. I bought clothes with the voucher which the material was absolutely crap. Then returned them and surprise they only giving back few pounds because it was bought with voucher. No voucher credit back. DO NOT ACCEPT VOUCHERS.,1,2026-08-08T16:49:36.000Z,Negative
Temu,Online Shopping,I purchased several items from this…,I purchased several items from this company when I returned from holiday I had a load of different pictures of a door I have never seen before saying the item was left in my porch I don't have a porch I advised them of this and they told me to contact the carrier which I did but I keep getting a recorded message telling me to contact the sender who are temu I think they think they can steal my money and get me to give up listen you have put on your response on Trustpiolt you will do this and that I have contacted you online you tell me to go to the carrier Everi which I do and I get a recorded message telling me to contact the sender being you then I get cut off hence the reason I have posted on here my next step is my credit card company to get my money back I don't have a porch or patio as it has been claimed that's where my orders were left i have a front door with a doorstep the picture supplied is not of my front door end of,1,2026-08-09T19:38:09.000Z,Negative
Temu,Online Shopping,Unfair dispute handling: Package was handed in full to Speedaf,"I am extremely disappointed with how my return was processed. I returned my order in its original condition and handed the complete package directly to the shipping carrier (Speedaf). However, I was shocked to be denied my refund under the claim that items were missing. I provided all the evidence that the full shipment was dispatched, but customer service refuses to acknowledge responsibility and seems to blame the customer for issues that happened after the package was handed to the courier. This is completely unfair and unacceptable practice. I request an immediate review of my case and a full refund.",1,2026-08-08T15:17:37.000Z,Negative
Temu,Online Shopping,Wow .Initially as there were first starting…,Initially as there were first starting off they were a little bit cheap and some of the things were a little bit jeep and cheerful but now they have up their game and they are providing much better quality stuff for the price don't get me wrong you could probably buy better but you'd be paying like four times the price. What do I like about them they give you refund or credit instantaneously no questions asked as long as You don't take the rise out of them. The algorithm will spot you immediately if you keep sending stuff back arbiterally. And kudos to them .! Lol 2 . If you buy or buy 15 quid worth of stuff they throw in the postage totally for free and return postage is free if it's damaged or faulty or not fit for purpose which means probably faulty. 3 same products on eBay but cheaper very often if not identical. Vs the same quality of course. 4 App is super easy to use once you get the hang of it otherwise use your own PC which is easier to manage any Returns Hope that helps anybody Ross UK,5,2026-08-08T14:43:37.000Z,Positive
Temu,Online Shopping,Slow deliver…,"They used to ship quickly and deliver quickly. There delivery times have become that slow, it would be quicker to row there in a dinghy and pick it up yourself",2,2026-08-08T14:40:34.000Z,Negative
Temu,Online Shopping,Dont order bad deliveries. Dreadful Customer sercice,"Minus one star at least. I have repeatedly contacted Temu about their deliveries beng left anywhere but where they should. They have been dumed in garages at the back, the garden, but mostly rubbish bins despite delivery instructions. Not to do this. My parcel was delivered no notification biin men took it to tip. Full of personalised stuff. Dont order they are not trustworthy. You conatct customer services they havent a clue just generic messages. I got a refund but thats not the point those were gifts personalised and they were just dumped",1,2026-08-08T12:32:35.000Z,Negative
Temu,Online Shopping,Am suffering since 6 month because of…,Am suffering since 6 month because of TEMU Customer Service as they are unhelpfull at all and i already i gave them also here in TRUSTPILOT A lot of times the ticket no. And email and phone number but they did nothing until now .,1,2026-08-08T12:01:38.000Z,Negative
Temu,Online Shopping,After years of using Temu with no…,"After years of using Temu with no problems, I can honestly say I will never use again. I bought a water feature for £100, but unfortunately did not work properly. I bought from UK, as I thought it would be easier to return if any problems, how wrong was I. Temu has made it as awkward as possible to send the item back and clearly do not want to refund. They have sent me a barcode for the return, but no return address. The logistics company they are telling to drop off to, do not accept returns only collection, but temu are saying they can't book a collection. They are doing everything possible to avoid giving a refund for the item. DO NOT BUY ANY HIGH VALUE ITEMS FROM TEMU!",1,2026-08-08T11:46:05.000Z,Negative
Temu,Online Shopping,Temu became unusable.,"Reviews with one star are correct. Recent changes in temu.co.uk made it all bad. Temu is unable to pick up a carrier. Despite the fact that items from China were received in 2 days, in the UK the package isn't delivered at all, with no tracking and false tracking messages. They delivered parcels for a year and were suddenly unable to find the address, though stating that several attempts were made.",1,2026-08-08T11:27:13.000Z,Negative
Temu,Online Shopping,Temu customer service is the worse,"Temu customer service is the worse, they do not listen or check what you tell them",1,2026-08-08T09:38:49.000Z,Negative
Temu,Online Shopping,Customer service can't understand,Customer service can't understand. Simply if item is $1.60 then they charge you $15 it's fraud. It happens a lot and they can't understand. I had orders should be $17 but had $100 plus taken from the bank account I tried to talk to a James Gustavo but he didn't understand anything. And after numerous requests to connect with a senior staff he refused. He also said there's no senior manager in the place. And you sent details of the prices and he doesn't understand. . If you quote a price then charge 5 times more it's fraud,1,2026-08-08T08:02:31.000Z,Negative
Temu,Online Shopping,I always received m'y product in good…,I always received m'y product in good condition a lot of fake review,5,2026-08-08T07:17:52.000Z,Positive
Temu,Online Shopping,Have been waiting on a parcel which…,"Have been waiting on a parcel which should of arrived between 27th and 31sr of july its now the 8th of August and still not delivered even though its been at local depot sunce the 28th of july. I have spoken to Temu several times and i get the same excuses all the time, its waiting on review from ticket raised and its been several days. Avoid Temu at all cost",1,2026-08-08T01:36:11.000Z,Negative
Temu,Online Shopping,What a waste of time complaining about product that was faulty. Cost was about £17.00 but Temu and Klarna are not very good at issuing refund or accepting product faults. Do not purchase from this cowboy outfit. I No refund for faulty product,Product fault When can I get a refund or credit for product that was reported as faulty and poor customer service,1,2026-08-08T16:42:47.000Z,Negative
Temu,Online Shopping,It’s awful,"It’s awful. They play games with you and manipulate you into buying using unethical tactics. For example, you find a product and it claims to arrive in your country in 2 days, then elsewhere it says 16 working days, but once you place the order, it suddenly says more than 50 days! They have zero sense of ethics or morals.",1,2026-08-08T00:06:09.000Z,Negative
Temu,Online Shopping,Utterly appalling customer service,"I purchased a set of 50 coat hangers and when it arrived, I received one. I checked the page from where I purchased it and the pictures show 50, the buttons for the item show 50 and there's no drop down bar to order one, i contacted c/s and the first agent just fobbed me off and cancelled the chat, the second agent showed a lack of empathy, also, and when said I'm considering cancelling my account, he just gave me the link to do so . Other items I received dont match the product advertised on thepage. The c/s is appalling. Order cheap and receive the same level of service. Beyond a joke! Do yourself a favour and avoid the bunch of clowns",1,2026-08-07T21:10:24.000Z,Negative
Temu,Online Shopping,I order from Temu regularly and have…,I order from Temu regularly and have never had any major problems. But since they started using J&T Express for deliveries its been a nightmare! My tracking has been stuck on Out For Delivery for 9 days now and still no parcel. Nobody from J& T Express replies to messages or emails and Temu just tells me to wait longer! If Temu continue to use J&T Express I will no longer order from them.,2,2026-08-07T20:56:54.000Z,Negative
Temu,Online Shopping,I received a green disc with an arrow,I received a green disc with an arrow. Didn't order it and have no idea what you are to do with it. Please explain what it is for,2,2026-08-07T20:21:12.000Z,Negative
Temu,Online Shopping,Taking money not sending items,Terrible company i ordered 4 items. Parcel arrived today. With two boxes sellotape together. Smaller then I expected. Each box had 1 item in there and there wasn't room for anything but the 1 item. I tried talking to customer service to get the other two items sent out quickly. Customer service was useless they said they would ask the warehouse if all the items were there. I showed photos of the boxes and 2 items so they could see there wasn't enough room to put the other 2 items in there. CS didn't care about that. I was told if the warehouse said there was all the items I would not get a refund. This has happened before I had missing items and the warehouse said all items were packed. So yet again they have taken my money and not sent my items.,1,2026-08-07T19:39:49.000Z,Negative
Temu,Online Shopping,Really bad experience with Temu,"Really bad experience with Temu. The website and the app itself feels poorly run, and a lot of the sellers don’t seem reliable at all. The games on there feel completely rigged — it’s hard to trust anything when it seems designed so you never actually win. On top of that, there are some very concerning issues with how they handle devices. Even if you reset your device, it still seems like they track it, and you can’t use another account to play again, which feels really dodgy. Overall, it just comes across as suspicious and not trustworthy. Definitely raises serious concerns about how they handle people’s data — honestly, something like this shouldn’t be allowed in Europe.",1,2026-08-07T19:25:59.000Z,Negative
Temu,Online Shopping,Crap,"Crap, no way you can get a refund. Wont be using temu again. Get more information reading a wet newspaper",1,2026-08-07T18:47:21.000Z,Negative
Temu,Online Shopping,Advertise discounts you can never actually get,"I've ordered from Temu multiple times, and I have never once received an actual working discount — despite being bombarded daily with emails and popups advertising ""50% OFF"" and exclusive coupons. Every code turns out to be off-limits: new users only, already claimed, or fails at checkout. When I checked my account, my coupon history was completely empty — no unused, used, or expired coupons at all. I contacted customer service through their chat and got the standard apologies, but no concrete resolution. If this is how repeat customers are treated while being constantly baited with fake discounts, it's hard to trust the marketing at all.",1,2026-08-07T18:41:05.000Z,Negative
Temu,Online Shopping,I ordered a sofa sleeper and they sent…,I ordered a sofa sleeper and they sent me a flip and f&@#,1,2026-08-07T18:14:08.000Z,Negative
Temu,Online Shopping,Local warehouse,I just want people to be aware of buying from local warehouse on Temu which they are now pushing. I bought a cushion for my deck chair and was sent the completely wrong one. I am house bound at the moment which I explained to Temu & the seller so I was unable to get to the drop point to return it I was offered no help from Temu as they said it was down to the seller & the seller kept putting it back on temu. So be aware if you do buy from local warehouse don't expect any help you are on your own absolutely disgusting customer service The seller is Lanso Casa do not trust them,1,2026-08-07T20:29:37.000Z,Negative
Temu,Online Shopping,You reply to my complaint with contact…,"You reply to my complaint with contact you lmao I did that more than once . And each time no one did anything to help just repeat the same thing over and over . So still nothing is being done no one cares to lift a finger to actually do anything includes the one from Temu commenting on my first review . Temu customer service is appalling Axel Davis has replied Aug. 7, 2026, 10:59 a.m. Dear valued customer, This is Temu Customer Service. We hope this email finds you well. Regarding the issues related to orders PO-037-09361962855030615 and PO-037- 09362018360950615, we have approved your refund request. However, since you have previously initiated a chargeback with your financial institution, the refund will be issued only after the dispute is resolved. Please rest assured that we are actively contacting the financial institution to urge them to resolve the dispute as quickly as possible. We kindly ask for your patience and thank you for your understanding and support If you have any other questions, please feel free to contact us. Best regards, Axel Davis Temu Customer Service Team Your company is a joke. You are a joke. None of you seem to be able to speak English or actually understand reading it because everything I’ve said is gone completely right over your head. I’ve never come across people so stupid in my life you all lack common sense and I won’t be shopping with Temu again one your prices are getting outrageous and to your customer service is crap and you hire unintelligent people",1,2026-08-08T13:53:55.000Z,Negative
Temu,Online Shopping,This company appears fraudlent,This company appears fraudulent. I ordered a green peridot crystal. They sent me a piece of black stone. I returned it in the correct packaging and they denied my refund saying they had sent the correct item. This reeks of fraudulent activity. And I seem to have no comeback.,1,2026-08-07T16:52:09.000Z,Negative
Temu,Online Shopping,Review my feedback I recently left…,Review my feedback I recently left negative feedback for this company and after talking to them as a result of them seeing it we have resolved the problem and I am very happy.I am again and still a happy customer.😁,5,2026-08-07T13:46:49.000Z,Positive
Temu,Online Shopping,I would get 7 out of 10 items I bought…,I would get 7 out of 10 items I bought from them due to the poor delivery service used they would not bring the items to my door they would just dump them in front of my apartment complex the drivers could not speak english so I had to g searching for my items which most of the time would be stolen I complained to them but I would get nowhere but they did offer 20 percent off if I spent more money? so I don't buy anything from them anymore. S. A. Valenzuela,2,2026-08-07T12:28:22.000Z,Negative
Temu,Online Shopping,I ordered 24 bottles of strawberry…,I ordered 24 bottles of strawberry water only received 6 so i put in a request for a refund and was denied so that's £12 gone!! Goodbye temu I'm now going to shut down my account! The order number is po-210-02558378404470015. Ordered on the 3rd August,1,2026-08-08T07:12:48.000Z,Negative
Temu,Online Shopping,I have no received any package but speedaf say you have received your parcel it is fully scam Shipman once call me when I call back…,Shipman once call me when I call back he says your order send you but next day he says your adress is incorrect and send back my order,1,2026-08-09T11:26:38.000Z,Negative
Temu,Online Shopping,This is the worst company to shop with…,This is the worst company to shop with they will not give you your money back when you don't get your order. So I would say to everyone do not shop with this company as they are rubbish.,1,2026-08-07T11:46:13.000Z,Negative
Temu,Online Shopping,MY PARCEL LEFT IN THE STREET! TEMU and EVRI POLICIES to SEND TO and DELIVER TO BUILDING ADDRESSES ONLY???,"In this review I need to mention both TEMU and EVRI, since they are closely linked as the SELLER and the DELIVERY service they use. Given the seriousness of this situation I believe, not just EVRI, but also TEMU has to take responsibility too, for contracting EVRI. I was expecting a parcel from Temu. I had not received information on the delivery day, NOR a tracking number. Yesterday, I got a call from a neighbour who had found the parcel addressed to me in our busy street, OUTSIDE the 34 flat building where we live. The delivery service had not rang my flat via intercom, nor had s/he contacted me via mobile, for me to open the main door. This is not the first time I have EXPERIENCED IT. Once the main door is opened, WITHOUT informing the recipient, EVRI leaves the parcels unattended in the lobby, where at least 100 people (between workers, including cleaners, GPs, nurses, domestic assistants, and family visitors) transit every day. Soon after Evri sends a message saying ""your parcel has been delivered"" I wonder to whom?, trusting what?. DOES TEMU have a policy to send parcels to the BUILDING ADDRESS ONLY? DOES EVRI have a policy to deliver to a BUILDING ADDRESS or to the lobby ONLY? If so, they should informe it to customers. This unreliable delivery service, affects addressees, creates anxiety, and extra work. Do we need to be CHECKING THE STREET, and the ENTRANCE constantly? or providing that one had been lucky that time, RUNNING down the stairs, as soon as they say ""parcel for you"" via intercom. Many parcels have been lost in this way. TEMU should change the delivery service or EVRI CONTRACTS honest, dependeble workers.",1,2026-08-07T11:06:47.000Z,Negative
Temu,Online Shopping,Be careful ordering from TEMU,Be careful ordering from TEMU. I ordered a large supply of various T shirts and clothing. All of them were specific XXXl size. They sent all of them in XL or S size. Now going through the Return process is a nightmare! I will age before I can get any money back. I will just eat the loss but never touch them again. Don't use TEMU and its cheap products.,1,2026-08-07T07:41:37.000Z,Negative
Temu,Online Shopping,Most times they are okay but lately…,Most times they are okay but lately they have been sending the wrong items. They ripped me off on toilet paper because they sent a much cheaper version but charged me for the more expensive stuff I ordered. I’m going to return it but I will never order anything like that again . I’ll stick to clothes; dishes and things for my home. They seem too get confused with items that have lots of different types of things like Charmin Toliet tissue has lots of different types of tissue,3,2026-08-07T07:08:06.000Z,Neutral
Temu,Online Shopping,temu wtf?,bought stuff from temu the first time no problems second time waited 5 weeks for my package it didn't come i waited just to go look and see where they said my package may be lost i requested a refund now i have to pay for a refund where it says it's free which is obviously a scam not recommended and go to takealot or other official websites temu im super disappointed,1,2026-08-07T06:40:01.000Z,Negative
Temu,Online Shopping,HARASSED by Seller / Robotic Customer Service,"When I attempted to return a high-value “Open Box” item, the seller harassed me. They insisted that it couldn’t be returned if it was “used.” I tried to explain that the issue was the seller’s misrepresentation of the warranty problem to Temu Customer Service, but they canceled my return anyway, even though they provided me with the same robotic response: “You need to return for inspection.” To resolve the matter, I initiated a bank dispute, expecting a response and resolution. However, the seller responded with an even more HOSTILE message. The robotic Temu Customer Service provided me with the same “return first” response.",1,2026-08-07T05:07:54.000Z,Negative
Temu,Online Shopping,Biggest scam company ever,"This Company should not be allowed to operate in the United States and should be sued and shut down. They are the biggest scam Company ever and I knew that beforehand but I really wanted this one particular product so bad and they were the only ones that had it so I went ahead and placed the order then one week later I get an email from them that the order was canceled with no explanation then I get another email from them after another week saying you have received a store credit. I don’t want a store credit I want a full refund so then I finally get to customer service on their chat and their representative was so relentless and trying to feed me a line of crap that you couldn’t believe back-and-forth back-and-forth I kept telling them I want a refund. They kept coming back with stupid comments like you didn’t receive the package or you want to return the package and they’re giving me links to how to return the package and to have to go to the post office and I keep going at it with them saying I never received it. Your Company canceled it and back-and-forth back-and-forth and then finally they offered me a refund for only half the amount. Can you believe a Company like this can operate in the United States on such a large platform and be able to and scam people right out in the open like this I went back-and-forth again and finally I got a full refund and then I googled what happened to me and Google AI comes back with that This is a known tactic that they tell their customer service people to try and go back-and-forth with them as much as you can so that they will get so disgusted that they will give up and just walk away leaving the credit or just accepting a half refund. I would never order from them again. No one should ever order from them, and they should be sued and prosecuted to the fullest extent of the law for unethical and unlawful business practices.",1,2026-08-07T04:13:56.000Z,Negative
Temu,Online Shopping,"Today August 6th,b2026 received my…","Today August 6th,b2026 received my shipment, the driver had to park on my driveway due to the heavy rain yet he/she left the parcel on the front step other than placing it at the front door under the canopy. Very disrespectful and inconsiderate. Most of their drivers are courteous insofar as placing the delivery at the front door as they're supposed to and others are like this very bad driver.",2,2026-08-07T03:31:22.000Z,Negative
Temu,Online Shopping,I have had an order and one of the…,I have had an order and one of the stupid drives has delivered my order to the wrong address so will you put the rice by giving my money back?,1,2026-08-07T03:31:03.000Z,Negative
Temu,Online Shopping,I wouldn’t even give them 1,I wouldn’t even give them 1 Star but it made me! I placed an order on 7/5 and the money came out of my account but I never got a confirmation number or order number. So on the 11th of July I messaged customer service. I was told they will investigate what’s going on and why they can’t find my order. So after 3 weeks of arguing back and forth and send in attachments of the proof the money did go to them and all the messages back and forth and they came back with out decision stands. Your order must be under another account and you will have to log into that account for the info! I told them 5 times I infact do not have any other account and the proof of the transaction from my bank! I wouldn’t order from this company! They are crooked thieves! I will NEVER shop here again! I also got 144 of my friends and family to stop ordering from there as well!!!!,1,2026-08-07T00:30:53.000Z,Negative
Temu,Online Shopping,Temu Has Me,"I, like many shoppers, avoided Temu for years because I wasn't sure if it was legitimate. I now regret that. I finally succumbed, and I now use Temu regularly for buying supplies for my craft business. It really can't be beat. They have a huge variety of things at great prices, and for the most part the quality is good. I do think they have far too many wild games and promotions which really are just confusing to use, and are borderline fraudulent. However the price adjustment feature on orders is great. You can request a price adjustment on anything you order for up to 30 days from the time you order it and they'll give it to you, even if you do it every single day for 30 days. This can add up to a lot of credits. If you're going to use Temu, you need to learn how to request price adjustments. My only real complaint about Temu, and this is consistent among many different kinds of things I've ordered from them, they misrepresent the size of things, sometimes in the written dimensions and sometimes what they show in pictures of the product. Usually things are smaller than they say they are. I've learned over time how much to assume they are too small so that I order things that I need in the right size, but it's awkward and they really need to address that. I don't really understand why they take that approach though because most people know what size they need of a particular product and that's what they want and that's what they're expecting. It just leads to returns of items for refunds when you get something that is not the dimensions you need. I'm going to continue to use Temu. I hear people say they're Communist and they steal your data, and all this and that, but I figure data stealing is probably happening with anything I buy from anybody online, and I'm certainly not going to stop shopping online, the economic benefits are too good.",4,2026-08-06T22:12:25.000Z,Positive
Temu,Online Shopping,I spent 6 hours trying to fix being…,"I spent 6 hours trying to fix being overcharged and ended up cancelling the whole order. I will NEVER, EVER buy from this deceptive company again. It's no longer all that cheap for what I buy which is beads. I'm disgusted. Temu claims it needs more information from me. If, after hours of trying to deal with them, the don't understand, there is no hope for them More disgusted than ever. They keep emailing me although I made it very clear that I don't want to hear from them & I would NEVER shop there again. I even unsubscribed but the emails landed in my mailbox anyway. With all the one star reviews they have gotten, they should understand that you can't treat customers badly and expect them to keep buying.",1,2026-08-09T02:12:33.000Z,Negative
Temu,Online Shopping,TEMU.....The Entire Misleading Upstart of a company,"Ive gone through 19 customer resolution specialist for Temu in the last month trying to get a resolution to my issue.....still nothing.....just the same response from all 19 specialists.....sorry, can't help you because your 90 day warranty is up....too bad, so sad......very bad or inexperienced customer service resolution specialists for this company and anyone thinking of buying from them should avoid them at all costs....remember those famous words.....""caveat emptor"" buyer beware......",1,2026-08-06T20:42:27.000Z,Negative
Temu,Online Shopping,"misrepresentation of discounts, no temu staff contact ever","1) I was building an order/invoice to get past $90 in order to get a promised $25 credit when I passed $90. Temu shut the order down after I amassed about $55 so I was shut out from getting to the $90 level needed. Apparently I added $20 of extra items to the order which reached $74 when I stopped because the original credit was no longer offered. I kept this order, but I was upset. 2) When ordering there are some orders that are filled locally and others from China. Apparently only Chinese orders can be pooled for extra credits. The buyer is not told or made aware which items qualify and so a $90 limit may not be reached i.e. ordering can be stopped early. 3) I decided to run up a second large order (PO-037-21921422510711531) and after each item was posted Temu ran a banner that the $90 limit was in effect and when reached a $25 credit would be applied to the whole order. After each item a message even flagged how much more $ had to be purchased to get the $25 credit applied to the cumulative order. Temu’s rolling tactic pushed me to reach $96. A page was displayed to effect/process the whole order and that taxes, shipping (free) and credits would be displayed on the closed invoice to come on the next page. I pushed “submit” and the final sale was consummated without the earlier promised $25 credit. Further, my highest accumulating invoice total had been $96 but the final invoice showed $115 with no explanation for the discrepancy. I was billed for that high unexpected amount when I expected $96 minus $25 for a $71 total. 4) My complaint “Temu” Chat ended up with Temu’s reps in The Philippines (Rose, very knowledgeable), not actual Temu staff. Rose quickly understood the reasons for my call and said she would escalate it (to where?). After an hour I said that if Temu did not contact me by 4PM I would cancel the order. Rose called me at 3:30PM and helped cancel the entire order which Temu had placed into 3 separate suborders (unknown to me). It was not possible to cancel the payment and keep the order on the side for later reprocessing with Temu’s corrections. 5) Rose informed me that not all Temu clients get the $25 credit offer and that she had no way of proving what I was offered during my ordering items, one by one. While she at first said I had been given the $25 credit she quickly acknowledged that the credit I had accumulated came from each item as it was ordered separately. These smaller credits had nothing to do with the promised $25 amount. 6) I had taken about 90 minutes to amass the order, a time-consuming process. Later contacts with Rose ran more than an hour. My time is valuable; Temu had me running around for 3 hours for nothing. The order can be restituted from Temu’s system. I await a call from a senior Temu staffer to resolve Temu’s deceptions not only for me but all Canadians. 7) If Temu does not resolve its fraudulent actions in an expedient manner, I will have no recourse but to contact Canadian government Ministries involved in the control and monitoring of import/export scams of foreign companies.",1,2026-08-09T17:46:40.000Z,Negative
Temu,Online Shopping,Ordered a few products,"Ordered a few products, and got a free gift. A small printer. Got my order but no free gift [ printer ] they told me because it was a gift they cannot sent it instead they gave me a £ 3.65 credit , BE AWARE",1,2026-08-06T18:37:35.000Z,Negative
Temu,Online Shopping,Deception of Free Gifts,Total deciete - Promise free items which then need a final item at a fixed price to release. These items are then not released as apparently not enough stars have been collected which means you overpay for 1 item. Totally avoid at all costs,1,2026-08-06T18:05:57.000Z,Negative
Temu,Online Shopping,taxes higher than the order!?,"I placed an order for 130 lei, and the taxes were 125, total order 239. wtf?!",1,2026-08-06T17:49:47.000Z,Negative
Temu,Online Shopping,Fraud with payment and refusal to issue a refund,"Fraud with payment and refusal to issue a refund I paid for the orders (numbers: PO-208-02557330063992068 and PO-208-21369273726072068), and moreover, the goods were shipped without the right of inspection. When the need arose to get a refund, the company flatly refused to transfer the money back to my bank card from which the payment was made. Instead, they try to forcibly hold the money on the platform's internal balance or demand strange details for questionable transfers. Customer support engages in outright fraud and ignores consumer protection standards. The case has already been handed over to the bank to initiate a Chargeback procedure. Be careful with this marketplace—getting your money back in case of problems is practically impossible.",1,2026-08-06T17:36:47.000Z,Negative
Temu,Online Shopping,⭐️ 1/5,"⭐️ 1/5 — Extremely disappointing experience My experience with Temu was absolutely terrible. I feel that many of the advertisements and offers on this platform are designed more to push customers into buying than to provide a transparent and fair shopping experience. The supposedly amazing prices, constant discounts, limited-time offers, and various promotions can make you feel like you’re constantly being pressured to purchase. In my opinion, it’s very difficult to trust this platform. If you’re thinking about buying something, make sure you carefully check the actual price, return policy, additional costs, and reviews from other customers before paying. Personally, I’m extremely disappointed with my experience and I do not recommend Temu.",1,2026-08-06T17:31:15.000Z,Negative
Temu,Online Shopping,Happy with Temu,I am really suprised with how many unhappy customers are on this web site leaving reviews and that has not been my experience as yet. I have bought quite a bit of home accesories and crafting bits and overall have been very pleased. The quality of some is better than others. When a refund is required due to damage also no issues yet but I have not bought anything like clothing which may be more problematic. I have also avoided anything with a LONG delivery date and used the Local Warehouse for items that are cheaper there than other websites. Delivery has always been quick. Items I would avoid are Paper sheets and anything which might bend because everything is together in one plastic bag. Some recent ceramic items have been carefully boxed. I do think the photography on some items is enchanced but overall I have had some absolute bargains and some good quality items. I also use cash back website and have had some issues with that tracking but nothing that has not been sorted.,4,2026-08-06T16:14:51.000Z,Positive
Temu,Online Shopping,Temu is good there delivery companies…,Temu is good there delivery companies are awful . J&T express is the worst one they have used The only loser will be Temu as closing account.,1,2026-08-06T16:05:05.000Z,Negative
Temu,Online Shopping,Do not buy silver jewelry from temu,"Do not buy silver jewelry from temu. I have shopped on temu for many years and have been quite satisfied. I was looking for silver bracelets or rings so I looked here. Out of the 8 bracelets I purchased, despite them saying s925 silver, only one was truly silver. The others were silver plate, not mentioned in their ad. A magnet will not stick to real silver. I did receive refunds for all that were not silver but will not buy again. The vendors who advertise pure silver when it's not should be kicked of their site.",3,2026-08-06T15:34:14.000Z,Neutral
Temu,Online Shopping,ABSOLUTELY DISGRACEFUL CUSTOMER SERVICE,ABSOLUTELY DISGRACEFUL CUSTOMER SERVICE CAN'T SEEM TO UNDERSTAND WHAT I AM TLING THEM!!!!,1,2026-08-06T12:52:44.000Z,Negative
Temu,Online Shopping,Great variety & custom items—but read the reviews!,"I give Temu 4 stars because the sheer variety of items is incredible. Shipping is usually quite fast, though be aware that items sometimes arrive in recycled or ""rented"" boxes to save space.It is absolutely excellent for household items. The makeup selection has also really impressed me; I have received fantastic mascaras, lippies, shadows, and high-quality face creams. Best of all, I have successfully ordered custom-made embroidered blankets, pillows, and jerseys for my favorite sports teams three years in a row!The only major downside is that clothing sizing can be off, even if you carefully check the seller's measurements. You definitely need to take the time to read seller ratings and reviews before buying, and keep an eye out for paid reviews. Prices have gone up recently, but that is happening everywhere. Overall, it is highly recommended if you shop smart.",4,2026-08-06T12:04:06.000Z,Positive
Temu,Online Shopping,murderous demons,Honte à la Chine Jieyong ! Torture et mise à mort d'animaux. Chien torturé et brûlé vivant. Shame on China Jieyong ! Torture and killing of animals. Dog tortured and burned alive. #JusticeForWangWang #BoycottChina,1,2026-08-06T09:30:52.000Z,Negative
Temu,Online Shopping,❌ Avoid Temu,"❌ Avoid Temu! Huge scam with ""local warehouses"" and delivery times!!! I want to warn everyone against buying on Temu because what they display under their products is pure manipulation and misdirection. 1. The mythical ""Local Warehouse"" and 2-day delivery Promises of 2 working days delivery or shipping from a ""Local Warehouse"" are an absolute fantasy. In reality, everything comes from China. There is absolutely no way the delivery frames shown under the products are realistic. The truth is: The package travels from the other side of the world, and the actual waiting time is a week or even longer. The best part? You only find out where it's actually shipping from after you pay. 2. My personal experience I ordered a pair of trainers that were supposed to be in a local warehouse with promised 2 working days delivery. What actually happened? Exactly what I just mentioned—they shipped them directly from China. I've been waiting for 5 days now, and they are still in transit. 3. The worst possible duo: Temu + Evri To make matters worse, they use Evri for delivery—hands down the worst courier out there, who is never on time. My other parcels are constantly delayed because of them too. Honestly, it’s just a complete waste of time. Summary Comparing Temu’s service to Amazon is like switching from a Mercedes S-Class to a Fiesta. Total disappointment. Don't waste your time!",1,2026-08-06T09:11:30.000Z,Negative
Temu,Online Shopping,The customer service is just terrible,The customer service is just terrible. There is something not right about the sellers practices and if trustpilot needs proof I have photos. They always ask for you to verify your rating. Sellers are offering low prices then when you buy multiple they don't ship and never respond. Then you click on your item and it's priced so much higher. I think temu and it's sellers are definitely shady. And holding money up to gain interest in their banks. Because if you do get refunds it's never interest or the full amount back. They Shell out credits and you gave to spend even more to use them. It's a rat race. No more overseas online buying for me. . They tried to give me back twenty bucks back out of 38.00 . Just terrible.,1,2026-08-06T03:49:33.000Z,Negative
Temu,Online Shopping,Time and time again,"Time and time again, misleading catalog and price advertisement. About fifty percent chance of getting the correct item that you ordered. If you buy from TEMU, make sure it's something cheap or desposable. EDIT, Response to TEMU. Its great that you have made returns so convenient, but the issue is having to use the service time and time again making it impossible to trust the advertisement, the quality and receiving the correct product in a timely manner. In my opinion the main focus of TEMU should be focused to resolve the issues before a return or exchange is needed by the customer.",1,2026-08-06T13:05:20.000Z,Negative
Temu,Online Shopping,Absolutely shocking,Absolutely shocking. Will never buy anything from Temu again. They have that many pop ups and free spins that you can’t get to the product you want to buy. When you do get what you ordered it is so cheap and nasty and still not what you wanted to buy. Scam! Scam! Scam! They should not be able to sell any products. It’s criminal! ☹️,1,2026-08-06T02:53:06.000Z,Negative
Temu,Online Shopping,I mean out of all the online delivery…,"I mean out of all the online delivery websites to order from this is a Go To every time. Shein, AliExpress and pretty much every other online delivery service is a no brainer to not waste your time or money on. Temu seems to always get the job done Fast and always with a price that cant be beat. ill give my respect where its respected. Thumbs up and very recommended from me.",4,2026-08-06T02:00:46.000Z,Positive
Temu,Online Shopping,I was brought two identical dresses in…,"I was brought two identical dresses in different sizes . The larger size was smaller and totally different colours. Showed them photos and they said return via evri . We used Royal Mail as don’t have evri shop . Temu cancelled Royal Mail so can’t return. So they won’t it’s broken and they won’t help . They say send back by evri hope you understand. Also got a light that won’t work , got the same reply. So selling faulty goods but unless you have evri they won’t help . Kept saying don’t have evri . They won’t listen. So will now not be using this company unless it’s sorted. Shame I can’t add photos or their correspondence.",1,2026-08-07T15:56:02.000Z,Negative
Temu,Online Shopping,Doesn’t even deserve one star,Doesn’t even deserve one star Shocking company with appalling customer service they never solve issues then block your account when you attempt to complain diabolical company 5 months ago they sent the same response below and we are no further forward in resolving the issue,1,2026-08-06T07:26:03.000Z,Negative
Temu,Online Shopping,Erroneous billing,"I started a purchase, but never confirmed it. I was then debited 48.12 and 63.47. These ""purchases"" do not show up on my TEMU account under history. I contacted them and couldn't get a live person. The chat was useless. I then had to block them from my bank, so this is the last time I will order from them. NOT RECOMMENDED.",1,2026-08-05T20:40:04.000Z,Negative
Temu,Online Shopping,Refused refund for poor quality,Ordered some so called cotton boxers when delivered they where so thin and not as discribed when I reached out to customer services the refund was refused this was not in the description when purchased Please DO NOT BUY FROM TEMU,1,2026-08-05T19:33:50.000Z,Negative
Temu,Online Shopping,Terrible Customer Service!!,"Terrible Customer Service!! It has been over a month, and I’m still waiting for someone to collect my return item. I’ve contacted customer service multiple times and filed several complaints, but nothing has been resolved. Every time I follow up, I get the same response: “Someone will contact you to arrange the pickup.” Yet no one ever does. This is completely unacceptable. Customers shouldn’t have to chase a company for over a month just to process a simple return. I expected much better service. Kindly resolve this issue immediately and arrange the pickup without any further delays.",1,2026-08-05T19:33:17.000Z,Negative
Temu,Online Shopping,Temu emailed me wanting me to video…,Temu emailed me wanting me to video product solar light which had a fault.It was put in bin and collected.Beware there expensive solar lights dont work.,1,2026-08-05T18:51:40.000Z,Negative
Temu,Online Shopping,Delivery was okay,"Delivery was okay, items were less than impressive, at least they aren't missing.",2,2026-08-05T18:14:34.000Z,Negative
Temu,Online Shopping,I will never purchase from Temu again.,"I will never purchase from Temu again. I ordered 10 dresses, and every single one was extremely poor quality. The fabric was thin, see through, and nothing like I expected. Because none of them were acceptable, I returned the ENTIRE order using Temu's prepaid UPS return label exactly as instructed. I personally verified that all 10 dresses were in the package before sealing it, reinforced the package with additional tape, and personally dropped it off with UPS. Temu acknowledged receiving my return by issuing a partial refund. Then they claimed that five dresses were ""not found"" in the returned package and refused to refund the remaining $44.97. I returned all 10 dresses. I no longer have any of them. If something happened after I properly returned the package using Temu's own return process, that should not become the customer's financial responsibility. What makes this even worse is that Temu has never provided any evidence supporting its claim. No photographs, no package weight upon receipt, no inspection documentation, nothing. They simply denied part of my refund and expected me to absorb the loss. I have now spent weeks gathering documentation, locating UPS receipts, filing disputes, and wasting countless hours trying to recover money that should have been refunded from the beginning. No customer should have to fight this hard after following the return instructions exactly. This entire experience has completely destroyed my trust in Temu. Saving a few dollars is not worth the risk of being forced into a lengthy dispute over a properly returned order. There are too many other retailers that stand behind their return process and treat their customers fairly. Temu has permanently lost my business, and I cannot recommend shopping with a company that handles returns this way. AVOID!!! These thieves should not be in business! UPDATE: In reply to Temu's automated response, I HAVE contacted them. They refuse to help. I am waiting for PayPal to refund me. Temu does not care about their customers, they are CROOKS.",1,2026-08-06T13:25:42.000Z,Negative
Temu,Online Shopping,NEVER BUY,"I genuinely bought a set of bras from there and within 3 months they ripped, which sucked because I really liked them, the material was cheap. never buy from here.",1,2026-08-05T16:39:05.000Z,Negative
Temu,Online Shopping,Temu thinks if they give you $5 for a…,Temu thinks if they give you $5 for a late delivery that replaces a refund because if it’s late you are never going to receive it. I have been waiting over 3 weeks for an order that has not had any movement in shipping in over 10 days. This is nonsense. Don’t ever order from them. I don’t intend to again. On 8/6 they refunded me. Still wouldn’t order from them again though after not receiving 2 different orders.,1,2026-08-06T11:31:58.000Z,Negative
Temu,Online Shopping,My package never arrived,"My package never arrived. Evri Delivery driver delivered the package at the wrong address and upload the photo which is not my address or not my Door photo. It was a random wall photo where the package photo was taken. I complain to Customer service to Temu But they keep sending me the same photo as the evidence and keeps saying that it was delivered. We were not even home when the delivery was showing and I had written 10 emails to Temu And send them several photos of my address, and my door to prove that delivery was not made to me, but they close my case. They did not give me a refund and they did not do anything. They have the worst customer service.",1,2026-08-05T15:59:03.000Z,Negative
Temu,Online Shopping,Excellent experiences with TEMU. Thoroughly recommended,"Excellent experiences with TEMU over the past 12 months. Multiple clothing purchases and 100% satisfaction rate for ease of ordering, updates on delivery and the whole shopping experience. Thoroughly recommended 👍",5,2026-08-05T13:00:58.000Z,Positive
Temu,Online Shopping,Now into week 3 of trying to get this…,Now into week 3 of trying to get this resolved. I said at the start I didn’t want credit I wanted a refund to my card as I have no intention of using Temu ever again. You have sent me the same email over and over again saying refund would be credit forcing me to have to spend it on your website. NO not happening. You have already stated that the seller is not responding to you like they didn’t with me and yet you are still not sorting out this issue. Temu is a complete con. Call you a valued customer and have no idea what that actually means they don’t care about the customer at all.,1,2026-08-05T12:51:50.000Z,Negative
Temu,Online Shopping,Awful deterioration of price and service,"This was a really great platform. Something's gone horribly wrong in the last 6 months though. Prices doubled at least on many products. And in the UK they've now engaged a courier (J&T Express) who don't even have a fully working delivery network! They are accepting delivery commitments without actually knowing how they'll deliver. And the tracking updates make it look like they DID try to deliver and you REFUSED to take the parcel!!! Absolute shocking downfall of service levels, Prices up, penny-pinching on delivery, and there's NOTHING you can do about it because couriers are unresponsive, and can't get your money back from TEMU until it's horribly overdue. I hope they fix this, but I feel that the consumer is just getting crapped on yet again in the name of profit.",1,2026-08-05T10:53:28.000Z,Negative
Temu,Online Shopping,I ordered a socket and Ratchet set and…,"I ordered a socket and Ratchet set and took 2 weeks to arrive.What i got was a cheap automotive scanner not what I ordered. What I read up about this company is lots beware and corruption. Misleading customer's of free this and that crap stealing IP addreses ,putting extra charges on bills. I would stay far away from these cons.",1,2026-08-05T06:11:52.000Z,Negative
Temu,Online Shopping,YET ANOTHER SCAM EMAIL,"In a desperate attempt to get my bank details they're lying that my basket has been updated,I have never bought from Temu and never will, free gifts, £20 off vouchers ,it's all nonsense.",1,2026-08-05T02:56:57.000Z,Negative
Temu,Online Shopping,Please be aware I placed an order total…,Please be aware I placed an order total £50 items were delivered I did not receive the order I contacted customer services only to be told repeatedly that my order was delivered successfully they showed me a photo of the delivery which was obviously an ally way nothing like my property or area I live in they refused to replace items or refund me I will never shop with Temu again disgusting,1,2026-08-05T02:11:57.000Z,Negative
Temu,Online Shopping,Stick to Ali Express,"Never accept gifts by purchasing a certain amount, you'll never get them only buy what you want. Just checked order and surprise no gifts. An update, I added the app to gain gifts they say so my last two orders were on my app. Added items like the promotion asks and the items I've had are the items paid for. Confusing or mistaken on my part but am I the only one who experience this? Sticking with bargains and quick delivery and bin the gifts. Update, I actually received a text today to claim gifts you pick because they're free. Does add credit back to be added so you do end up spending. Fed up now so uninstalled app and said bye.",1,2026-08-07T17:25:19.000Z,Negative
Temu,Online Shopping,"Occasionally good, mostly awful","Ive used Temu a few times, you can get some decent items from there. It's a chinse marketplace, so you get knockoff goods, some poor quality stuff, but also get access to some decent stuff too, at prices which are reasonable. Any problems, and returns and refunds are simple. Until they're not. I recent bought an item that was not as described at all, and went to complain. I was offered a £10 voucher, which could be used to take the price off any £10 spend. Thats ANY spend. I accepted it. It was £3 less than my items value, but i was able to keep the item (which i have since binned because it was more useless than i thought). So I checked some items I wanted, added them to my basket. Knowing there was a £15 minimum spend. I got £15 of items... and got told I still needed to spend £10. Because my voucher removes the payment BEFORE checkout, so checkout does not meet £15. Bit of a scam for a refund aint it? my refund of £10, is now locked behind me needed to buy £25 of items, and spend £15 of my own money. So I have to give them 150% MORE than my refund, to get my ""goodwill apology"" I complained, and got given an upgraded £15 credit voucher. Which I added, and went to my basket... now I need to spend £15 more. because my voucher wiped out before checkout again. So its not credit, its a scam to get me to give them more money. I explained this again, and how I'm pretty sure that offering a refund that is then paywalled, must break some sort of laws. I got sent a breakdown of how lucky I am to receive offers and coupons from them, and they're sad that my coupon didnt meant my expectations, but to keep looking out as they give new coupons daily. Again, this was not a bonus coupon, it was meant to be a refund! I told them again, and got told sadly there is nothing they can do. I now have no coupon (timed out whilst waiting for an answer, because you only have 48 hours to use the refund coupon, probably to force you to rush into a nonsense purchase) and I cant refund the item anymore, because it's already been processed for its one off bonus refund (which was the lame voucher)and even if i could, once I was told to keep the item and I'd get the voucher, the item was binned Like I said, I've had good experiences with the company. Plenty of useful items for the house, that are genuinely cheaper than other options. But this experience has just left me uninstalling the app, not that its stopped them from sending me 10 texts and whatsapp messages daily.",2,2026-08-04T23:18:50.000Z,Negative
Temu,Online Shopping,Don't buy if you need it urgently,If you need something fast watch what you are buying I ordered a garden hose on 31st July and I have discovered it won't arrive until 10th September yet there was no mention of this excessive delivery time at the time of purchase,1,2026-08-04T20:49:49.000Z,Negative
Temu,Online Shopping,super easy Service de livraison,"Bonjour, merci d'avoir fait vos achats chez nous et d'avoir partagé votre expérience 5 étoiles! Votre feedback nous est extrêmement précieux, car nous nous efforçons constamment d'améliorer la qualité de notre service. Si vous avez besoin d'aide, n'hésitez pas à nous contacter via Temu.com ou le chat en direct de l'application Temu. Meilleurs vœux, l'équipe Temu",5,2026-08-04T19:31:49.000Z,Positive
Temu,Online Shopping,"Dishonest practices, fake empathy, and refusal to refund missing items (Order PO-053-05166624174713029)","I ordered a package (Order PO-053-05166624174713029) via cash on delivery. Upon opening the intact parcel, several paid items were completely missing from the shipment. When I contacted customer support, they repeatedly refused to verify the actual weight of the package at dispatch versus delivery. Instead, they kept sending automated copy-paste template responses, hiding behind vague statements like ""our records show everything was packed correctly."" After I posted an initial warning, their support team reached out to me with fake empathy, pretending they wanted to resolve the issue and asking for details to fix it. However, right after I provided the requested information, they simply rejected my claim again using another scripted response! This is a deliberate exhaustion tactic to scam customers out of money for goods that were never delivered. Zero customer care, zero transparency, and absolute disregard for consumer rights. I am now filing an official complaint with the European Consumer Centre (ECC). Stay away!",1,2026-08-04T19:04:53.000Z,Negative
Temu,Online Shopping,wish I could give no stars,"wish I could give no stars, they have started using Inpost for the deliveries and guess what they have lost the package but worse than that they are saying it was collected from the locker. Contacted customer services who require a photo of nothing in a parcel locker, complete idiots the lot of them",1,2026-08-04T19:01:02.000Z,Negative
Temu,Online Shopping,Do not order from then I've been…,Do not order from then I've been waiting on a package for 29 dam days still have not arrived. I rather shop off of shein they deliver as promise very missed off,1,2026-08-04T19:00:56.000Z,Negative
Temu,Online Shopping,I placed two orders each saying I had…,"I placed two orders each saying I had eight free items, but I had to buy something for $5 on one and $8 on the to get the eight items free. I did that. I received both items I paid for, and one teeshirt each for the two orders where I was supposed to get eight free items. Where's the rest of my two irders?????????",1,2026-08-04T18:58:03.000Z,Negative
Temu,Online Shopping,Happy to shop with TEMU,"I have bought a lot of things from Temu, and really happy with them. Yes some things ain't great and can come across a bit misleading, but is that not due to not reading discrimination properly? If I dont like it I just return them and get my refund straight away. I am more than happy to buy from TEMU 😃",5,2026-08-04T17:33:44.000Z,Positive
Temu,Online Shopping,We placed an order in April and paid in…,We placed an order in April and paid in full. We have tried cancelling and getting our money back and just receive standard non-committal responses. We have now issued a county court online money claim. Their stuff may be cheap but customer service is non-existant. Read Temu reply - much the same non-committal nonsense as before. They've had all the info they're asking for. Our patience is exhausted and we will let them answer to the court.,1,2026-08-05T07:38:28.000Z,Negative
Temu,Online Shopping,Useless talking to AI robots to sort…,Useless talking to AI robots to sort issues out asking me the same s h i t e repeating myself . They just a fraud no help what so ever . Finally got to speak to someone and they were helpful instead of talking to robots so annoying this AI stuff . well had a message yet again and telling me the same rigmaroll basically love wasting my time as usual . Want the money but don't like when you complain of how some of the products are not as described . Avoid .,1,2026-08-05T10:54:12.000Z,Negative
Temu,Online Shopping,I ordere some shorts and received rubbish,"I ordered some shorts that I didn’t receive. But received a jet bucket washer, 2 round signs and a jet washer that fits on hose pipe. Message sent to Temu . You only get one chance to make a good impression you failed. GOODBYE",1,2026-08-04T13:15:15.000Z,Negative
Temu,Online Shopping,DO NOT BUY ANYTHING FROM TEMU.,"Hello, thank you for your feedback! Temu is an e-commerce company that connects consumers with a network of merchandise partners, manufacturers and brands with the mission to empower consumers to live their best lives. Customer satisfaction is of the utmost importance and we are constantly working to improve our service quality. If you need further assistance, please message us through Temu.com or Temu app live chat. Best wishes, Temu team",1,2026-08-04T08:32:14.000Z,Negative
Temu,Online Shopping,Free shipping on orders over $30,"Free shipping on orders over $30. Ordered 6 of one color rechargeable wine bottle lamps. Added 2 of a different color and was charged for shipping on those. Cancelled that part of the order. Since you are not shown an invoice before they run the credit card, you have to go through the refund process. Seems like it would make sense to be able to approve the transaction before paying. I would probably have added more items to the second order to get free shipping.",2,2026-08-04T04:39:02.000Z,Negative
Temu,Online Shopping,Temu is a scam,"Temu is a scam I got charge with $25.57 for the 5 items that they said is for free plus 4-5 small items on top of the 5 free items. I bought another 9-10 items and got charge $64,69 and i also bought few more small items and got charge $12,30. The thing is they gave me over $200 cash but i have to spend a few items for me to get that $200 and i did but i got nothing after i bought all of that. I still dont see the main items that i have order.",1,2026-08-06T08:53:04.000Z,Negative
Temu,Online Shopping,if i could give zero I would.,if i could give zero I would.. bought a pack of 4 outdoor solar security lights and within 4months of use 3 have failed.. 1 failed within 4 weeks. that one I received a partial refund for. The other 2 have failed within the last 2 weeks. response from temu and seller? well they lasted 4 months so that ok by us.. shit company to deal with As for the Temu reply .. well I tried that but your word for helping getting the situation resolved is worthless.,1,2026-08-04T13:05:10.000Z,Negative
Temu,Online Shopping,Very misleading,Very misleading. New customers are under the impression that they are receiving “free credits” when in actuality when they go to check out their shopping cart the company asks for a credit card. I had to cancel several items and request refunds for things my teenage daughter purchased. It’s not worth the headaches as they take their time to reimburse you.,1,2026-08-04T02:00:09.000Z,Negative
Temu,Online Shopping,The site told me 4 free gifts I picked…,"The site told me 4 free gifts I picked 4 free gifts spend at least 15 pounds i did they sent 1 free gift its a scam they try and fob me of with 12 pound credits people TEMU IS SCAMMING YOU ALL . I've got the whole conversation photoed can and will share if you ask me but look on face book and other social media for the whole conversation it won't let me put photos on here its a SCAM Look on trust pilot will post all on there they pushed me round 3 operators all with the same response people avoid Temu there are better places than this scam you talk about stars your stars are not that good 3.3 out of 5 I can see that getting worse your not just scamming uk but all over the world Australia, New Zealand to name 2 more countries where your doing the same scam people not going to put up with poor rating and reviews on there way. 50 people have viewed in 1 day i hope all 50 dont use your scam company I hope i get over 1000 views and they all leave your scam",1,2026-08-04T20:35:28.000Z,Negative
Temu,Online Shopping,Sent the goods bank over a month ago…,Sent the goods bank over a month ago still waiting for a refund,1,2026-08-03T23:05:17.000Z,Negative
Temu,Online Shopping,Can I give them a ZERO ?,Can I give them a ZERO ? I chose some clips that I wanted to buy. They played the spin game - said I got 100% off with free shipping. I spun the stupid thing again and it said x6. So the website told me to pick 6 free items. I went through this hassle - then I tried to check out and it said minimum $40 order. So they offered everything FREE - BUT I HAD TO SPEND $40 to get some $5 clips. THIS TEMU SHOULD BE SHUT DOWN BY OUR FEDERAL GOVERNMENT,1,2026-08-03T22:15:21.000Z,Negative
Temu,Online Shopping,UNFAIR & MISLEADING PROMOTION! Temu refuses to honor $60+ Farmland rewards!,"I spent a whole month completing the Farmland game by inviting 15 NEW USERS to Temu. Once I completed 100% of the requirements, Temu claimed my chosen items were ""out of stock"" in the game interface. HOWEVER, all 4 items are CURRENTLY IN STOCK in my cart on their app, totaling 97.43 AZN (~$57)! When I provided screenshot proof of the items being available in my cart, Support Agent Austin offered me an insulting 10 AZN (~$6) compensation and tried to force me to accept cheap, unwanted alternatives. This is a clear ""Bait and Switch"" tactic to exploit users for free referrals without providing the promised rewards. I demand full credit of 97.43 AZN for my cart items or I will continue escalating this publicly across App Store and Consumer Rights portals! Ticket ID: 1785757529014511 UPDATE (FINAL NOTICE): Temu has ignored the 24-hour deadline. Official fraud reports have now been escalated to Apple App Store Safety and the Better Business Bureau (BBB). Support agents previously admitted capability to issue credits by asking for screenshots, but are now refusing to honor $57.30 earned by bringing 15 real users. Avoid this fraudulent app! Ticket ID: 1785757529014511.",1,2026-08-08T09:15:38.000Z,Negative
Temu,Online Shopping,TEMU is a BIG SCAM & FRAUD!!.,TEMU is a BIG SCAM & FRAUD!!. With there promotions for paying YOU the client to paypal payout. My wife did a LOT of TEMU & they promest payout to her paypal acount NEVER resived anything. Talked to a help desk DID nothing !!!. NOW i know they will react to this BUT let me just say in for hand TEMU DON'T BOTHER we have your IP & adres!. BUT even that is a TOTAL cover up FOR what is really going ON!. ALL they want = 1 Your Money 2 Your data AND the rest lour YOU the client IN to buy more of there BS. Murteandice THAT is so dangerous IT could KILL you in the end !!. SO TEMU & everybody that works there to help TEMU grow. I hope you get what the grimreaper got :P i dont know what it was BUT he aint here anymore iff ya get my drift . AND dont bother awnsering to this reveuw BECAUSE you know what you are A BIG SCAM & FRAUD componay !!!. I hope you will have a nice couzy place in hell for your hole fam to,1,2026-08-03T21:36:01.000Z,Negative
Temu,Online Shopping,I have a returned package from June 21…,"I have a returned package from June 21 that has been delivered to Temu Company since June 21 and is now August 3, but I am still in the process of searching for the package and has not been refunded yet. When I complained, I only got the response that I was waiting to find the package :) there was no deadline for handling the case, I felt like a scam",1,2026-08-03T20:15:34.000Z,Negative
Temu,Online Shopping,Temu has harassed me leave me alone I do not have help from my US government if I had I would have taken you to court so long ago cease and desist,"SUBJECT: FINAL DEMAND: Immediate Cease and Desist / Settlement Dear Temu, I am writing to issue a final attempt to resolve this matter before taking formal public and legal action regarding your ongoing misconduct, contradictory statements, and continued contact despite my explicit requests. To be clear: Contradictory Statements & Lack of Accountability: Your team’s story has continuously shifted, demonstrating a clear refusal to own up to standard protocol failures and mistakes—a dynamic documented extensively in public reporting on your organization’s escalation practices. Inadequate Remedies: Offering a $3.17 ""good faith"" credit—an insultingly nominal amount that does not even cover basic shipping, let alone address the scope of the issue—is entirely unacceptable and fails to demonstrate genuine good faith. Continued Harassment: I have repeatedly asked your company to cease contact, leave me alone, and close this issue. Your refusal to respect a simple cease-and-desist request, paired with aggressive attempts to gaslight the situation, has escalated this into outright harassment. My Position: I have been willing to walk away, but your actions have made that impossible. Consider this your formal notice: Cease Unsolicited Contact: Stop contacting me with empty rhetoric, moving goalposts, or insulting offers. Proper Resolution: Either present a meaningful, realistic resolution that accounts for the stress and disruption caused, or honor my request to close this matter entirely and cease all communication. If you choose to continue harassing me rather than resolving this or walking away, my immediate next step will be to post the complete, unedited record of this interaction—including all emails, dates, contradicting agent statements, and your $3.17 ""good faith"" offer—across major social media platforms, consumer watchdog review sites, and standard regulatory outlets (such as the Better Business Bureau and State Attorney General). Use this as a learning case for how not to treat customers, and direct your escalation management team to respond accordingly. Sincerely, Jacqueline Lewis 4372 Beaverton Circle Loganville Georgia,30052 You have only to the end of the day to respond and to proceed with what you promised that you were going to do and if not I promise you that I will not stop until something has been done about this and I mean every avenue that I can go down and fulfill my commitment to me I will no longer stand around in allow you guys to abuse me to harass me even after you have robbed me you have unauthorized purchases with my credit card you have false advertisement which I have proved time and time again you have a carrier who stole my product and you refund the product but you fell to fix the issue knowing that your customer waited a long time for that product and was not given a promise that you promise of late would be $5 given to your customer you did not honor your own mandate I have had enough and I will not stop until I plastered all the information that you have sent me every last one of the management team's names who emailed me time and every issue that went before myself and your service agents showing that you are not willing to answer any questions that I've had and you are not willing to resolve this matter in a timely time I have had it enough this is it you only have to the end of this day to honor what you said you were going to do do it and cease and desist just matter walk away o",1,2026-08-06T21:10:59.000Z,Negative
Temu,Online Shopping,Temu,"Temu, If I could give you 🌟🌟🌟🌟🌟🌟🌟🌟🌟🌟🌟 I would, You website sells literally everything, TEMU U THINK OF EVERYTHING AMAZINGLY 🌈 Your quality of products are PERFECTO,Your prices are very REASONABLE , 🙏 YOU MAKE IT AFFORDABLE FOR PEOPLE & YOU EVEN ACCEPT KLARNA CLEARPAY HOW BRILLIANT TEMU 🌈 Your delivery's, are PROMP PROMPT, 🌈 Thankyou TEMU STORE & STAFF 🌈🌞🧡",5,2026-08-03T16:01:17.000Z,Positive
Temu,Online Shopping,"Classic bait and switch, the desperate low lifes...","First time I used these scammers today, and I encountered the most carefully constructed, cynical, and vile, bait and switch scam. Choose 3 free gifts they say... but they are not really free, and there aren't really 3 of them... After spending ages picking the 3 alleged free gifts and even though I had already spent over £100, I was told I had to buy something to qualify, so I bought something, and I qualified for just 1 free gift, then I was told to buy something else to qualify for the next free gift, so I did, but then I was told I had to buy MORE to qualify for this second free gift... at this point I realised that I had been scammed, and that Temu are absolutely despicable. As I said, before I entered into this scam, I had already spent over £100 on a product, so in future, if I want anything again, I would rather pay more and get it from anywhere else. Temu, you're so sharp that you'd cut yourselves! You could have gained a valuable and loyal customer, but for the sake of a few bits of cheap trash, and a few quid, you have lost far more profit than you could imagine! Had you actually JUST SENT the free gifts that I chose, instead of baiting me with them, and switching to trying to get me to spend more and more, I might have thought you were a great bunch, but now I think you are desperate low lifes! Good people, take my advice, and that of most reviewers on here, steer well clear of these horrible people. And before some copy and paste fake named Temu rep responds to this review, I already chatted to your useless customer support, told them all of this, and they said: ""Dear customer, I sincerely apologize for the issue you've experienced. I completely understand how you feel, I would feel the same in your situation. We truly appreciate your valuable feedback, and we've taken note of it to help us improve our service.🥺🙏🏼"" They 'completely understand how I feel' and they 'WOULD FEEL THE SAME IN MY SITUATION', but all they can offer is insincere patter and total BS... In other words they're saying, 'oh, we know full well we scammed you, and we don't actually give a damn, poor you'! THEY ARE AMORAL AND CYNICAL SHORT SIGHTED SCAMMERS!",1,2026-08-03T14:36:04.000Z,Negative
Temu,Online Shopping,Nothing wrong with the products,"Nothing wrong with the products. Biggest disappointment is the delivery time. When I order from Amazon it takes around 3 days to delivery. Temu is around 3 weeks minimum. Seeing as they advertise stores in Australia, this seems extremely long 😑",3,2026-08-03T12:48:31.000Z,Neutral
Temu,Online Shopping,Quality and scams,Some stores on temu have high quality stuff. It's an app you need to learn to navigate and I wouldn't automatically diss it. Things though need vast improvement: 1- The delivery service in my country! If you want to receive your parcels at home you need to pay extra. Worth it completely or you will spend hours in traffic jams and have nowhere to park while queuing to get your parcel. 2- A PIECE OF ADVICE: Never play the games where you are supposed to get free gifts or any other game. You will never get what you're going for. NEVER. IT IS AN UNFORTUNATE SCAM! You will only lose more money. 3- appeal to their customer service for all issues,4,2026-08-03T12:35:43.000Z,Positive
Temu,Online Shopping,Total scam beware just because cheap prices doesn't mean it's good,I have ordered a few times before after the first time I don't expect things to come as pictured today I made a new order then a wheel popped up to spend for credits I try then I was told I won a $150 credit a list of it for me to pin from then came up I pick a few it's and it gave me a few new orders my debit card still has these charges even after I've cancelled them,1,2026-08-03T03:11:16.000Z,Negative
Temu,Online Shopping,Oh dear.,"Oh dear. scammed by Temu. After downloading the app on to my phoneI was delighted to see that I had unlocked four free gifts from a choice they gave me. All I had to do was select my freebies and buy something of a certain value. This I did. Then the scam rolled in, my purchase got me one free gift. To get the other three I would need to make three more purchases. Not liking this kind of sales scam I removed the app andwont be falling for that again. Not a good look Temu, dont take people for fools.",1,2026-08-02T23:11:30.000Z,Negative
Temu,Online Shopping,Did everything to receive free gifts…,Did everything to receive free gifts and yet no free gifts..,1,2026-08-02T22:47:08.000Z,Negative
Temu,Online Shopping,DO NOT SHOP OR BUY FROM THE TEMU…,"DO NOT SHOP OR BUY FROM THE TEMU WEBSITE! DO NOT BUY! DO NOT BUY! THE APPLIANCE DAMAGED MY FLOOR, AND TEMU HAS BEEN GIVING ME THE RUNAROUND SINCE 25 JUNE ORDER ID: PO-210-13870034422390369 MAIN TICKET ID: 1782391393210902 DATE REPORTED: 25 JUNE 2026 I DO NOT RECOMMEND EITHER THIS PRODUCT OR THE WAY TEMU HANDLES SERIOUS COMPLAINTS INVOLVING PROPERTY DAMAGE. AFTER THE FIRST AND ONLY NORMAL USE OF THE SUPERLEX STEAM MOP ON MY KITCHEN VINYL/PVC FLOOR, CLEARLY VISIBLE WHITE, CLOUDY AND MATT PATCHES AND MARKS WERE LEFT BEHIND. THE APPLIANCE WAS USED EXACTLY AS INTENDED, WITH THE STANDARD FLOOR ATTACHMENT AND USING ONLY CLEAN WATER. NO CLEANING PRODUCTS, CHEMICALS, FRAGRANCES OR OTHER ADDITIVES WERE USED. I REPORTED THE CASE TO TEMU ON 25 JUNE 2026. SINCE THEN, I HAVE PROVIDED NUMEROUS PHOTOGRAPHS, A VIDEO RECORDING, A DETAILED DESCRIPTION OF HOW THE APPLIANCE WAS USED, A PROFESSIONAL ON-SITE INSPECTION, A TECHNICAL OPINION AND THREE SEPARATE QUOTATIONS FOR THE REPLACEMENT OF THE FLOOR. INDEPENDENT PROFESSIONALS CONFIRMED THAT THE UPPER PROTECTIVE LAYER AND GLOSS OF THE VINYL FLOORING HAVE BEEN PERMANENTLY DAMAGED BY THE HOT STEAM AND THAT THE MARKS CANNOT BE SAFELY REMOVED THROUGH CLEANING, POLISHING, SANDING, RESIN OR A PROTECTIVE COATING. THE ONLY RELIABLE SOLUTION IS THE COMPLETE REMOVAL AND REPLACEMENT OF THE ENTIRE KITCHEN VINYL FLOOR WITH A NEW ONE. PARTIAL REPLACEMENT IS NOT SUITABLE BECAUSE THERE IS NO WAY TO GUARANTEE A MATCH IN COLOUR, PATTERN, GLOSS AND LEVEL OF WEAR. DESPITE ALL THE EVIDENCE AND PROFESSIONAL QUOTATIONS PROVIDED, TEMU CONTINUES TO DELAY THE CASE. DIFFERENT CUSTOMER SERVICE REPRESENTATIVES KEEP ASKING ME FOR INFORMATION THAT I HAVE ALREADY PROVIDED AND CONTINUE TO SEND THE SAME GENERAL RESPONSES STATING THAT THE CASE IS BEING REVIEWED, THAT THEY ARE AWAITING FEEDBACK AND THAT I WILL BE NOTIFIED. SINCE 25 JUNE, THERE HAS BEEN NO SPECIFIC RESOLUTION, NO CONFIRMATION THAT TEMU WILL COVER THE FULL COST OF REPLACING THE DAMAGED FLOOR AND NO SPECIFIC DEADLINE FOR CONCLUDING THE CASE. I HAVE ALSO ASKED TEMU TO PROVIDE AND CONFIRM THE FULL LEGAL DETAILS OF THE COMPANY RESPONSIBLE, THE CORRECT ADDRESS FOR SENDING A FORMAL LETTER BEFORE CLAIM AND COURT DOCUMENTS, AS WELL AS THE DETAILS OF THE SELLER, MANUFACTURER, IMPORTER AND RESPONSIBLE ECONOMIC OPERATOR IN THE UNITED KINGDOM. I REQUIRE THIS INFORMATION SO THAT I CAN COMMENCE COURT PROCEEDINGS AND CLAIM COMPENSATION FOR THE DAMAGE CAUSED. HOWEVER, TEMU STILL REFUSES TO PROVIDE OR CLEARLY CONFIRM WHICH LEGAL ENTITY THE CLAIM SHOULD BE BROUGHT AGAINST. THIS TREATMENT IS COMPLETELY UNACCEPTABLE. A PRODUCT PURCHASED THROUGH THE TEMU PLATFORM CAUSED REAL AND SERIOUS DAMAGE IN MY HOME. INSTEAD OF TAKING RESPONSIBILITY AND RESOLVING THE PROBLEM, THE COMPANY HAS FORCED ME TO WASTE AN ENORMOUS AMOUNT OF TIME WRITING COMPLAINTS, COLLECTING EVIDENCE AND REPEATEDLY COMMUNICATING WITH CUSTOMER SERVICE. THE CASE HAS ALREADY BEEN REPORTED TO CITIZENS ADVICE CONSUMER SERVICE, TRADING STANDARDS AND THE OFFICE FOR PRODUCT SAFETY AND STANDARDS (OPSS). IF TEMU CONTINUES TO FAIL TO PROVIDE A SPECIFIC RESOLUTION, REFUSES TO COVER THE FULL COST OF REPLACING THE FLOOR AND FAILS TO PROVIDE THE NECESSARY LEGAL INFORMATION, I WILL SEND A FORMAL LETTER BEFORE CLAIM AND COMMENCE COURT PROCEEDINGS. I DO NOT RECOMMEND THIS APPLIANCE. I WARN CUSTOMERS NOT TO USE IT ON VINYL, PVC OR OTHER SENSITIVE FLOORING. DO NOT BUY ANYTHING FROM TEMU! DO NOT BUY! DO NOT BUY! DO NOT BUY FROM TEMU! NAME: KUNKA KUNCHEVA ORDER ID: PO-210-13870034422390369 MAIN TICKET ID: 1782391393210902 DATE REPORTED: 25 JUNE 2026 DO NOT BUY ANYTHING FROM TEMU! DO NOT BUY! DO NOT BUY! DO NOT BUY FROM TEMU!",1,2026-08-02T21:07:39.000Z,Negative
Temu,Online Shopping,Very bad they promise to give 9 gifts…,Very bad they promise to give 9 gifts but they only give 3 gift this is unfare,1,2026-08-02T20:44:55.000Z,Negative
Temu,Online Shopping,I wish I could give negative stars zju,"I wish I could give negative stars to this company! I ordered almost $300 and stuff, but they sent it to my old address. And they kept on sending it no matter how many times I corrected them and tell them they were sending it to the wrong place. Not only did they send it to the wrong address but since I no longer live there they were left on the road and somebody picked them up and stole them and the couple that they actually threw over the fence were destroyed by the dogs of the people who live there now. This is a horrible company. If you wanna take your chances that you'll actually get stuff when you send them their money go ahead but I've already played that roulette",1,2026-08-02T19:51:44.000Z,Negative
Temu,Online Shopping,It would be zero stars if I could this…,It would be zero stars if I could this company are a scam and im so annoyed at myself to trust them I returned an order and never got full refund they say items where missing they never received it Beware they are scammers,1,2026-08-02T19:22:11.000Z,Negative
Temu,Online Shopping,A wall unit was apparently tried to be…,"A wall unit was apparently tried to be delivered at 1.50 today. A message said sorry I missed you. No , you didn’t miss me , you never bothered to try and deliver it! Bloody sham company, sham delivery service!",1,2026-08-02T18:51:31.000Z,Negative
Temu,Online Shopping,Scammer's Paradise,"Based on my personal experience, I cannot recommend shopping on Temu. Shipping often took much longer than expected, and several of the items I received did not match their descriptions or the photos shown on the website. When I contacted customer support to request returns or refunds, I was frequently encouraged to accept store credits or discounts toward future purchases instead of receiving a straightforward refund. I also found many of the promotional offers, including some advertised as ""100% off,"" to be misleading and not nearly as beneficial as they initially appeared. While Temu may offer lower prices, the small savings were not worth the delays, inconsistent product quality, and frustrating customer service I experienced. If you value reliable shipping, accurate product descriptions, and dependable customer support, I recommend purchasing from more established retailers instead. For reference, some of the orders associated with my experience include: - Order #PO-211-18587916252793414 - Order #PO-211-19876462080633414 - Order #PO-211-14378797363833414 - Order #PO-211-18587958195833414 This review reflects my personal experience and is intended to help others make an informed purchasing decision before placing an order.",1,2026-08-02T18:26:05.000Z,Negative
Temu,Online Shopping,The excellent products and pricing,The excellent products and pricing. But now my account has been suspended for disputes All disputes have been resolved or terminated by my bank. Please reinstate my account.,5,2026-08-02T17:05:16.000Z,Positive
Temu,Online Shopping,The promotion thing is a scam don't…,"The promotion thing is a scam don't know how they get away with this, and why Temu is charging 3.69 euros for import fees when it's 3 euros per item. It's not worth buying from when import fees are more expensive than the items I bought",1,2026-08-02T15:15:23.000Z,Negative
Temu,Online Shopping,This whole scenario with Temu has been…,"This whole scenario with Temu has been a nightmare from start to finish. Still no answers and all they do is send the same message repeatedly. They are the most incompetent people to deal with and it is about time Colin Haugh who owns Temu did something about the total incompetence these people who he employs are allowed to give out to customers. I am not surprised at all the negative reviews on here as I am sorry to say they are all accurate of this company. Just read their reply, it is a joke. They are so unprofessional when dealing with customers. Absolute JOKE",1,2026-08-03T13:25:22.000Z,Negative
Uber,Ride Sharing,,"Waited 1.5 hrs on the Uber app for a ride. After several messages of ""searching for a driver"" , 1-14 minutes, we're nearly there don't log out as you could go to the back on the queue, driver locate... See more",1,2026-08-09T10:11:47.000Z,Negative
Uber,Ride Sharing,,I will never request a ride again due to a horrible Uber driver named Jeffery. On July 28th I requested a Uber XL to take my elderly mom to a doctors appointment. The driver shows up in a crabby van... See more,1,2026-08-09T15:51:36.000Z,Negative
Uber,Ride Sharing,,I do not wanted to give one star even. this my second time I am experiencing the same problem again and again. The driver is simply accepting the trip without thinking they can make it. They don't giv... See more,1,2026-08-09T16:56:45.000Z,Negative
Uber,Ride Sharing,,I pre-booked a XXL and last minute they sent XL car which doesn't fit all the members in the group. Stranded with no options end up using that car to send young and elderly people and rest had to use... See more,1,2026-08-09T10:29:34.000Z,Negative
Uber,Ride Sharing,They are not at all responsible…,They are not at all responsible drivers. It’s not only uber but lift and Hopp all are hopeless. I booked a ride at morning 7:30 bcoz I had a meeting at 8:00. My distance was 20 mts from home. I was waiting for him it was almost 8:00 and this driver Arif arrived when asked why so late he said he went to Tim Horton for coffee. It’s so ridiculous felt to punch on his face. Also they cancel whenever they want without any reason and uber deduct fine from our account. Basically it’s a thread to take ride private rides.,1,2026-08-11T14:25:04.000Z,Negative
Uber,Ride Sharing,Account,Hi Uber is not good .please dont trust account my account 1 year and 7 month £47.96p,1,2026-08-11T13:53:27.000Z,Negative
Uber,Ride Sharing,"""It’s very easy to follow and provides…","""It’s very easy to follow and provides all the information you need, which gives you the confidence to take the ride.""",5,2026-08-11T13:26:17.000Z,Positive
Uber,Ride Sharing,Nice and clean car,Nice and clean car. Driver drived safetly.,4,2026-08-11T12:06:21.000Z,Positive
Uber,Ride Sharing,Tried to order an uber,"Tried to order an uber, for 15 min they couldn't find a driver so I cancelled and they charged me £5 for cancelling. Never again",1,2026-08-11T11:19:05.000Z,Negative
Uber,Ride Sharing,We were in Krakow four days and we used…,"We were in Krakow four days and we used Uber for transfers. Always on time, clean cars, friendly and skilled drivers. Big thank you 😊",5,2026-08-11T10:45:06.000Z,Positive
Uber,Ride Sharing,Uber submitted claim to my insurance…,"Uber submitted claim to my insurance for an incident that never occurred, due to rider providing false information. Now I’ll have go back and in get my insurance cleared up.",1,2026-08-11T06:11:51.000Z,Negative
Uber,Ride Sharing,Absolutely terrible customer support…,"Absolutely terrible customer support experience with Uber. I lost an item during a trip and was trying to confirm whether an item the driver found was actually mine. Uber sent me an email asking me to confirm the item, but there was no message or picture visible, so I had no way to identify it. I spent hours trying to get a clear answer through support. I was repeatedly told that my request would be transferred to a “specialized team,” with no clear explanation of what that meant or how long I would have to wait. I specifically asked whether I needed to keep checking the app or whether someone would contact me, but still couldn't get a straightforward answer. The final support agent acknowledged my concern, repeated the standard warning that Uber and the driver aren't responsible for lost items, and then closed the chat while I was still trying to get an answer. That felt incredibly dismissive and rude. I understand that Uber cannot guarantee recovery of a lost item, and I wasn't asking them to magically find it. I simply wanted to confirm whether the item was mine and understand what I was supposed to do next. Instead, I was transferred around, left waiting, and ultimately had the conversation closed without resolving the actual issue. For a company of Uber's size, this is an unnecessarily frustrating customer support experience. The problem isn't just the lost item, the lack of clear communication and the way the support interaction was handled is what made this experience so bad.",1,2026-08-10T23:16:52.000Z,Negative
Uber,Ride Sharing,A huge disappointment,"I was sorry to have to write such a negative review. I opened a new Uber account which I have now deleted. The first taxi ride was positive with being on time and a friendly driver. Then I booked a taxi and the driver never showed yet they still tried to charge me. Customer services kept me going round in circles and then simply ignored the issue so I blocked them from any further transactions and deleted the account. My advice avoid , look elsewhere or at local companies instead.",1,2026-08-10T22:10:17.000Z,Negative
Uber,Ride Sharing,The customer service is terrible,"The customer service is terrible, I have been waiting 2 hours for a delivery while online to the chat if I cancel it they said I will be charged £10 I have asked for the complaints procedure and to cancel my uber one account every time I do so they end the chat",1,2026-08-10T20:49:02.000Z,Negative
Uber,Ride Sharing,Uber app is easy to use with efficient…,Uber app is easy to use with efficient results. The drivers were professional and personable. Great experience!!,5,2026-08-10T17:31:06.000Z,Positive
Uber,Ride Sharing,Avoid,Uber one is a joke...customer services is absolutely terrible....cancelled my account...won't use again..... And uber eats couldn't care less.....,1,2026-08-10T16:13:21.000Z,Negative
Uber,Ride Sharing,"Hi, it's Uber. We want to discuss your cars extended warranty...","How many texts and emails do you need to actually send to people. My phone won't shut up between the two. I can't wait to uninstall it. If you want to keep your new customers, consider that. The actual usage of the app is also annoying. We had a driver cancel a ride on us before they arrived to get us. Being new to the platform we didn't know what happened right away so we panicked. After realizing, we readjusted. It would have been easier if the app told us that the driver gave up (like 2 streets away from us).",2,2026-08-10T14:14:03.000Z,Negative
Uber,Ride Sharing,Ridiculous,"Very disappointing experience with Uber. Drivers put in long hours and spend money on fuel, maintenance and running costs, yet the pay for many trips feels ridiculously low. The fares often don’t seem to reflect the time and distance involved. Uber needs to start paying drivers fairly and value the people who keep the platform running.",1,2026-08-10T11:36:56.000Z,Negative
Uber,Ride Sharing,I would score 0 if possible,"I would score 0 if possible, placed request told confirmed then 5 minutes later told bust and they cancelled this happened 4 times whilst price increased every time. All cancelled by them.",1,2026-08-10T09:48:30.000Z,Negative
Uber,Ride Sharing,Insufficient refund system,"After my money was unrightfully deducted I was refunded only in UBER credits, not directly to my bank account.",2,2026-08-10T09:01:57.000Z,Negative
Uber,Ride Sharing,**Very disappointing Uber experience in…,"**Very disappointing Uber experience in Istanbul** I have been a regular Uber customer for **more than 10 years**, but this was one of the most disappointing experiences I have ever had with Uber. I booked a taxi through Uber and the fare shown in the app was **138 TL**. However, the driver demanded and took an additional **300 TL** from me. Uber still charged the normal **138 TL** through the app, meaning I ended up paying an extra 300 TL directly to the driver. What made the situation even worse was **Uber Customer Support / Ceylan **. I contacted them expecting help, but they did not resolve the issue or provide any meaningful assistance. After using Uber for more than 10 years, I expected much better customer protection and support. This experience seriously damaged my trust in the service. I expect Uber to properly investigate the driver, take appropriate action, and refund the **300 TL** that I was forced to pay. There are CCTV cams in these Cars you can easily look for the truth.",1,2026-08-10T08:44:39.000Z,Negative
Uber,Ride Sharing,Charged $67 for 1 km and three minutes in the car,I made an error and booked following a link sent by Uber. This link sent me directly from Auckland airport back to Auckland airport. It was very obviously an error because who drives from the airport immediately back to the airport. Uber charged me $67 for this and we’re not interested in discussing any sort of refund. There’s nobody you can speak to and this type of customer relations is unacceptable in today’s world. I’ll be ordering a direct taxi in the future,1,2026-08-10T08:17:39.000Z,Negative
Uber,Ride Sharing,Horrible account security and even worse customer support,"Uber locked changes to my account over an unexplained $50 USD charge. I repeatedly told them I believed it was related to a fraudulent gift card transaction I had reported in April, which my bank fortunately blocked. Instead, Uber Support repeatedly claimed the $50 was for a trip on a day I didn't use Uber, in USD even though we're in Canada and I haven't been to the US in two years. There was also no record of this supposed trip in my Uber history. I asked 7 times for basic details about the transaction. Instead of answers, I kept receiving generic responses telling me they were happy to help and that I simply needed to pay the $50 to unlock my account. Eventually, I had to call Uber's emergency support number just to speak with someone who would actually investigate. The charge was finally removed after their security team determined my account may have been accessed illegitimately. They suggested someone had obtained my login credentials, despite my account already having a complex, randomly generated, unique password and 2FA. Then Uber contacted me again and finally confirmed what I had been telling them all along: the $50 was the fraudulent gift card purchase from April that I had already reported. It was never a trip. The fraud itself is concerning. The fact that my bank protected me when Uber didn't is worse. But spending hours dealing with support agents who repeatedly gave me incorrect information and asked me to pay a fraudulent charge was what really destroyed my confidence in Uber.",1,2026-08-10T05:20:24.000Z,Negative
Uber,Ride Sharing,Appalling customer service and customer support…,Appalling customer service and customer support. App sent driver wrong address was charged cancel fee and trip fee and sidnt use the service had to organise another ride. No help from customer service or support. Do not recommend ising uner and will not be using in the future.,1,2026-08-10T05:19:23.000Z,Negative
Uber,Ride Sharing,All of our drivers were on time and…,All of our drivers were on time and very pleasant. We traveled from Friday 8/7 /26to Sunday 8/9/26 morning using uber and it was great. Thank you to all of our drivers,5,2026-08-09T23:33:22.000Z,Positive
Uber,Ride Sharing,Total waste of time,"Total waste of time, continued possible prices to which noone arrives",1,2026-08-09T22:22:41.000Z,Negative
Uber,Ride Sharing,Uber left us STRANDED on 8/9 after we…,"Uber left us STRANDED on 8/9 after we paid and scheduled a 6 passenger to Pittsburgh airport from Vandergrift, PA. Its a 1.5 hour trip and not ez to find a driver last minute.",1,2026-08-09T22:02:06.000Z,Negative
Uber,Ride Sharing,Stupid app won't accept my Discover…,Stupid app won't accept my Discover card. It 1000% works anywhere i go but with Uber app. LYFT IS WAY BETTER!!!!!!! You don't have to fund the wallet!!!!!!,1,2026-08-09T21:58:46.000Z,Negative
Uber,Ride Sharing,The Uber driver stole my daughters…,The Uber driver stole my daughters belongs and didn’t drop them off after he was booked to.,1,2026-08-09T21:29:16.000Z,Negative
Uber,Ride Sharing,I am not even ready to give 1 star…,I am not even ready to give 1 star also. They have a pathetic service. I lost 15000 product in Auto and when I tried through app to call the driver no response. In Uber support they didn't provide me driver number saying it's privacy. I even shared my number on app. But still no use.,1,2026-08-09T19:28:41.000Z,Negative
Uber,Ride Sharing,The drive so far are great and on-time…,The drive so far are great and on-time service also feel safe and secure.,5,2026-08-09T17:37:51.000Z,Positive
Uber,Ride Sharing,I do not wanted to give one star even,"I do not wanted to give one star even. this my second time I am experiencing the same problem again and again. The driver is simply accepting the trip without thinking they can make it. They don't give any priority for the customer time. Each trips are scheduled according so many other plans. If one loose, everything going to be messed up. Very bad experience from Uber again and again.",1,2026-08-09T16:56:45.000Z,Negative
Uber,Ride Sharing,No more Uber rides for my family,I will never request a ride again due to a horrible Uber driver named Jeffery. On July 28th I requested a Uber XL to take my elderly mom to a doctors appointment. The driver shows up in a crabby van and tells me that he only has room for 1 passenger. Then he tells me that he is dismissing me! Unprofessional scam artist. I never should have been charged a cancellation fee from the jerk. I ordered a vehicle for 4 passengers not 2 passengers.,1,2026-08-09T15:51:36.000Z,Negative
Uber,Ride Sharing,Great service from August 5th through August 9th,All the drivers have been on time and very courteous and helpful,5,2026-08-09T12:24:19.000Z,Positive
Uber,Ride Sharing,Rude and Inadequate Uber customer Service,"I pre-booked a XXL and last minute they sent XL car which doesn't fit all the members in the group. Stranded with no options end up using that car to send young and elderly people and rest had to use public transport to reach destination on time to attend pre-booked event. When called customer care no empathy what so ever and they disconnected the call mid-way through the discussion suggesting they can't do anything and I have to rebook on my own descretion. When tried to raise this issue through chat option also, case being closed without any explanation or solution. I used Uber before many times but I see their customer service standards are going down to rock bottom as they are growing into monopoly in this field. Really bad experience and bad customer service. Similar experiences to few of my friends as well, pre-booked taxies got canceled last minute and struggled to reach airport to catch flights. Probably people need to raise their voice and teach this rude company a lesson. #NOUBER",1,2026-08-09T10:29:34.000Z,Negative
Uber,Ride Sharing,Waited 1.5 hrs on the Uber app for a…,"Waited 1.5 hrs on the Uber app for a ride. After several messages of ""searching for a driver"" , 1-14 minutes, we're nearly there don't log out as you could go to the back on the queue, driver located & seen on msp then disappears. Absolute terrible situation. Would give zero stars if possible.Nothing turned up ' ended up walking. Absolute joke. Location Beccles. Date 4/8/26.",1,2026-08-09T10:11:47.000Z,Negative
Uber,Ride Sharing,App so easy and reliable,App so easy and reliable. Drivers always courteous and efficient,5,2026-08-09T08:21:15.000Z,Positive
Uber,Ride Sharing,uber refunds,"even though i was confused when uber took out a subscription im sure i cancelled, they did give me a very quick refund ! i think they should focus on sending notifications out when the membership is being renewed so customers know to cancel! nothing bad to say about the actual app tho , very nice drivers !",3,2026-08-09T06:11:59.000Z,Neutral
Uber,Ride Sharing,Urber been taking subscription out…,Urber been taking subscription out without my permission I done cancelled it when I want to check on a ride and I don't use them I end up using Lyft. Days later I'm getting charged can't talk to a live person they was doing it with one card now my other card. Sucks,1,2026-08-09T01:45:11.000Z,Negative
Uber,Ride Sharing,Terrible Service,"Terrible service. My driver never showed up for my booked ride and when I called him he hung up on me. I then had to pay a portion of the sum I paid to UBER, for being left in the lurch on the street. A single woman alone. I missed my train home as a result, and I paid about 4 pounds for the pleasure. Unacceptable.",1,2026-08-09T13:20:03.000Z,Negative
Uber,Ride Sharing,Over all a good service but what I…,Over all a good service but what I think s*cks is that they charge $20 for the return of an item that was mistakenly left in the Uber. I don't feel that's right to do that. Especially an elderly person that's cell phone came out of their pocket and they realized they didn't have their phone the moment they stepped out of the vehicle. Common courtesy and kindness has left this world a long time ago.,3,2026-08-09T01:04:29.000Z,Neutral
Uber,Ride Sharing,Don't turn up when requested,Don't turn up when requested. Advise in minutes then cancel ride,1,2026-08-09T00:54:29.000Z,Negative
Uber,Ride Sharing,Overall,"Overall, my experience was okay, but why is it becoming much more expensive as demand increases?",3,2026-08-09T00:22:44.000Z,Neutral
Uber,Ride Sharing,Destination Reliability Slim & Drive Concern Is Not About The Passenger! They’ll Leave You Where Stranded No Matter Your Protest Or Fear!,"I am posting this review to warn others about Uber’s complete disregard for passenger safety and their refusal to take responsibility when a driver abandons a rider. On August 5, 2026, my Uber driver dropped me off at an incorrect address at a stranger's house instead of my requested destination, stating she needed to leave to pick up her own daughter. Despite my physical disability (ankle hardware) and severe distress, I was left stranded on foot in an unfamiliar neighborhood early in the morning. Rather than addressing this critical breach of safety, Uber’s support system has repeatedly sent canned, automated denials. They have refused to issue a full refund back to my original payment method for an incomplete trip—which total included a pre-selected $30 tip—and instead attempted to dismiss the situation by offering useless internal app credits ($5 and $30 ""Uber Cash""). Drivers who abandon passengers at unconfirmed locations should not retain fares or tips, and customer support should not rely on automated scripts to dismiss serious safety violations. I will never use Uber's services again, and I strongly caution anyone—especially individuals with physical limitations or safety concerns—against relying on this platform.",1,2026-08-08T21:13:57.000Z,Negative
Uber,Ride Sharing,Uber won’t cancel my membership as you…,Uber won’t cancel my membership as you have to have an account with them and they won’t let me cancel as they have no record. That’s what uber does they let people down by lying saying they will help. It’s disgraceful and unprofessional,1,2026-08-08T20:22:29.000Z,Negative
Uber,Ride Sharing,Worst assistance ever,Worst assistance ever. It doesn’t exist,1,2026-08-08T19:36:31.000Z,Negative
Uber,Ride Sharing,Uber steal your money even when looking…,Uber steal your money even when looking at a menu. I wouldn't recommend them. Thieves. Unauthorized transactions.,1,2026-08-08T19:26:00.000Z,Negative
Uber,Ride Sharing,It’s very loaded,"It’s very loaded, too much with the deliveries And rides on it. It’s fine",4,2026-08-08T19:03:49.000Z,Positive
Uber,Ride Sharing,"This is for Uber driver app,so Uber is…","This is for Uber driver app,so Uber is so racist,they do that like an art ,discrimination, harassment, different rates for same job, favoritising some drivers, keep you hours waiting for jobs,no one to help when you need,most of jobs are underpaid,very low rates,Uber is total disgrace,if you are a taxi driver don't sign with them you will be sorrow,local taxis a lot better than Uber be aware on these cowboys",1,2026-08-08T18:16:36.000Z,Negative
Uber,Ride Sharing,Great service,The service was on time,5,2026-08-08T15:21:04.000Z,Positive
Uber,Ride Sharing,The cab booking was assigned to driver…,"The cab booking was assigned to driver Samrajkumar, driving vehicle TN12U9255. After accepting the booking, the driver called me and asked for extra money. When I refused and asked why he had accepted the booking if he was not willing to come, he said ("" chii vai di phone ah "") behaved in a very rude and disrespectful manner. He used abusive words and disconnected the call. How does Uber appoint drivers who have no respect or professionalism towards passengers like this? I raised a complaint, but no serious action has been taken against the driver. You may say that you will make sure this driver is not connected to my future bookings, but how does that make things right? This issue is not just about me being matched with the driver again; it is about the way the driver behaved and spoke to me. If there was an option to upload the audio recording along with this review, I would definitely have uploaded it as evidence.",1,2026-08-08T15:15:54.000Z,Negative
Uber,Ride Sharing,Never trust this service..,Never trust this service... They charge more than what is shown in the app before the trip. They charge lot of money after the trip. It's a fraud. Please don't use this service. I lost my money through multiple rides.,1,2026-08-08T15:11:09.000Z,Negative
Uber,Ride Sharing,Driver initially engaged,Driver initially engaged Was polite but spoke briefly Car ride was pleasant and comfortable,4,2026-08-08T14:42:17.000Z,Positive
Uber,Ride Sharing,Drivers were punctual and friendly.,Drivers were punctual and friendly.,5,2026-08-08T14:29:44.000Z,Positive
Uber,Ride Sharing,Driver never showed and I still got charged,"Driver never showed. I got charged a cancellation fee of 6 Euros which I didn't pay. Now they won't accept any of my reservations unless I pay the 6 Euros. I won't pay the 6 Euros because I refuse to be cheated. So, now I am taking taxis and ordering food from the competition which is working out well. They are losing lots of business over 6 Euros. Too bad for Uber:",1,2026-08-08T14:25:10.000Z,Negative
Uber,Ride Sharing,Bloody useless,Bloody useless. Took my money for an order and I patiently waited. Only to be told after an hour of waiting that they cannot assist. So much for packing my order etc. bloody liars,1,2026-08-08T11:07:21.000Z,Negative
Uber,Ride Sharing,Uber sent a driver when we did not call for one,The Uber App somehow called for a ride I didn't need and almost charged us a fee for keeping the driver waiting. We were changing flights in Bogota Columbia and I looked at my phone and it said we were to meet the driver for a ride to the local mall. We had to board for a flight to Lima in 30 minutes! I canceled and became extremely angry.,1,2026-08-08T07:51:22.000Z,Negative
Uber,Ride Sharing,Uber and their drivers are Dishonest,"I requested a ride yesterday morning at a low price of $17. A driver accepted the ride. Moments before the driver was to arrive, they cancelled the ride. I then had to find a new ride, which ended up costing over $27. The same driver accepted it and showed up. Is this legal? Uber doesn't seem to care. They say a driver can cancel for any reason. So I guess the reason the driver cancelled after accepting was that it wasn't enough. Uber allows this. That is shady practice. There should be a class action lawsuit against Uber and for it's practices.",1,2026-08-07T22:27:41.000Z,Negative
Uber,Ride Sharing,Customer service appalling,"Customer service appalling. Uber Eats overcharged me, and every attempt to sort out issue via email is met by a reply apparently from AI or other type of robot as replies do not even come close to addressing the actual problem. Phone attempt answered by representative who only could tell me “someone will get back to you by email…”.",1,2026-08-07T21:44:11.000Z,Negative
Uber,Ride Sharing,What a rip off went to app looked at…,What a rip off went to app looked at local food restaurants decide what i and my friends order and it came to £166 but were a lot of us. Checked direct to takeaway and total came to £110. Then uber wanted fees to deliver. I understand it to be more expensive to get deliver but GREED honestly,1,2026-08-07T21:23:53.000Z,Negative
Uber,Ride Sharing,Perfect,"Perfect, fast and professional",5,2026-08-07T20:35:35.000Z,Positive
Uber,Ride Sharing,Uber added undisclosed fees,"Uber added undisclosed fees. The amount the app stated turned out to be 50% higher. Instead of charging me $84, the charge was over $120 not counting the tip. And they make it difficult to talk to anyone. I've never used Lyft but will now.",1,2026-08-07T19:25:45.000Z,Negative
Uber,Ride Sharing,"Wow, couldn't even use the app let alone book a taxi","Wow, utterly useless app so I couldn't even book anything. Created an account on my laptop then the app on my phone went in circles demanding email, whatsapp codes and then passkeys. Then it wanted me to scan a QR into my laptop to look at a passkey there after doing text code, email code; triple factor authentication? Useless and then said it couldn't (wouldn't) and to contact support -> app deleted and I'll never try again.",1,2026-08-07T19:14:58.000Z,Negative
Uber,Ride Sharing,Unreliable Servic,"Ordered an uber 2 days in advance for 11:40 am. There was no driver in my driveway at 11:39 am. Then got a notice at 11:40 am (my pickup time) that the ride was cancelled. Got charged. Looks like the driver didn't like the short 3-mile trip. His name is Chamara. Also, it takes UBER a long time to respond to such instances. I have put in multiple complaints with the BBB, state and federal authorities. uber is NOT reliable.",1,2026-08-07T18:07:10.000Z,Negative
Uber,Ride Sharing,UBER SUCKS,"Ordered an Uber 15 min before show ended at Roger's stadium in Toronto. No drivers available after waiting 10 min to find one. Then my request is dropped and I must request a new ride. 10 min, no drivers. Repeat. Tried priority, XXL, every option over an hour. Nothing. Why do they drop your request and force you to the back of the queue??? I ordered early to beat the rush, but there is no point. I will not be using Uber again. When you need a ride they can't be trusted to come through. Garbage company.",1,2026-08-07T17:56:20.000Z,Negative
Uber,Ride Sharing,Can't log into Uber driver.,Can't log into Uber driver. The staff at Uber are terrible and have no clue what they're actually doing. I can't log into my Uber driver account and the didn't care. It was just easier to delete Uber driver and never drive for Uber ever again.,1,2026-08-07T17:49:45.000Z,Negative
Uber,Ride Sharing,"Never order their pre reserve taxis, they don’t show","Crap company. Have twice ordered cars and neither have turned up. Evidently funnelling the millions they make into the pockets of their fat cat investors rather than improving services for their customers. NEVER USE THEIR PRE ODER SERVICE, ITS NOT TO BE TRUSTED. Shame on you Uber.",1,2026-08-07T16:20:40.000Z,Negative
Uber,Ride Sharing,🚨 Extremely Poor Customer/Delivery…,"🚨 Extremely Poor Customer/Delivery Partner Support – Uber Eats Australia 🚨 My experience with Uber Eats Australia has been completely unacceptable. My delivery partner account was restricted without providing me with a clear reason. I followed Uber’s instructions, submitted ALL documents they requested, and completed the required verification. Despite doing everything asked of me, my account remains restricted. What is even more concerning is the way Uber Support has handled the situation. I have repeatedly contacted support through chat, yet I have received no proper explanation, no meaningful investigation, and no actual solution. I am simply left waiting while my issue is effectively ignored. This is not what anyone should expect from a company of Uber’s size. If Uber has a genuine concern about my account, then tell me what the issue is. If there is a problem with my documents, tell me exactly what needs to be corrected. If there has been a mistake, fix it. Instead, the current approach feels like: restrict the account, provide little or no explanation, and leave the person repeatedly contacting support with no resolution. This is particularly serious because this is a work account. Restricting someone's ability to work and earn money without clearly explaining the reason is not something that should be treated casually. Uber Eats Australia needs to take responsibility for this poor support experience. I am publicly raising this issue because normal support channels have failed to resolve it. I am requesting an URGENT manual review by the appropriate team, a clear explanation for the restriction, and restoration of my account if I have complied with all requirements. Uber Eats — please stop ignoring the issue and actually investigate it. A company that relies on delivery partners should also respect the people who provide that service. I expect someone from Uber Eats Australia to contact me and provide a genuine resolution, not another automated or generic response.",1,2026-08-07T16:11:28.000Z,Negative
Uber,Ride Sharing,What the heck is wrong with them,"What the heck is wrong with them? Booked Uber, waited 20 min. Finally got the booking. Bang, booking cancelled. Another driver responded, bang, cancelled. It is a circus. Avoid if you can",1,2026-08-07T15:32:04.000Z,Negative
Uber,Ride Sharing,Uber has become increasingly unreliable…,"Uber has become increasingly unreliable and inconvenient. The app frequently cancels rides internally, has payment processing issues, takes too long to match riders with drivers, and often forces customers to verify their payment at the worst possible time—when they’re rushing to the airport, heading to an important business meeting, trying to catch a flight, or simply needing to arrive somewhere on time. It has gotten to the point where you can’t depend on Uber anymore. This isn’t just an inconvenience—it can have serious consequences. Someone fleeing a domestic violence situation or facing another emergency could be put at risk because of delays, unnecessary payment verification requests, or canceled rides. On top of that, Uber’s customer service is extremely disappointing. It’s nearly impossible to reach a real person, and customers are instead directed through AI responses and automated email systems that rarely resolve the issue. This is one of the worst customer service experiences I’ve encountered. Uber needs to improve the reliability of its platform, fix its payment and ride-booking issues, and provide customers with access to real human support. Until then, I can no longer rely on Uber for transportation when it matters most.",1,2026-08-07T14:04:21.000Z,Negative
Uber,Ride Sharing,Didn't show up,"Didn't show up. Ordered 1 hour before for 13pm, and 13.07 cancelled.. Bye Uber, never again",1,2026-08-07T13:35:24.000Z,Negative
Uber,Ride Sharing,We had a reserved uber XL for 7am do we…,"We had a reserved uber XL for 7am do we could get to the Boston airport. We could see our uber across the street sitting at the red light at 7am. He needed to make a u-turn at that light which is quite long. He arrived at 7:04. However , as he was pulling in the Omni lobby lot, he was cancelled and replaced by someone else by the uber company. Because he was late he was cancelled. However the person they picked to replace him was 8 minutes away!!! We had a 7am reservation. Our uber 1 arrived at 7:04 but could not pick us up. Uber 2 arrived 15 minutes after 7. This is not acceptable. An uber that is 4 minutes late is far more acceptable than one that is 15 minutes late!",1,2026-08-06T23:40:19.000Z,Negative
Uber,Ride Sharing,Negative Experience with uber lost property,"My experience with Uber’s lost property process has been extremely disappointing. I accidentally left my only house key, only car key and gym fob in an Uber. Uber later confirmed in writing that the driver had found my keys and was willing to return them. Despite this, I spent an entire day waiting without receiving a single call or text from the driver. I repeatedly contacted Uber for help, explaining that these were my only keys, that I had been unable to access my home without assistance, and that I could not use my car. Rather than actively arranging the return of my property, I received generic responses asking for patience and stating that drivers may have other commitments. Once Uber knew exactly where my property was, I expected them to do far more to facilitate its return. Instead, I was left without any timeframe, no meaningful updates, and no direct assistance. @uberuk, @uber Manchester. Losing an item is one thing. Knowing exactly who has it and still being left waiting indefinitely is another. For a company of Uber’s size, the lack of urgency and customer care in this situation has been unacceptable. I sincerely hope Uber reviews its lost property process so that customers are not left stranded when drivers have already confirmed they are in possession of essential items.",1,2026-08-06T23:28:21.000Z,Negative
Uber,Ride Sharing,Dangerous !,"Dangerous ! If you trust a transport by Uber in Islands like Ibiza it can be dangerous. We pre-booked an Uber from Nassau Beach to Ibiza for 2,5 x the taxi price. Neither the ride got canceled, nor a driver appeared. We were forced to rebook for 95€ insted of 33€ !!!! 1 hour waiting and a killed evening included. If this happens at night, it can be dangerous",1,2026-08-06T23:12:53.000Z,Negative
Uber,Ride Sharing,Lousy customer service,"First things first. This is NOT a review of the Uber service or the app. It's a review of their customer service. I tried to create an account on the Uber app. Upon entering my email address, I got an error message saying that my account had been suspended. I submitted a written (typed) message asking how I could possibly be suspended since I've never had an account before. A customer service representative (who might have been a person or might have been an AI bot) sent a reply that began with ""Dear Kalaya,"" and proceeded to tell me that I was suspended because I had misused their service. Which was a problem since my name is Kelly. But that told me that this Kalaya person had an account that used MY email instead of her own. Relevant background: This happens to me all the time. As an early adopter of Gmail, I was able to get ""kjones[at]gmail[dot]com"" (Jones is not my real last name). So anybody whose first name began with K and whose last name was the same as mine had to add a middle initial, a number, etc. as their email address. Some of them forget they did this, and at some later time, they erroneously give their email as ""kjones[at]gmail[dot]com. As a result, I get email intended for other people all the time. I've gotten doctor's appointment reminders, messages from children's school teacher, condo association minutes, invoices for flying lessons, Atlanta Falcons e-tickets, and most recently, reminders to pick up an order from a Bath & Body Works store. If I am able and have the time, I contact the sender, explain the situation, and they apologize and remove my email address. I explained all this to Uber's customer service rep/bot and asked that they release my email from their system so I could use it for myself. Their reply: ""Dear Kalaya,... We will not be lifting your suspension."" This went back and forth a couple more times until the rep/bot finally acknowledged that I was not Kalaya. But they still won't let me sign up. I simply cannot understand how anybody could be so obtuse and yet work in customer service. I'll give their competitor my business instead.",1,2026-08-06T22:45:20.000Z,Negative
Uber,Ride Sharing,Fast response and good service,Fast response and good service,5,2026-08-06T22:38:17.000Z,Positive
Uber,Ride Sharing,EXPECT HEARTACHE,"Well, they’ve done it again! After accepting a $9.95 ride, I was yet again fined $8 for not being at the pick up site . . FALSE - I always book my ride FROM the pick up spot, with my￼ location option ACTIVATED The driver advised me that he was about 200 yards away, and could I come to him? So I did this, then he asked could I pay him $10 in cash for the ride, to which I agreed, even though this instantly jacked the price up to $17.95. (original quote of $9.95 + $8 fee for “not“ being at the pick up spot. Anyway, I checked my bank statement when I got home only to find that through the magic of technology. I had been charged the $8 fee, TWICE! ￼ So I messaged a complaint to the “good folk” at Uber who have advised that yes, I am correct, and the money will be returned to my bank account “shortly“ - up to ten working days I’m gobsmacked to see this behaviour is so common place amongst drivers￼ This exact scenario has played out before, and I did not have my money reimbursed until I mentioned to them “if you don’t believe my story, then feel free to contact the POLICE RECEPTION DESK in the INALA CIVIC CENTRE, and you will see for yourself on CCTV, me standing there, with NO UBER EVER COMING NEAR ME My $8 “no show” surcharge was refunded IMMEDIATELY - AND NOT UP TO TEN WORKING DAYS 😉 I use “ride share” extremely sparingly now, because expect to be ripped off at every turn by these cowboys, and if I’m not “diddled” I usually give a $5 tip, for HONESTY, anyway ￼ ￼",1,2026-08-06T22:33:43.000Z,Negative
Uber,Ride Sharing,UBER EATS treats customer like fools,"ordered a meal because it was buy 1 get 1 free however only 1 meal came, UBer felt it was ok just to refund 2 pounds and a few pennies treating customer like an idiot if they valued the customer they would make takeaway deliver full meal or insist of full refund but they let you get ripped off Customers just want what was offered and UBER to reinforce that instead they allow the takeaway to getaway with it??????",1,2026-08-06T22:13:59.000Z,Negative
Uber,Ride Sharing,Taxi servicec,Today i booked a taxi from Birmingham Airport to perry barr I been charged £34.73 Plus £8 puck up fee [ the airport charge ] but only paid the driver £16 what the robbery company,1,2026-08-06T21:23:50.000Z,Negative
Uber,Ride Sharing,I am still awaiting an explanation and refund,"I am still, after numerous chat messages to the AI help support, trying to find out how it seems I was charged €59 for an Uber ride that lasted 10-12 minutes and the driver only rode 10.3 kilometers. I have contacted various organizations who have all told me that Uber has immensely overcharged me. I am still waiting for a price breakdown and explanation. I have requested a refund and have not gotten it. I do not know how I paid less for way longer rides, but so much for a short ride. How is this possible? I've always been happy with Uber rides up until now. My charge was way higher that that of bus, train and local taxi. I came to know this after the ride. When the driver stopped, and said 'You are here'. I almost fell to the ground. I could not believe that I had paid so much for such a short ride. I even pay cheaper for train rides of almost two hours!",1,2026-08-06T18:44:59.000Z,Negative
Uber,Ride Sharing,Driver was friendly and knowledgeable,Driver was friendly and knowledgeable. Thankful for him and his car was clean.,5,2026-08-06T15:42:22.000Z,Positive
Uber,Ride Sharing,Pick up point algorithm,While choosing the pick up point application shows you some exact points. And i realised it is the drop off points of someone else. Which make the experience a lot faster and continoeus. Superb!,5,2026-08-06T14:22:37.000Z,Positive
Uber,Ride Sharing,NOT TRUSTWORTHY,Drivers are allowed to literally charge extra to agreed fare - without even the customers knowledge or permission! Untrustworthy company. Not even cheaper in most cases. *AVOID*,1,2026-08-06T12:10:04.000Z,Negative
Uber,Ride Sharing,My name is Bjorn.,"My name is Bjorn. ""I strongly dislike Uber"" - Bjorn Hi there, my name is Bjorn. A long time ago, I took an Uber. It was a mistake I will never make again. Uber is very very bad, my car showed up 10 minutes late and couldn't even find the right place. The application and booking process are horrendous, and don't even get me started on the cancellation. I hope you don't ever make the same mistake as me. Sincerely, Bjorn😁😁👍🏿👍🏿👍🏿👍🏿👍🏿👍🏿👍🏿",1,2026-08-06T05:40:32.000Z,Negative
Uber,Ride Sharing,Uber account issues,I have been trying to get my Uber account reactivated and because my background check came back clean from hireright but for some reason I Uber still decides to keep my account deactivated and will not tell me why the only thing they tell me is that my background check isn't clear.,1,2026-08-06T05:18:30.000Z,Negative
Uber,Ride Sharing,Bait and swirch,Sick of Uber and their inability to handle anything without being signed into their app.i cancelled my Uber Account and they want me to lkf back in to request my Uber Cash balance that I paid for. And didn't use due to their lack of ability to deliver me anything. I would negative rate them if I could and the last u er I ride was hot as in no air conditioning in 100 plus degree heat,1,2026-08-06T02:52:12.000Z,Negative
Uber,Ride Sharing,Horrible customer service!,"Horrible customer service!! I realized I was being charged twice monthly for Uber One memberships. Trying to figure out how to “talk” to someone at Uber is next to impossible, even just a way to start a conversation to figure out what was going on. Eventually I found a chatbot and my issue was escalated after some type of CSR let me know that there was a person whose name I didn’t recognize had opened a second acct using my credit card. From there, supposedly it was being moved up the food chain, but the responses I received were either AI chatbots or some clueless employees who didn’t read the chats. There is no way to talk to a human being, and eventually, after talking to my bank and reporting the fraud, I just decided to close my entire Uber account (mainly due to my frustration with the LACK of customer service. For the prices Uber charges, they should have a human available. Never again!!",1,2026-08-06T01:24:14.000Z,Negative
Uber,Ride Sharing,Due to this establishments poor…,"Due to this establishments poor customer service, I will NEVER use it again. Because of your incompetence, I will inform friends and family to never use it as well. Service is horrible. They charged me for a ride that never occurred. Your dispatcher disconnected me and was of no help whatsoever. I will be taking my business elsewhere.",1,2026-08-06T00:36:24.000Z,Negative
Uber,Ride Sharing,No Complaints,I’ve had a pleasant experience with all of the drivers so far.,5,2026-08-05T23:25:46.000Z,Positive
Uber,Ride Sharing,I think uber service is another Robber…,"I think uber service is another Robber in London and Government seem to be quite on it as they are not suffering but taxpayer are. I took a uber from Northolt to heathrow termina 2 in the morning 5 am; j was charge £26 and when I took uber to back home at 9 pm, I was charge £43. Its really robbing working class people. I hope government will be looking one day.",1,2026-08-05T22:25:22.000Z,Negative
Uber,Ride Sharing,SHAME ON THEM,"I called a taxi for a standard route that I frequently take with my pet. The app estimated a fare of 8–10 euros, which is what I usually pay, always in cash. (In Greece, Uber is monopolized by regular taxi drivers. This is an important detail because they were, and still are, a tight-knit clique and a mafia. We were all so glad that an app would finally be able to control them and make us feel safe.)Instead, I was charged 14 euros for a mere 2 km ride. When we arrived, the driver jokingly started bargaining, first asking for 20 euros, then dropping to 17, and finally saying 14 euros was his 'final offer!' All this while I was trying to see the taximeter, but I couldn't because he was intentionally blocking it with his body!!!Of course, I never received an official tax receipt. I only got that worthless piece of paper that Uber sends. In fact, I now have one receipt for 17 euros and another for 14 euros. I reported all of this to Uber, and their only response was to re-send me their own auto-generated receipt via email—a completely useless document.This has happened before. And they expect us to let our children ride in these taxis alone... SHAME ON THEM!""",1,2026-08-05T20:56:32.000Z,Negative
Uber,Ride Sharing,Thifes,"Thifes, exploiting and using customers and drivers",1,2026-08-05T19:13:25.000Z,Negative
Uber,Ride Sharing,Really uber you need to sort your drivers out !!,"Omg !! Ive tried to use uber cabs a couple of times can i please ask ,, Why do drivers Take funds from my account without authorisation they pass over the call to other drivers , The driver rejected the pick up and also put a cheeky £60.00 fair on for a longer journey I never took charged £26.72 aswell and it came out my bank . This isnt the first time this happened to me and ive only used you twice. another driver brought me home called Colin for £18.00. So I payed over £100 for my journey of pending payments which are DIOBOLICAL to get refunded as bank won't refund. Blood pressure by now sky high you then have so much trouble trying to get intouch with uber who they make an excuse to check if you are actually eligible for a refund !!"" You stole out of my account simple. Made it very hard as bieng collected from hospital ill Not a thing I needed at this time Delete my account please. This is a true account what happened. 3rd August 2026 Tb",1,2026-08-05T18:28:08.000Z,Negative
Uber,Ride Sharing,Uber charges fraudulent charges,"Uber Canada allows their drivers to charge fraudulent cleaning fees. I was charged the next day $127 Uber refuses to discuss the charge. Im warning anyone I can to avoid being scammed like myself. Not sure how theyre getting away with fraudulent behavior. There's many similar cases ,some even worse as per the comments on thier Social Media and yet no repercussions.",1,2026-08-05T17:39:54.000Z,Negative
Uber,Ride Sharing,Horrible Service and Exhorbitant Priced,"I have been using Uber consistently for the last three years however in the last three days have found their rates to have tripled. Normally, from Adelaide Airport to Henley Beach is around $29 to $30 however last night it was $49. This is highway robbery. With cost of living pressures how dare they increase the fares so much. No more rideshares for me will be taking taxis as their fare quoted was $30. Also, the same happened this morning at 9.30am from The Queen Elizabeth Hospital to Hampstead Road, normally $20 but today it was $26. And then they have the audacity to ask us to rate the service and give a tip. Who can afford to tip with such exorbitant fares. Disgusting",1,2026-08-05T14:31:10.000Z,Negative
Uber,Ride Sharing,It was ok,"It was ok, rides were expensive but the scooters made it worth it. Drivers were a plus point, friendly and helpful. It was easy to book and use, but nothing amazing as this service is now the norm",3,2026-08-05T11:56:58.000Z,Neutral
Uber,Ride Sharing,Professional and friendly service,Driver was very professional and friendly and assisted me,5,2026-08-05T10:25:33.000Z,Positive
Uber,Ride Sharing,"Falling Standards, Widespread Scams, and Zero Corporate Accountability","My wife and I use Uber frequently, but the service has dropped significantly while driver scams continue to rise. After speaking with our daughter and reading threads on r/australia and r/australian, it’s clear thousands of commuters are facing the exact same issues. While Uber allows you to report a specific driver or trip in the app, they make it virtually impossible to contact corporate management about systemic platform failures. There is no listed corporate email or direct line to lodge a formal complaint. Uber hides behind automated app menus, shielding itself from accountability while quality falls and driver scams go unchecked. Riders deserve transparent platform oversight and direct access to actual customer support.",1,2026-08-05T09:06:56.000Z,Negative
Uber,Ride Sharing,Driver threw us out of the car because he wanted a longer fare,"I booked a trip to a medical center because I tore a ligament in my knee. When I booked, I entered the address. He only drove us a block and insisted we get out of the car. He said he couldn't take us there, it was close and we should walk. I told him that I can't walk, that's why I was going to a medical center. He said he didn't care and threw us out of the car. Unbelievable!!!",1,2026-08-05T06:36:46.000Z,Negative
Uber,Ride Sharing,Absolutely terrible experience,"Absolutely terrible experience. I placed a $104 Pizza Hut order and never received it. Instead, the driver delivered one random Chipotle box that clearly belonged to someone else. I sent proof and explained that I received the wrong restaurant’s order, yet Uber Eats still refused to refund me after their so-called “investigation.” I paid over $100, received none of my food, and was left with a generic denial instead of actual customer service. Completely unacceptable.",1,2026-08-05T06:26:56.000Z,Negative
Uber,Ride Sharing,Uber driver Rajbur C,"Uber driver Rajbur C. cancels my delivery order without explanation via text. Phone number received on text is incorrect, and I spent 45 minutes with the company I ordered from for a refund and gift certificate and I now to to pick it up from the store anyway. Uber Facebook and Instagram uses crappy AI Customer Service Support and just stopped responding to me on their chats. No hotline number available either. What a joke!",1,2026-08-05T02:24:15.000Z,Negative
Uber,Ride Sharing,Disgusting cab firm in London,"⭐ 1 Star – Absolutely Disgraceful and a Complete Rip-Off Uber is an absolutely disgraceful and overcharging cab service. The price shown and quoted at the beginning of the journey is apparently meaningless, because by the time the journey ends, the fare can suddenly be around 30% higher. How is this acceptable? Customers agree to a price at the start, only to be hit with an unexpected increase at the end. It feels completely misleading and unfair. I feel ripped off and completely taken advantage of. This is not the way a professional transport company should treat paying customers. I will NEVER use Uber again. 👎👎 There are plenty of other taxi services out there, and I would strongly recommend people think twice before using Uber. Check your final fare carefully—you may end up paying considerably more than what you were originally quoted. Absolutely disgraceful service. 0 stars if I could.",1,2026-08-04T23:52:30.000Z,Negative
Uber,Ride Sharing,Uber gives you no clear option for…,"Uber gives you no clear option for seeking customer support as a user. With very limited avenues of approach for seeking customer support, if you do happen to get into a chat log with them they close your chat as soon as they think they’ve resolved your case without asking if you have additional concerns or questions which in turn forces you to seek options for support again. Terrible customer support experience, it’s intentionally difficult to contact.",1,2026-08-04T22:47:03.000Z,Negative
Uber,Ride Sharing,very good,The trip is very good.But the system is different from Chinese.,5,2026-08-04T22:33:36.000Z,Positive
Uber,Ride Sharing,It is one of the worst service…,"It is one of the worst service companies I have ever dealt with. Uber charged my bank account several times while I wasn't even in the United States. Now, when I try to request a refund through the Help section, the AI says it can't process it because the charges are too old. On top of that, there is no way to contact a live support agent, either by phone or through chat. Uber has basically taken my money, and I have no way to get it back.",1,2026-08-04T21:23:25.000Z,Negative
Uber,Ride Sharing,This was my first really bad experience…,"This was my first really bad experience with Uber, so I thought it worth alerting the company and users of Uber. I booked an Uber for 5am to be on time at the airport. The night before I saw that someone has confirmed to pick me up. However, waking up the morning at 4am, I noticed that Uber showed the message ""reservation confirmed: We'll share your driver details soon."" I considered editing the trip to see if I could find a person manually, but then realised, if I would now cancel the trip, Uber will charge me a cancellation fee!! So I waited till after 5 but still the same message. At 05:10 Ubers sent me nonchalantly a message to say ""oops, sorry for not meeting your expectations, but we could not find a driver."" The token apology of 100 Uber cash does not at all compensate for the inconvenience, let alone for the cost of missing a flight.",1,2026-08-04T20:38:33.000Z,Negative
Uber,Ride Sharing,Uber's Commitment to Safety?,"I've read about Uber's commitment to safety. Sadly, their booking and cancellation process ultimately left me alone on a dark street, in front of an empty theater, and feeling unsafe. I tried to leave feedback in the app and online, but it only lets me associate my comments with the driver who actually picked me up. He wasn't the problem. My issue is with the two drivers who left me stranded, and the system that allowed this to happen. While both drivers had the option to send a message, neither chose to do that. This tells me that Uber needs to make sure their drivers understand their ""commitment to safety."" I requested a ride at 10:36. Hundreds of people left the theater at around this time. Many also requested Ubers. Long after everyone else was gone, my driver (#3) arrived at 11:39. Apparently, two drivers accepted and cancelled my trip. Both drivers had a choice, and they decided to leave me stranded I chose to take an Uber into town instead of driving or catching a bus because I thought it was a safer option. I'll have to rethink my choices the next time.",3,2026-08-04T17:58:07.000Z,Neutral
Uber,Ride Sharing,Error of payment,"After every ride, I got error messages regarding payment! When ordering a ride, I need to order 3-4 times before it accepts! I think it is because of my Visa card. But when it’s working the service it very good!",3,2026-08-04T17:42:46.000Z,Neutral
Uber,Ride Sharing,I Used Uber for 3 days in Las Vegas,I Used Uber for 3 days in Las Vegas. This was my first time using any such app. The sign up was simple and all of the drivers I had were awesome. Pickups were quick and better price than a taxi.,5,2026-08-04T16:21:05.000Z,Positive
Uber,Ride Sharing,Charged twice for one ride – Uber refused to investigate,"On the evening of August 3, 2026, I took an Uber in Istanbul, Turkey. The driver insisted that I pay the fare in cash. Trusting that this was the correct procedure, I paid him in full. A short time later, I discovered that Uber had also charged my credit card for the exact same trip, meaning I paid twice. I immediately contacted Uber through the app, expecting a fair investigation and a refund. Instead, my claim was rejected without any explanation or evidence. No one contacted me, no proof was provided, and no real investigation seemed to have been carried out. As a customer, I expect Uber to protect passengers against situations like this, not to dismiss complaints automatically. Being charged twice for the same journey is unacceptable, but the complete lack of customer support is even worse. I have completely lost confidence in Uber and cannot recommend this service, especially to travellers visiting Turkey. Always double-check the payment method before leaving the vehicle, as Uber may refuse to help if something goes wrong.",1,2026-08-04T15:17:02.000Z,Negative
Uber,Ride Sharing,Awful service,"Awful service, deliveries always seem to be missing items, customer service is not human whatsoever and never resolves issues properly, promotional offers that they EMAIL my account don't work when applied to orders (even following T&Cs). Just a scummy company overall.",1,2026-08-04T15:06:44.000Z,Negative
Uber,Ride Sharing,Uber never again.,"Uber permanently deactivated my driver account, accusing me of being linked to ""fraudulent activity"" through a ""duplicate account."" They provided zero evidence, zero explanation, and zero information about which account they claim is duplicated or what policy I allegedly violated! When I asked specific questions, I received nothing but copy-and-paste template responses that completely ignored every single one of them. Making a serious allegation of fraud without providing any facts or allowing a meaningful review is unacceptable. If this is Uber's standard of customer support and account investigations, it raises serious concerns about fairness and transparency! By the way, in my experience, Uber consistently paid me around 3–5% less than the fare shown when I accepted each trip. If you're a driver looking for a platform that values fairness and provides real customer support, choose Bolt instead. Based on my experience, I cannot recommend Uber. Extremely disappointing experience.",1,2026-08-04T11:54:19.000Z,Negative
Uber,Ride Sharing,Over charge with out my knowledge I booked an Uber from Stansted Airport,I booked an Uber from Stansted airport to my place for my sister. When I booked the fare was £76:90 which was taken from my bank account. Then the fare got up by £22:76 which is very strange and unexpected. My bank didn't allow and then wanted me to verify the amount which is I didn't. After 4 weeks later I booked an Uber to Heathrow airport the fare was correct . After that on my recipes I did release that Uber did charge me the amount (£22.76) . I contacted customer service on my Uber app and but unfortunately Uber customers service closed my enquiry and I was not able to write any more about the over charge. Then I messaged Uber on WhatsApp I did not receive any response. I complained via email after many questions and provide the receipt and my bank charges then he said that you raised the same thing and your issue was resolved . Very unprofessional frustrating and unfair . Please advise me if anyone has the same problem with Uber . I think everything should be included when you book an Uber because maybe you do have just the amount or a bit more in the bank account and the bank should have overdraft charges therefore Uber most be honest about the fare not cheating on the customers.,1,2026-08-04T09:27:34.000Z,Negative
Uber,Ride Sharing,I have been ripped off by taxi drivers…,I have been ripped off by taxi drivers in every country I have visited. They take advantage of newcomers who don't know the rates. I appreciate Uber because I don't have to worry about this happening anymore.,5,2026-08-04T09:05:33.000Z,Positive
Uber,Ride Sharing,Uber gone downhill,"Uber used to be fairly decent. However in the last few months everytime I order a taxi, despite the app showing loads of drivers, nobody accepts. If on a very RARE occasion a driver does accept after waiting anywhere from 5/10 minutes after ordering, the driver is at least 2+ miles away. No good if you're in a hurry for work or an appointment etc. To add to that, the prices are shocking. Prices have jumped up so much and service has gone massively downhill. Also, stopped using uber for ages when I was accused of smoking in the car (I don't smoke or vape) and uber refused to provide any details of the driver or any evidence of me doing this, even with cameras in the car which would clearly show I'd done nothing and didn't even apologise. Claimed they couldn't show the evidence because they have to safeguard the driver! What about me being safeguarded against malicious, untrue claims. Emailed back and forward and uber stopped replying with no apology. Overall a really bad company. I'd use bolt but they're just as bad, drivers not accepting and if by a miracle they do they cancel within a few minutes.",1,2026-08-04T06:58:23.000Z,Negative
Uber,Ride Sharing,"Thankfully now I,have found rappi on…","Thankfully now I,have found rappi on Mexico .. uber are liars and cheats and human scum … do NOT use them. Their share has fallen 40% in the last few monthss ans should be 0.00000 as their service is less than anything in this .. thank you Lord .. I will never ever work with the uber liars again",1,2026-08-04T04:40:11.000Z,Negative
Uber,Ride Sharing,It is hard to see where we are going so put pictures of tourist sites with addresses.,"It is hard to see where we are going during the ride. The app lacks when asked to do this and works at times, but most of the time it did not. Also, if as a passenger, we chose the wrong location and the driver clarifies that, it is very hard to figure out what to do to change the destination. For example, in Mexico, DF, we wanted to go to the Basilica of Nuestra Senora de Guadalupe, but when we inputted that into the destination, it sent us to the street with that name, which was a further distance than the actual Basilica. Uber should have an option to zoom in or a picture of such tourist sites when we are looking for rides to them. You should have tutorials on what to do in situations like this. It seems like we cancel the ride and get charged for it and then have to input the correct location to start moving to the correct location. So, as soon as you are talking to the driver, you will get charged.",3,2026-08-04T03:45:14.000Z,Neutral
Uber,Ride Sharing,Do not drive for Uber,"Do not drive for Uber. The company is so unbelievably incompetent. If your phone is stolen and you're forced to change your phone number, you will never, ever be able to regain your account because the people at Uber are too incompetent to change a phone number. Three weeks, 20 phone calls, 50 emails, and finally they said everything is fine and nothing was done. Uber is one of the most incompetent groups of people I think to exist.",1,2026-08-04T01:00:02.000Z,Negative
Uber,Ride Sharing,Uber is one of the (if not the first)…,Uber is one of the (if not the first) better competidors on drives market. I always give the preference to them,5,2026-08-03T23:24:12.000Z,Positive
Uber,Ride Sharing,Scammers charging Uber One Membership with no transparency!,"Good service from taxi drivers but today horrified to see two Uber One Membership charges on my credit card when I never knowingly subscribed to an Uber One Membership - this stinks of a scam! I had no idea what Uber One Membership is, that was until I saw two charges on my credit card! The app is cunningly designed to sign you up to Uber One without you realising, there is no transparency at all. Agents are trained to be highly sympathetic and say this has happened to them, so their agents are trained to be part of the scam. These scammers must be making a fortune from unsuspecting customers. Rotten unethical scammers! Shame on them!",1,2026-08-05T22:27:28.000Z,Negative
Uber,Ride Sharing,40% Promo Offer Not Given and Could Not Tip Driver,My first ride On July 31st was fine EXCEPT for two key things: 1 - I was emailed a promo of 40% off ($10 max) that was NEVER APPLIED to my account! 2 - your app would not allow me to give the driver a TIP! I have tried repeatedly! I am very disappointed with UBER app for these two reasons. I do not think I will continue to use this ride share.,1,2026-08-03T22:39:49.000Z,Negative
Uber,Ride Sharing,They rob the drivers and riders,They rob the drivers and riders. Stay away!,1,2026-08-03T21:40:38.000Z,Negative
Uber,Ride Sharing,Rubbish save and wait how about never…,Rubbish save and wait how about never arrive,1,2026-08-03T21:02:45.000Z,Negative
Uber,Ride Sharing,Drivers on time and polite.,Drivers on time and polite.,5,2026-08-03T19:49:07.000Z,Positive
Uber,Ride Sharing,Absolutely appalling,Absolutely appalling No support for when things go wrong. Lots missing from my order not decent solution just shut down and ignored me. Does anything come of these reviews,1,2026-08-03T17:35:30.000Z,Negative
Uber,Ride Sharing,i was very pleased with my uber drivers,i was very pleased with my uber drivers will use again.,5,2026-08-03T16:13:24.000Z,Positive
Uber,Ride Sharing,Good service and excellent price,Good service and excellent price,5,2026-08-03T15:32:27.000Z,Positive
Uber,Ride Sharing,Excellent services …but …,"Excellent services , do recommend to my friends , but prices need to be checked ( to high ) 🙏🙏",5,2026-08-03T15:29:57.000Z,Positive
Uber,Ride Sharing,Great service with one Exception,"Great service with the exception of drivers cancelling lifts at short notice, leaving you wondering if your actually going to get a lift . So far all cars clean and tidy with polite drivers",4,2026-08-03T14:12:40.000Z,Positive
Uber,Ride Sharing,My ride was cancelled by uber 3 times,My ride was cancelled by uber 3 times. I suspect it’s because I wanted to travel with my dog. They do have a ride with your pet option but in reality there are no drivers in Edinburgh willing to provide such service so in practice it’s not available. Go and use City cabs or Central Taxis - they provide dog friendly rides and are quick and reliable. Charge Only £1 more than uber for a ride but reliable and fuss free.,1,2026-08-03T12:05:56.000Z,Negative
Uber,Ride Sharing,Price change before and after ride,"Recently from 2-3 times , uber is charging more than it shows before booking. They show different amount before rode and once ride completed the price increases in drivers app.",1,2026-08-03T11:47:30.000Z,Negative
Uber,Ride Sharing,Easy,"Easy, economic, helpful",5,2026-08-03T08:15:47.000Z,Positive
Uber,Ride Sharing,Excellent service and a very good…,"Excellent service and a very good experience in Peru, as well as in our neighboring country, Ecuador (Guayaquil). A recommended and reliable service.",5,2026-08-03T08:01:59.000Z,Positive
Uber,Ride Sharing,Absurd,"Customer service that is appalling and robotic. Sending automatic replies, never replying properly to messages. When you called, they tried to avoid you and say they will get back to you. That never happens. I felt quite scammed a couple of times where I paid for Uber one and I didn’t get any perks as I was promised and they didn’t absolutely care about it.",1,2026-08-03T00:12:07.000Z,Negative
Uber,Ride Sharing,My 2 trip was good but the second last…,My 2 trip was good but the second last you own me a refund the driver didn’t pick me up and i paid by card. I am requesting for my refund. And your driver they hardly call.,1,2026-08-02T22:11:46.000Z,Negative
Uber,Ride Sharing,Good conversation.,Staceylee and I had very good conversation and she was very professional and the ride was very clean. I enjoyed my short time with her. Thanx!,5,2026-08-02T21:54:29.000Z,Positive
Uber,Ride Sharing,Just go smack your head against a wall will achieve more!!!,Genuinely the worst company hands down I'm surprised how bad a company can be you'd get better response and feedback from a donkey and I'm not even exaggerating if you have an issue wether you're a driver or rider forget giving them a call there's no point nothing will get resolved. Staff respectfully lack basic training & understanding (which is Ubers fault) you will speak to 10 different customer service operatives and get 12 different responses. Because of this company I actually believe we need to introduce a different rating system instead of 1-5 star system we need a minus -5 to a 5 star and of course I would give them a -5,1,2026-08-02T19:00:12.000Z,Negative
Uber,Ride Sharing,Never use Uber Eats!,"Never use Uber Eats!! Their customer service is either a computer or staff are trained to ignore and irritate customers. We ordered two orders of fish tacos for $14.95 each, a service fee and a tip on the amount. We discovered after he left that we only had one order. I contacted Uber Eats and they automatically refunded me $13.65, less than I paid for the tacos!! I chatted (there’s no phone customer service that I could find) with three or four agents and asked for the manager, each time their only response was, your refund has already been given so we can’t change it!!! I was so frustrated that they not only didn’t compensate me for their error, they didn’t even pay me the full amount I was cheated out of!! And they DIDN’T CARE ONE BIT about me the customer, it’s all about making more money at our expense even money that doesn’t belong to them. Never again!! I’m using Door Dash from now on.",1,2026-08-02T17:19:24.000Z,Negative
Uber,Ride Sharing,Uber car service: Deceptive Dynamic Pricing and Poor Corporate Ethics,"I find this Uber’s pricing policy unacceptable. The price displayed at the time of booking a car is not guaranteed, and any traffic delays result in a unilateral increase at the end of the trip. Added to this is the appalling ethical management: the driver's share is approximately one-third of the total fare paid by the user. Uber makes disproportionate amounts without offering any protection or transparency. I used in the past few weeks Uber in Canada. On two occasions, I saw the final price increase. The associated message indicated that I had given the driver the wrong address. Obviously, this wasn't the case. I tried contacting Uber customer service, but they have an automatic question-and-answer system. There's no way to describe the problem in plain text. The last time I used a transportation service, I asked the driver (before getting out of the car) to show me how he closed the service. He had no choice. Only one button to indicate the end of the trip. On that occasion, the fare the driver receives also appeared. I paid over $42. Uber only transferred $16 to the driver. Terrible behavior by Uber.",1,2026-08-02T16:32:09.000Z,Negative
Uber,Ride Sharing,No customer service,"No customer service, ther isn't anyone you can talk to about a problem. Just automated phone numbers and messages 🤦🏻‍♂️",1,2026-08-02T16:12:11.000Z,Negative
Uber,Ride Sharing,First meeting with Uber,"First meeting with Uber was via a 'local' taxi company - the car arrived 20 mins late. I was told by a very pleasant driver that he had been requested to carry out the booking 10 minutes after the expected time arrival and hence why so late. Second booking - car requested for transport to a rail station to arrive at my house at 06.10. At 15 mins late I phoned Uber and I was informed that a driver arrived and waited at house number 5 whereas I live at house number 17 and was stood outside checking for people from 06.05 so before due arrival time booked. As it is largely a cul de sac, I would have seen any arrival. I therefore missed the planned train and had to pay £41.35 to replace my ticket! On the phone call Uber insisted I should only use the Uber app and not book online!!",1,2026-08-02T14:21:10.000Z,Negative
Uber,Ride Sharing,Friendly driver,"Friendly driver, nice car but long waiting time",4,2026-08-02T13:50:56.000Z,Positive
Uber,Ride Sharing,Taxi didn’t bother to turn up.,Booked an Uber for pick up at 10.15pm. Had a confirmation email it was all booked and the name of the driver. At 10.05pm had a notification to say we had completed our trip even though we’d not even seen the taxi and it was before our collection time. I contacted Uber via the chat (no obvious category for taxi not turning up but managed to get through to someone) and they said they had refunded me straight away but said I had to rebook. This cost £4 more and meant we were waiting ages. When I complained they weren’t interested. Then the next day I have 3 different pending transactions for Uber when I should only have 1. So now I’ve got to contact them again. Very poor service.,1,2026-08-02T13:14:16.000Z,Negative
Uber,Ride Sharing,Had 4 trips to/from Birmingham NEC over…,"Had 4 trips to/from Birmingham NEC over 2 days. Drivers were helpful and friendly, arrived on time, cars were clean, definitely use again. Worked out cheaper than parking in NEC",5,2026-08-02T09:56:24.000Z,Positive
Uber,Ride Sharing,Very disappointing experience,"Very disappointing experience. The Uber app showed a fare of ₹200, but the driver charged me ₹300 based on the meter. Drivers often ask passengers which route they should take. If we already knew the best route, why would we use Uber's navigation? Some drivers deliberately take longer routes, which increases the fare unnecessarily. Uber should implement stricter controls to ensure drivers follow the app's suggested route and charge only the fare shown in the app. Such experiences reduce customer trust and make the service unreliable.",1,2026-08-02T08:51:34.000Z,Negative
Uber,Ride Sharing,Extremely disappointing experience with…,"Extremely disappointing experience with Uber Eats. I accidentally placed an order and cancelled it within 14 seconds. Despite cancelling almost immediately, I was charged the full order amount as a cancellation fee. I contacted customer support and spoke with five different agents. Every single one gave me the same scripted response without making any genuine effort to review the situation or offer a reasonable resolution. To make matters worse, some of the agents rudely ended the chat before I had even finished explaining my concerns or responding to their messages. That level of customer service is unacceptable. I'm not upset that there's a cancellation policy—I'm disappointed that charging 100% of the order value for an order cancelled within seconds is considered acceptable, with no flexibility or common sense applied. Customer support should be there to listen, investigate, and help resolve issues, not simply repeat policy and abruptly end conversations. This experience has completely eroded my trust in Uber Eats, and I hope the company seriously reviews both its cancellation practices and the quality of its customer service. Has anyone else experienced this? If so, how did you resolve it? Were you able to escalate it successfully, file a complaint, or receive a refund? I'd appreciate any advice on the best way to take this further.",1,2026-08-02T06:46:26.000Z,Negative
Uber,Ride Sharing,My Honest review,"The rides on Uber are cheaper than the rides on Lyft. I like how the app makes it easy to spot your Uber driver's car. However, I don't like how Uber takes a large sum of the driver's earnings.",5,2026-08-02T03:21:44.000Z,Positive
Uber,Ride Sharing,Recently uber has got very greedy by…,Recently uber has got very greedy by take take take & not thinking about the driver’s or customer's. Extremely sad if you ask me.,1,2026-08-02T03:09:14.000Z,Negative
Uber,Ride Sharing,Very quick service clean vehicles,"Very quick service clean vehicles, very personable drivers. Courteous. And cost efficient compared to other transportation modes..",5,2026-08-02T01:19:20.000Z,Positive
Uber,Ride Sharing,Tonight charged £45 for a trip of 2.4…,"Tonight charged £45 for a trip of 2.4 miles, absolute disgrace. Will be using other taxi services in future.",1,2026-08-02T00:59:43.000Z,Negative
Uber,Ride Sharing,I ordered food from the golden gate…,"I ordered food from the golden gate pollo tropical location, the flans were missing, is the second time that this happens to us, in naples fl, so check your order.",2,2026-08-02T00:05:58.000Z,Negative
Uber,Ride Sharing,My husband and I went on a lunch date…,"My husband and I went on a lunch date and i requested a Uber to make a few stops after and then home. Uber driver came and we told him we had two stops and he said we only have one and that was our residence from what he had showed us.. I have screenshots of my stops and he proceeded to say there is only one stop. I recommend Lyft than Uber, we had a few Lyft drivers telling us Uber has the worst customer service and they over charge on prices. Never again will I use Uber and i need to delete my account with Uber and stay with Lyft.",1,2026-08-01T23:17:24.000Z,Negative
Uber,Ride Sharing,"What part of ""lets go into my account then ill explain"" do they not understand????","I'm sent a very threatening message in app from uber about my account being restricted based on a false allegation they were sent by the driver, i have repeatedly asked them to retract this quite clear threat and its just ignored and chat ended, not even addressing the problem i then try to explain on the phone and request (reasonably) we go into my account first then ill explain so im not doing it twice......oh no, they cant use an ounce of common sense, oh no, just put unnecessary barriers up to escalate and not help the customer in any way shape or form, if this is how they think its appropriate to treat customers then im leaving to never come back",1,2026-08-01T23:11:59.000Z,Negative
Uber,Ride Sharing,This is %100 a scam application,"This is %100 a scam application, it has no customer support, no remedy to any problem , and won’t refund money on food you never received. I don’t even know how they can legally operate , and have 0 accountability in the loss of goods and services. They deserve a class action law suit.",1,2026-08-01T22:03:42.000Z,Negative
Uber,Ride Sharing,⚠️ Be very careful with Uber!,"I had a terrible experience. The driver simply drove away, and despite the fact that I did not receive the service, Uber still charged me and then added an additional cancellation fee. This is completely unacceptable. Customers should not have to pay when the driver leaves without completing the trip. In my opinion, Uber's handling of situations like this is extremely unfair and feels like a complete scam. The worst company I have ever dealt with. Stay away from Uber and always check your charges carefully!",1,2026-08-01T19:31:18.000Z,Negative
Uber,Ride Sharing,Pre booked,"Pre booked. Driver info was show. 30 minutes before, then never arrived. Fee was refunded and we were left stranded.",1,2026-08-01T19:25:16.000Z,Negative
Uber,Ride Sharing,Ghost Customer Service,"You could improve by being able to CONTACT CUSTOMER SERVICE when you make a simple button push mistake!!! After trying to cancel an order from Uber eats, but getting no where on the 'chat' Uber said is for support. It's really to test your patience people. There's no support. I called the place i ordered from to day oops I pushed pick up, not delivery, since I couldn't get Uber to help, and the move woman at the restaurant called Uber. She called me back, giving me a number to call, instructed by Uber. I called the number and it said sorry er no longer have customer service via telephone! Only that terrible chat. So I was out the 20 bux AND wasted a deal. The next morning I finally got a live rep on the chat. I explained it all, and she said, sorry I know that's frustrating, but I can't refund you since the store has to be paid for the food they made. I said then why couldn't I get anyone last night to cancel the order? Nothing. Crickets. I said cancel my membership.i was sent a prompt on how to cancel. I am extremely disappointed and switched to door dash. They have great customer service, even if the prices are a lil higher. I'm sticking with a higher cost for less headaches. Sure was hungry last night. Uber is just a scam. Picking longer routes than needed to charge more, the inability to get help when they screw you over.... it's obviously all about money, not customer loyalty at all. What happened to integrity people?",1,2026-08-01T18:06:29.000Z,Negative
Uber,Ride Sharing,Abandoned,Why did two UBER drivers abandon me at Riverside museum in Glasgow today? Thankfully the 3rd one turned up. Could they not call me to tell me why they weren’t coming. I am elderly with a 11 year old Grandson. Thankfully the 3rd driver Awet was spot on and caring,1,2026-08-01T16:47:13.000Z,Negative
Uber,Ride Sharing,The driver was very friendly and…,The driver was very friendly and courteous. The car was very clean. I enjoyed the ride.,5,2026-08-01T16:33:17.000Z,Positive
Uber,Ride Sharing,I love Savannah,Every driver I encountered in Savannah was cordial and professional...,5,2026-08-01T15:43:02.000Z,Positive
Uber,Ride Sharing,The drivers i had were all polite and…,"The drivers i had were all polite and respectful. Clean modern cars, arrived very quickly and we're reliable. The prices were reasonable, beats walking. The app is too easy to use and now cash is available as an option.",5,2026-08-01T14:43:57.000Z,Positive
Uber,Ride Sharing,We ordered a taxi and received a…,We ordered a taxi and received a message saying it’s on its way followed by the trip is cancelled then they charged us for there cancellation Never using this service again,1,2026-08-01T11:07:46.000Z,Negative
Uber,Ride Sharing,Wait driver in Malaga airport…,Wait driver in Malaga airport 35min.Driver 5min/1.9km parking 35min and chat I am in way. But when I cancel trip driver collect next person.,1,2026-08-01T10:53:49.000Z,Negative
Uber,Ride Sharing,Uber made our trip memorable and easy…,Uber made our trip memorable and easy to navigate a new city. We also found out new things about the city and places to eat and explore. 😁,5,2026-08-01T10:48:21.000Z,Positive
Uber,Ride Sharing,Asking extra charge for an traffic and…,Asking extra charge for an traffic and telling petrol if need extra they should show in app at the time booking or they should not ask. And always show one amount and we should pay other amount i cancelled that raid after getting this reply pay extra,1,2026-08-01T08:17:59.000Z,Negative
Uber,Ride Sharing,I would not even give them a star…,I would not even give them a star didn't show no ncontact leaving me with a missed train to London,1,2026-08-01T07:39:22.000Z,Negative
Uber,Ride Sharing,Super easy to use,"We have never used Uber before this past week when we had a cancelled airline trip and were given an airline voucher for transportation at 3:00 am as the only option to get to a hotel. It was easy to use the app, we felt safe doing so in an unfamiliar area and actually made 4 additional trips within a couple of days. Uber will be our new go-to for rides to/from the airport. (I might add that we are in our mid-70s and not the most tech savvy.)",5,2026-08-01T04:47:03.000Z,Positive
Uber,Ride Sharing,Uber Needs A Rider Phone Line,"Uber REALLY needs a DEDICATED phone number for issues with drivers! Each time that I've had a complaint about a driver or their vehicle, it takes something just SHORT of an ""Act of Congress"" to reach them, which is via options on their app. Unfortunately, the option list is VERY limited & if you tell their Chat-Bot you want to speak with a Live Agent, sometimes it takes a few HOURS, which is beyond RIDICULOUS! Also, once an Agent connects with you, instead of that person handling your issue, 2 or 3 different agents join in, by sending additional emails/chats, then asking the SAME questions over & over! Considering, that they're platform is making money ""hand over fist"", they can DEFINITELY afford a Rider Phone Line!",3,2026-08-01T03:37:21.000Z,Neutral
Uber,Ride Sharing,Utterly garbage,Utterly garbage. American company who has no phone support or chat support. Run fast and do not order from them. Me referring them to as garbage is an understatement. I hope all 3rd party deliveries go away all together. Do not order food ever from them.,1,2026-08-01T02:51:15.000Z,Negative
Uber,Ride Sharing,almost missed my flight due to Uber,"I made an advanced reservation for a ride to the MSP airport for 4:45 am. The driver has never arrived and the platform could not let me cancel the ride, as I was indicated as ""on a ride."" After 30 minutes, I had no option but to ride my car and use long term parking at the airport. Almost missed my flight and was very stressed. Uber charged me $25 and reversed it later but refused to reimburse for the 3 days parking. The company does not take any responsibility and must be regulated, perhaps on federal level.",1,2026-08-01T01:30:19.000Z,Negative
Uber,Ride Sharing,I love using Uber,"I love using Uber! While not every single driver is flawless, the vast majority of them go completely above and beyond to provide an amazing experience. They keep their cars clean, drive safely, and are incredibly polite. I happily give 5 stars to the drivers who work hard to get me to my destination safely.",5,2026-08-01T00:46:35.000Z,Positive
Uber,Ride Sharing,Terrible ordered a cab turned up very…,"Terrible ordered a cab turned up very quick , I said hold on I'll be 5 minutes , got my food and he had left. I ordered another so I paid twice for the same journey . I want my money back on principle",1,2026-07-31T23:39:19.000Z,Negative
Uber,Ride Sharing,Drivers cancel on you,"Drivers don't turn up. Their contract says you can't cancel until one hour after they were supposed to be there. Extremely unfair. They allow you 5 minutes waiting time, you have to give them one hour. A paltry 25 euros in compensation. I missed my bus and only caught my flight as I got a local taxi all the way to the airport. For 141 euros. App deleted.",1,2026-07-31T22:47:58.000Z,Negative
Uber,Ride Sharing,2nd Chance,"So after a woeful experience last time, I thought I would give them the benefit of the doubt. Not been able to drive through injury and living alone, I put a food order in, the app showed all good and it was picked up, all be it running behind. As the driver landed I got a customer support message saying your order has been cancelled, and the driver informs me another driver is bringing the rest. This driver had bag 2 and 4 of a 4 bag delivery. Customer support are you useless and it's a 5-10 day wait for the refund....",1,2026-07-31T20:19:43.000Z,Negative
Uber,Ride Sharing,Very disappointed,"Very disappointed. First, the system showed 4.95 price, then it increased to 6.98 and the driver was not comming, the system showed he is 2.6 km away and will be after 11min, it lasted for a while. but it seems he came and did not gave any signal to me and after my trip Uber tried to charge even more for his 2 minutes of waiting. It is so raw badness",1,2026-07-31T18:08:15.000Z,Negative
Uber,Ride Sharing,Well done Uber,"Well , driver coming în time , tariffes acceptable",5,2026-07-31T17:54:47.000Z,Positive
Uber,Ride Sharing,I ordered a ride from one hotel to…,I ordered a ride from one hotel to another. While trying to sort out my luggage? In paris.The driver went away with my electronic charger. I complained and he denied seeing it in he's vehicle.,3,2026-07-31T16:44:19.000Z,Neutral
Uber,Ride Sharing,Do NOT user Uber,"Do NOT user Uber. They are unfortunately dishonest and could not care less about the rider. I have been triple charged for a ride when the driver was dishonest about the trip - he started it without actually fetching me. When I cancelled it in order to rebook a real trip - I was charge for his non-existent trip as well as a cancellation fee, not to mention the actual trip I took and tipped handsomely for. There is NO customer service - you cannot get hold of a human being for assistance. Uber clearly condones dishonesty and theft. I am very happily deleting my account today.",1,2026-07-31T14:39:36.000Z,Negative
Uber,Ride Sharing,Simply pathetic,"I have never used Uber for food delivery. Only used it a couple times in my life for rides to and from airports. Apparently, they started deducting $10 every month from my account for no reason. I have removed my card details from the app but I am still getting charged. I am trying to contact them but there is apparently no contact number. They have found new ways to fraud and take people's money unethically. I picked it only because I never use Uber. Imagine other ppl who do, would think that that is one of their own expense. For such a big company to find new ways of ripping ppl off it is so low, shameful, pathetic and disgusting.",1,2026-07-31T10:20:34.000Z,Negative
Uber,Ride Sharing,This company is a rip off,This company is a rip off. Charges you a lot more than other companies at certain times of the day. This is theft. The price should be the same every day. Use your local taxi services.,1,2026-07-31T08:40:35.000Z,Negative
Uber,Ride Sharing,Very easy,Cost was good Drivers were friendly Map tracking very good Always on time 3 Ubers in 24 hours,5,2026-07-31T08:06:32.000Z,Positive
Uber,Ride Sharing,have used Uber Eats for a while,"have used Uber Eats for a while, but the quality of service over the last year has gone completely downhill. It has become a frustrating and ridiculous experience contextually, and this afternoon was the final straw. Today's order was an absolute disaster, and dealing with it has been completely awful. Uber Eats consistently fails to deliver acceptable service, and I am tired of wasting my time and money on a platform that does not care about its customers. Save yourself the headache and use a different delivery service.Also its not just the""eats"" the ride is even worse they take the ride the cancel it after you been waiting for 15/20 mins then u start all over w new driver wait on them etc constantly then the rates are out of hand and the war / gas has nothing to do w it it started way before and when I've compared same ride w Lyft thers a 10$ difference sometimes more than that and Lyft is way faster on arrivals like most I wait is 10 mins maybe 15 but not much more. SO THE PSA FROM SHELLY IS STAY AWAY FROM UBER USE LYFT OR DIFFERENT SERVICE UBER IS NO LONGER THE TOP DOG LETS MOVE ON AMERICA WITH THINGS THE WAY THEY ARE WE DONT NEED ANOTHER HAND IN OUR POCKETS WE NEED DECENT COMPANIES THAT RECOGNIZE EVERYDAY PEOPLE! 😊😊❤️",1,2026-07-30T20:07:55.000Z,Negative
Uber,Ride Sharing,I appreciate the Ease of reserving a…,"I appreciate the Ease of reserving a ride, tracking and detailed info regarding the car and driver photo. Overall, a great experience!",5,2026-07-30T18:39:41.000Z,Positive
Uber,Ride Sharing,Thomas Gregory Upchurch Uber Experience 2026,What makes my experience with Uber great is the comfortability with the drivers. From riding all across Texas to sight seeing in Virginia and everyday life errands in Tennessee. Uber is my go to number one ride share. The only problem I have had is getting into an old account that had money on it that I could use for my Uber rides. This is the only issue I had had this far. Besides that I recommend Uber to everyone I come in contact with. As a matter of fact I just got out of an Uber to go see my probation officer. Lol. The booking process has been easy to use and cancellation is very good as well.,5,2026-07-30T17:52:31.000Z,Positive
Uber,Ride Sharing,Stay away from uber at all costs didn't…,Stay away from uber at all costs didn't realise until my partner pointed it was paying drivers cash when booked cash rides but also taking it from my bank account aswell so been paying double on 3 separate accasions now was uber interested in solving this problem no not all I ended hanging up on them stay away people may be cheap rides but they gain back buy taking it out your account aswell as paying cash when I booked a cash ride disgusting,1,2026-07-30T16:27:30.000Z,Negative
Uber,Ride Sharing,Point A to point B very quickly!!,I was picked up quickly and the driver seemed to be a very nice guy. Everything with the app went smoothly!,5,2026-07-30T14:48:58.000Z,Positive
Uber,Ride Sharing,To be honest,"To be honest, I'm dissatisfied. I had a 50% discount on trips and they deducted the amount from me for both the full and discounted fares. I understand that sometimes they can block the amount, but for all trips? Before the trip started, they deducted the amount they showed me, at the end, the same amount, and also the next day for the same trip😆 I have to write to Support one by one to get a refund. This AI assistant is even worse. I also didn't have the right to pay in cash.",1,2026-07-30T10:25:52.000Z,Negative
Uber,Ride Sharing,I took a trip with uber from…,"I took a trip with uber from Hammersmith to my friend in Clitherow Avenue Boston Manor. The driver took me to Clitherow in Hayes. When I questioned his choice of the route he took he said that this was a better route and that he knew the area because he and his extended family lived there. I was in a lot of pain due to a chronic back problem and all I wanted was to arrive at my destination. When we finally arrived I told the driver that this was the wrong destination. He demanded that I got our of the car. I did not know where I was and it was 36 degreeos outside.I am also disabled and walk with a walking stick. I am 72years old. I refused to leave the car and told the driver to drop me at the nearest tube station which he did. I took a tube to an area I was more familiar with and asked for assistance to help me find a local taxi service to take me to my destination. I arrived 2 hours later,exhausted, dehydrated and in severe pain. When I went on the uber site to complain and demand my money back there was no box to tick for complaints. The best I could do was to give the driver the worst review I could manage. I give uber 0 stars!",1,2026-07-30T09:08:37.000Z,Negative
Uber,Ride Sharing,Illogical customer service agents,"I purchased a train ticket, on the bottom of my receipt 10% cashback in uber credits displayed. - I shared the screenshot of my purchase as proof I received 5% - I contacted customer service they didn't even understand what my issue is, thought it was about pricing.... they said sg about the purchase value being correct then closed the case, I was unable to reply.... Figured it was a one off, tried again, this time they concluded sg different, asked me to reinstall the app.... But of course why would it solve the problem when they owe money (uber point) Reinstalling the app doesn't help... Sadly, Current Uber customer service is unable to process information, yet alone resolve it.",1,2026-07-30T06:57:31.000Z,Negative
Uber,Ride Sharing,Like others on I was duped into a…,"Like others on I was duped into a cleverly hidden ""free trial"" loop during checkout to quietly sign me up for an Uber One membership whilst placing an Uber Eats orders. Annoyed me to the extent I will avoid taking Uber trips.",1,2026-07-30T06:33:36.000Z,Negative
Uber,Ride Sharing,Uber falls short of my expectations,"I like the Uber concept better than regular taxis and I have met some really nice drivers. For me where Uber has fallen short and where I hesitate to use their services in their future, is their extra fees when they blamed it as waiting fees for the driver when in fact the GPS location that the app gave the driver was an address a few houses down from my house, which I had nothing to do with whatsoever: so Uber charging me for this I found was very petty and I will think twice about using this service again as this has happened to me a few times now and thus I have been overcharged now a few times and this doesn't feel right or fair.",3,2026-07-30T06:26:55.000Z,Neutral
Uber,Ride Sharing,Uber feels like a scam,"Uber feels like a scam. They charged me through PayPal for a service I never used. Well yeah,we can vent out our frustration here but uber didnt care at all.",1,2026-07-30T05:51:35.000Z,Negative
Uber,Ride Sharing,Wait time was true,Wait time was true. Professional service.,5,2026-07-30T04:25:32.000Z,Positive
Uber,Ride Sharing,Don’t ever ever use uber,Don’t ever ever use uber. They charged me approximately 1000.00 dollars that was stolen from my account. Don’t call customer service as it’s all a scam. I don’t know if I will ever receive my money back. Worst company in the world don’t use them it’s a scam,1,2026-07-30T03:14:02.000Z,Negative
Uber,Ride Sharing,Here's a clearer and more professional…,"On July 29, I used a 40% discounted Uber ride promotion. Before confirming the ride, I checked the fare, which was $20.50 before the discount. Based on the advertised 40% discount, I expected to be charged significantly less. However, after confirming the ride, I was charged $19.35. When I contacted Uber Support, I was told that the 40% discount only applied to specific vehicle types, specifically item delivery rides, and not to standard passenger rides. However, the promotion did not state this anywhere. The discount was clearly labelled as applying to a ride, with no mention of any vehicle type restrictions or exclusions. I explained that the restriction they referred to was not disclosed in the promotion, but instead of addressing my concern, the support agent ended the conversation and closed it, preventing me from discussing the issue any further. I believe the promotion was misleading because the eligibility restrictions were not clearly communicated before I booked the ride. I would appreciate a proper explanation and a review of the fare charged.",1,2026-07-30T02:17:47.000Z,Negative
Wise,Financial Services,,"Transactions are all designed so that after initial setup you can repeat without having to re-enter any data except amount if different. Prices are better then bank. Plus, you get interst while waitin... See more",5,2026-08-07T09:38:42.000Z,Positive
Wise,Financial Services,,"We used the Wise currency card while travelling to Vienna, Bratislava, Budapest & onto Azerbaijan, Georgia & Armenia. The exchange rates were very good & we loved the ease with which we could add mone... See more",5,2026-08-09T20:44:57.000Z,Positive
Wise,Financial Services,,I’ve had very good experiences with all my transactions so far. Processing has always worked straight away or within a very short time. You are kept fully informed of every development. Customer servi... See more,5,2026-08-08T15:00:27.000Z,Positive
Wise,Financial Services,,"Wise has been very helpful with transferring currency for travel and for providing cash exchange while living abroad. They are easy to use, accurate and clear in every manor. I rarely have to call i... See more",5,2026-08-09T13:22:41.000Z,Positive
Wise,Financial Services,Smooth app,"Smooth app, very nice and easy going",5,2026-08-11T16:59:35.000Z,Positive
Wise,Financial Services,Lightning Quick,Good exchange rate and into my bank in seconds....on a weekend!,5,2026-08-11T16:07:29.000Z,Positive
Wise,Financial Services,Great services,Great services. All is very easy and intuitive. Well done ! Keep up the food work.,5,2026-08-11T15:48:11.000Z,Positive
Wise,Financial Services,I wait too much time before I receive…,I wait too much time before I receive my money,3,2026-08-11T14:50:29.000Z,Neutral
Wise,Financial Services,What's the verification for?,"I don't understand why Wise demanded verifications when I want to transfer some money from my bank account to my broker account via my own Wise account (it's all under the same name). Other than that, everything else was super!",4,2026-08-11T14:42:05.000Z,Positive
Wise,Financial Services,Security issue,"I have been using my Wise account for approximately six years, and I would like to understand the specific reason why my account was closed. Previously, my account was targeted in a hacking/security incident. I contacted Wise Support at the time and explained the situation. I was informed that Wise was unable to provide me with all the information about the person who attempted to use my personal card. If my account has now been closed because of a security-related issue, I believe it is important to clarify that I was the victim of the incident, not the person responsible for it. I took the appropriate steps by contacting Wise Support and reporting the problem. Closing or flagging my account may be the easiest solution from a security perspective, but I believe the appropriate approach would be for the Wise security team to investigate the incident properly and protect the legitimate account holder. I have been a customer for six years, so I kindly ask Wise to review my case and explain the reason for the closure. If the closure is related to the previous security incident, I would also appreciate it being reconsidered, as I was the victim of the attempted unauthorized activity. Thank you for reviewing my case.",1,2026-08-11T14:29:56.000Z,Negative
Wise,Financial Services,"Cheap, easy, and fast","I haven’t found a cheaper, easier, or faster way to transfer money across currencies.",5,2026-08-11T14:11:35.000Z,Positive
Wise,Financial Services,I like how quickly it’s processed.,"I’ve been using Wise for several years on my travels, mainly in Asia, to pay for things like hotel bills in local currencies, and I’ve never had any problems. I like how quickly it’s processed.",5,2026-08-11T13:36:48.000Z,Positive
Wise,Financial Services,Always good rates,"Always good rates, and an easy to use App.",5,2026-08-11T13:12:25.000Z,Positive
Wise,Financial Services,"Great experience,","Hi there, It makes us so happy to hear that you've had a great experience with Wise 💚 Thanks for taking the time to leave us a review! -Wise",5,2026-08-11T12:29:51.000Z,Positive
Wise,Financial Services,It's a great site to get you foreign…,It's a great site to get you foreign payments get payed fast.,5,2026-08-11T12:24:42.000Z,Positive
Wise,Financial Services,Nothing to complaint so far,"Nothing to complaint so far, just worried",4,2026-08-11T11:46:28.000Z,Positive
Wise,Financial Services,SECURE AND EFFICIENT,I discovered WISE many years ago when living abroad and needed and easy and secure way to make transfers between my accounts. Since that I have been using WISE both to make transfers and as a VISA Card using EUR or USD. It proves secure and efficient over the years. Not like N26 that did not provide any support when I got tricked using my card with an apparent charge of 15USD that became 350 EUR with a tricked terminal. I cancel my N26 account and I am only relying on my WISE card.,5,2026-08-11T11:45:15.000Z,Positive
Wise,Financial Services,Virtually no problems ....,Virtually no problems and any I had were quickly solved,5,2026-08-11T11:36:52.000Z,Positive
Wise,Financial Services,WISE is nice,transfers allways quick and safe,5,2026-08-11T11:36:11.000Z,Positive
Wise,Financial Services,"Easy, complete, accessible to everyone",Wise allows anyone to manage their wealth simply and securely. The app works great and is very easy to use.,5,2026-08-11T11:33:03.000Z,Positive
Wise,Financial Services,With Transferwise I find it easy to…,With Transferwise I find it easy to send money. It takes seconds. Thank you 😊,5,2026-08-11T11:27:24.000Z,Positive
Wise,Financial Services,Always good never had a problem,Always good never had a problem,5,2026-08-11T11:13:23.000Z,Positive
Wise,Financial Services,Easy 2 use 4 older people who are…,Easy 2 use 4 older people who are hopelless with technology,5,2026-08-11T10:32:37.000Z,Positive
Wise,Financial Services,I am 88 Year old and not very computer…,I am 88 Year old and not very computer literate but I find it easy to use.,5,2026-08-11T09:41:51.000Z,Positive
Wise,Financial Services,Never had a problem transactions speedy,Hi Linda Happy to hear Wise is helping simplify your global transfers. Thanks for being with us! Wise,5,2026-08-11T09:17:18.000Z,Positive
Wise,Financial Services,Everything,"Hello Florjan, Your support means the world to our team! We're glad that you're enjoying everything — our services, seamless global money movement and commitment to fair, low-cost transfers. Wise",5,2026-08-11T08:08:30.000Z,Positive
Wise,Financial Services,"They stole my money – held over $3,000 and ignored my complaint","I am writing this to warn everyone about what happened to me with Wise. They closed my account and have been holding more than $3,000 USD of my business funds for over 30 days. Wise sent me an email claiming they had processed my refund. But when I clicked their tracking link, the transfer was PAUSED. A support agent promised me the funds would be refunded – yet nothing has arrived, and my formal complaint has been completely ignored. This is my business money. Without it, I cannot operate, pay suppliers, or meet my financial obligations. Wise is effectively stealing from me and blocking my livelihood while hiding behind automated responses and silence. What gives them the right to hold someone's money for over a month with no resolution? They claim to be a transparent fintech, but when things go wrong, they become impossible to reach and refuse to take responsibility. I have seen similar complaints from other users – accounts frozen, transfers stuck in limbo, support giving no real answers, and funds held indefinitely with no explanation. This is a pattern, not an isolated incident. Do not keep money you cannot afford to lose in Wise. I learned this the hard way. My advice to others: Avoid Wise for business-critical funds. Have a backup provider. And if you're dealing with a similar issue, file a formal complaint and escalate to regulators – because Wise will not help you otherwise. Update: Wise has now ignored my formal complaint as well. No response, no resolution, no accountability.",1,2026-08-11T06:18:57.000Z,Negative
Wise,Financial Services,You failed to transfer money on…,"You failed to transfer money on multiple occasions, while it never happened with western Union.",1,2026-08-11T05:53:55.000Z,Negative
Wise,Financial Services,Bad service,"On all the platforms, they promote that the transfer should take less than 24 hours. When we proceeded with the transfer, it hasn't gone through even after 10 days. They are asking repetitively the same questions and delaying the process. Now, they are not ready to refund my money which they have taken from my account 10 days back.",1,2026-08-11T05:30:40.000Z,Negative
Wise,Financial Services,It is so hard to send money to my…,It is so hard to send money to my accout it képi refusing the paiment,1,2026-08-11T02:06:52.000Z,Negative
Wise,Financial Services,Extremely disappointing experience and…,"Extremely disappointing experience and poor customer support. I had hundreds of funds tied up in a pending transfer that I could not access or use for two weeks. When the transfer was eventually cancelled, the funds no longer appeared in my account. Wise claimed the funds had remained available and were subsequently used by other transactions. The problem? They haven’t been able to provide the documentation or account ledger showing that this is what actually happened. I’ve repeatedly asked for a clear reconciliation of the funds and my available balance during the period they were unavailable, but support continues to simply repeat the transaction history rather than address the issue. For a financial service, this level of transparency and customer support is unacceptable. I’m extremely disappointed with how Wise has handled what should be a straightforward account reconciliation. For those considering Wise, I strongly suggest to look around first.",1,2026-08-11T01:46:24.000Z,Negative
Wise,Financial Services,Problem with transfer 5 days later,5 days after transfer I received an email saying my transfer is delayed due to my address not being in my profile? I checked and I had entered it before my transfer?,3,2026-08-11T00:59:50.000Z,Neutral
Wise,Financial Services,N-1 of the world,Hi Antonio! #1 in the world? We're totally blushing right now 💚 Thanks for taking the time to show us some love! Wise,5,2026-08-10T22:07:57.000Z,Positive
Wise,Financial Services,Super,Number 1 the best for me,5,2026-08-10T22:06:40.000Z,Positive
Wise,Financial Services,Fantastic system saved me a lot!,Fantastic system saved me a lot of money in a dollar company. New features make it speedy to change money from US companies or send anywhere else.,5,2026-08-10T21:55:48.000Z,Positive
Wise,Financial Services,Thank you very much for making our life…,Thank you very much for making our life easier,5,2026-08-10T21:41:49.000Z,Positive
Wise,Financial Services,Great for moving money,Great for moving money around without any risks. No complaint been using wise for over 4 years now.,5,2026-08-10T20:21:46.000Z,Positive
Wise,Financial Services,"I lost more than $70,000 from my Wise…","I lost more than $70,000 from my Wise account in August 2022. That was my life savings. Years of work, gone in minutes, with no warning and no security check on activity that was completely unusual for my account. Three years later I still have nothing back. I want people to understand what this actually did. That money was not spare money. It was my security, my family's security, and every plan I had for my future. Since then every month has been shaped by a loss that was not my fault. I stopped being the person my family could rely on. I have spent three years writing letters and chasing deadlines instead of rebuilding my life. Here is the part people should know. When my case went to the Financial Ombudsman Service, Wise submitted documents as evidence. Those documents came from the person who took my money. Wise has now confirmed to me in writing, after the case was already decided against me, that this material came from the recipient of the funds and was never verified before it was submitted. Think about what that means. Unverified documents supplied by the scammer were placed in front of the body deciding my case. I only found this out through a formal data protection request under UK GDPR, years later, and only after Wise missed multiple legal deadlines to answer me. My money is gone. My account is closed. My case is closed. And the decision was made using material nobody checked. I am not writing this out of anger alone. I am writing it because I have it in writing, and because anyone trusting Wise with their money deserves to know how a dispute can be handled when it goes wrong. I have not forgotten. I am not going to.",1,2026-08-10T20:15:27.000Z,Negative
Wise,Financial Services,Fantastic day to day transactions,"Fantastic day to day transactions. Brilliant exchange rates. All quick, easy and trustworthy - BUT - had two recent problems with what I believe were fraudulent transaction attempts ( Minor ones ) and there is no number, site or any ability to alert Wise about it apart from self imposed freezing of the account - this is appalling and leaves a taste of non-trust. Luckily my account presently has always been in minor amounts but I am expecting larger sums shortly and I am having the funds paid in elsewhere until faith is restored",4,2026-08-10T20:07:53.000Z,Positive
Wise,Financial Services,I used Wise for more than 3–4 years and…,"I used Wise for more than 3–4 years and had been a long-term customer with a significant amount of money in my account. After I started making some crypto investments to my own Binance account, Wise suddenly decided to close my account. I was told I could appeal the decision or get my money back. I completed the appeal process they requested, but more than a month later, I am still waiting for my funds to be returned since 13 july. As well they said they can take up to 60 days on the costumer service for the money to be returned. No bank can keep this money from you, it is such a horrible experience, they act like you are a criminal with your own money! Having a large amount of your own money stuck while receiving no clear resolution is extremely stressful and frustrating. After being a customer for several years, I expected much better communication and support. I would rate my experience 0/5 if that were an option. Based on my experience, I cannot recommend Wise to anyone who may need reliable access to their money.",1,2026-08-10T20:01:18.000Z,Negative
Wise,Financial Services,Sad to see such sudden decline in AUG 2026,"From a briliant and reliable partner became unpredicatable and daily problematic. transfer checkups. forced topups, when balance is enough, sudden GBP arriving they dont know from where.... Sad to see such sudden decline in AUG 2026",1,2026-08-10T19:17:03.000Z,Negative
Wise,Financial Services,Such a simple and fast payment method,I find the payment process using Wise always such a fast and simple one. With regular payees designated as 'Trusted Suppliers' the process is now even easier than before. What's more the currency conversion rates and fees are such good value for money,5,2026-08-10T18:37:12.000Z,Positive
Wise,Financial Services,Wise is one of the best finance apps…,Wise is one of the best finance apps out there. Their service is extraordinary and so happy to use it with confidence and trust.,5,2026-08-10T18:36:19.000Z,Positive
Wise,Financial Services,I gave up with Wise. They exhausted me.,"I gave up with you. Emptied the account and will not reuse it. I have tried repeatedly to complete the verification of the account, after I received months ago a notification that states that the account need verification again. All the documents I sent are not good enough for Wise. The communication with you guys is terrible, the commissions for transferring money to my bank account in Israel are very high, and I haven't been able to receive money for the rent of my apartment in Athens for more than a year. Finally gave up. I sent all the money out of my Wise account, and our cooperation is now over, as far as it concerns me.",1,2026-08-10T18:21:31.000Z,Negative
Wise,Financial Services,The best of all,"Hey there, We're thrilled to know we're hitting the mark as the best option for your money moves! Thanks for sharing the love💚 Wise",5,2026-08-10T18:08:26.000Z,Positive
Wise,Financial Services,Mediocre generation of official documents,"Unfortunetely, its not possible to generate specific official documents for individual credit cards. This is sometimes extremely inconvenient when such proof is requested e.g. by public authoroties.",3,2026-08-10T18:07:53.000Z,Neutral
Wise,Financial Services,Excellent service and very competitive…,"Excellent service and very competitive fees. Wise is one of the best options I’ve used for receiving and converting money. The exchange rates are transparent, the spreads and fees are very low, and transfers are fast and simple. Much cheaper for me than PayPal and other payment platforms. Highly recommended.",5,2026-08-10T17:49:57.000Z,Positive
Wise,Financial Services,It works fine,"Once the account is all cleared, it works fine.",5,2026-08-10T17:19:18.000Z,Positive
Wise,Financial Services,Very good service,"Very good service, reasonable service fees, very quick transactions and delivery to the destination account.",5,2026-08-10T16:45:06.000Z,Positive
Wise,Financial Services,Very easy to use at home and abroad,Very easy to add new currencies and manage existing ones. Good exchange rates and low fees.,5,2026-08-10T16:26:44.000Z,Positive
Wise,Financial Services,Love it,"Love it , Easy to use and good rartes",5,2026-08-10T15:59:38.000Z,Positive
Wise,Financial Services,Sometimes the terminology leaves me…,Sometimes the terminology leaves me baffled.,4,2026-08-10T15:09:05.000Z,Positive
Wise,Financial Services,Locked account & held funds for 20+ days with zero support updates (Member ID: P12844916),"Wise has locked my wife's account and is holding our money with zero explanation or customer support communication for over 20 days. I uploaded all requested verification documents through the in-app prompt nearly three weeks ago, where the status stated ""We've got everything."" Despite this, I have received no emails, notifications, or timeline estimates. Today, the system prompted me to re-upload the exact same documents all over again. Holding customer funds for almost a month without providing updates, a ticket number, or access to support is completely unacceptable. Account Reference: Membership ID: P12844916 I require an immediate compliance escalation and manual review of my account to release my funds.",1,2026-08-10T14:34:43.000Z,Negative
Wise,Financial Services,Easy and clever application,"Easy and clever application, I can use well.",5,2026-08-10T14:31:30.000Z,Positive
Wise,Financial Services,an indispensable service for sending…,"an indispensable service for sending money, managing virtual cards, I can no longer do without it, flexible, fast, competitive and it works at any time of the day",5,2026-08-10T14:29:16.000Z,Positive
Wise,Financial Services,Easy,"Easy, your money anywhere you go with international debit card. Pay with any currency you want and easy to move your money.",5,2026-08-10T14:27:45.000Z,Positive
Wise,Financial Services,Great,"Hey there, Thank you so much for the ""Great"" review! We are thrilled to hear that you are having an excellent experience with us. We appreciate you taking the time to share your feedback! 💚 Wise",5,2026-08-10T14:27:28.000Z,Positive
Wise,Financial Services,Always improving.,Always improving. More than 10 years with you. Thank you,5,2026-08-10T14:01:32.000Z,Positive
Wise,Financial Services,Excellent service and very quick…,Excellent service and very quick transaction.,5,2026-08-10T13:50:11.000Z,Positive
Wise,Financial Services,make sure they really forward the money on,"I made a payment of £1,600, and apparently it did not go through because some verification was missing. Wise took the money from my bank but did not send it to the recipient. Wise sent exactly one email requiring me to do the verification. I missed the email and presumed the money had been paid. No more reminders since, until the recipient contacted me one month (!!) later to say they hadn't received payment. So Wise happily sat on the money for over a month, did not return it to my bank, and did not chase me to undertake the verification.",1,2026-08-10T13:50:03.000Z,Negative
Wise,Financial Services,Insane,"INSANE! They can just block your account and freeze your money that you’re holding in different currencies. No reason given. Only way to get your money is to have it transfered in 10 days in one single chosen currency (they will exchange it for you, oh beautiful, exactly what I wanted) into one single non-Wise account. Unbelievable! No way to appeal the decision.",1,2026-08-10T13:37:27.000Z,Negative
Wise,Financial Services,Just sooo easy,Hey there Hearing this completely made our day ✨ Thanks for taking the time to drop us a review—we're so glad to have you with us! Wise,5,2026-08-10T13:18:24.000Z,Positive
Wise,Financial Services,Just perfect,"Hey, That's such a compliment! Thanks for taking the time to leave us 5-stars. Wise",5,2026-08-10T13:05:47.000Z,Positive
Wise,Financial Services,Easy to use,"Easy to use, everything‘s working well I am satisfyed with the services",4,2026-08-10T12:28:22.000Z,Positive
Wise,Financial Services,"Promptness, flexibility, wide coverage of counties",It was very simple to join,5,2026-08-10T12:20:46.000Z,Positive
Wise,Financial Services,It is good,It is good ! All is okei !,5,2026-08-10T11:41:06.000Z,Positive
Wise,Financial Services,It's easy and fast to manage.,"It's easy and fast to manage. My money grows while I sleep. I also appreciate that they don't constantly bombard me with questions like other platforms, whether about taxes or other regulatory matters.",5,2026-08-10T11:27:23.000Z,Positive
Wise,Financial Services,Its quit fast,"Its quit fast, and easy, exept I am automaticly logged out after payment, while system says hold on...?? So I have to login again to see my status... this is a little anoying..",4,2026-08-10T11:26:44.000Z,Positive
Wise,Financial Services,Unable to cancel card,Unable to cancel card,1,2026-08-10T10:59:33.000Z,Negative
Wise,Financial Services,Trustworthy,"It is so easy to transfer money anywhere, it goes almost instantly.",5,2026-08-10T10:53:48.000Z,Positive
Wise,Financial Services,It‘s very comfortable and easy to use,It‘s very comfortable and easy to use. And the money transfer is super fast.,5,2026-08-10T10:31:52.000Z,Positive
Wise,Financial Services,Is a milestone,"Hello, Thank you so much for the 5 stars! Helping our customers reach their goals across borders is what we’re all about. We’re honored to be a part of your journey 💚 Wise",5,2026-08-10T10:12:07.000Z,Positive
Wise,Financial Services,Can't log in could do more to get me…,Can't log in could do more to get me logged in,2,2026-08-10T10:07:06.000Z,Negative
Wise,Financial Services,always a very good service.,always a very good service.. money sent over to Australia straight away ..,5,2026-08-10T09:39:12.000Z,Positive
Wise,Financial Services,Good job,Good job. Pratike answer..,5,2026-08-10T09:34:19.000Z,Positive
Wise,Financial Services,Very bad 👎,Very bad 👎 Not working good,1,2026-08-10T09:33:34.000Z,Negative
Wise,Financial Services,I have been using Wise for a number of…,I have been using Wise for a number of years now and I have only good things to say about this service.,5,2026-08-10T09:37:44.000Z,Positive
Wise,Financial Services,Its so easy,"The Wise card is easy to setup, easy to use. Great for International travel",5,2026-08-10T08:11:40.000Z,Positive
Wise,Financial Services,I had a WISE card for over 2 years,I had a WISE card for over 2 years. It was a wise decision for me to aquire the WISE card. Much more convenient and cost less than it would if I use my normal bank and credit cards.,5,2026-08-10T07:46:53.000Z,Positive
Wise,Financial Services,Quick and easy money transfer!,Hey Lotte. Speed and simplicity at your fingertips! Thanks for choosing Wise 💚 Wise,5,2026-08-10T07:36:26.000Z,Positive
Wise,Financial Services,Very Good,"Hey there, Perfection is what we aim for — knowing everything's working perfectly for you makes our day 💚 If you need anything else, feel free to reach out to us here: https://wi.se/help or, via our Social Media platforms like X, Instagram or Facebook. Wise.",5,2026-08-10T06:10:46.000Z,Positive
Wise,Financial Services,The call center talked to me and put my…,"The call center talked to me and put my mind at ease, and explaint the workings on the weekend. Thank you.",4,2026-08-10T06:01:12.000Z,Positive
Wise,Financial Services,So quick easy and convenient to…,"So quick easy and convenient to transfer money in different currencies,I have used it in england and nz and love it,thank you.",5,2026-08-10T05:38:26.000Z,Positive
Wise,Financial Services,Thanks for the excellent service.,"I don’t have much words: I’m just saying Thank you Wise for excellent service you have provided to me, my friends and my relatives, years after years. The best services!",5,2026-08-10T05:31:41.000Z,Positive
Wise,Financial Services,Super fast transactions eith low fees,"Hey Jurgen, Delighted to keep your transfers moving at top speed for low cost 💚 Wise",5,2026-08-10T03:35:35.000Z,Positive
Wise,Financial Services,Good,"Good, n great in speed transactions",5,2026-08-10T02:39:42.000Z,Positive
Wise,Financial Services,Using is very easy however,"Using is very easy however, once you experience issues do not expect resolution. I had a fraud on my account and lost all money as Wise customer service was not forthcoming.",3,2026-08-10T01:36:30.000Z,Neutral
Wise,Financial Services,It is uncomplicated and easy to use,It is uncomplicated and easy to use. The whole process is very quick and you are kept informed of your monies progress at all times. Their rate of exchange is fair.,4,2026-08-10T01:29:44.000Z,Positive
Wise,Financial Services,Best International card,"Hey JLF! Thanks for the love! With low conversion fees, real exchange rates, and free monthly ATM withdrawals, we're so glad the Wise card keeps your travel smooth. - Wise",5,2026-08-10T00:54:33.000Z,Positive
Wise,Financial Services,Highly Recommend,So Easy to Use. Smooth Transactions. Reliable. Convenient. Highly Recommend!!,5,2026-08-10T00:20:57.000Z,Positive
Wise,Financial Services,Good service and convenient,Good service and convenient,5,2026-08-09T23:26:28.000Z,Positive
Wise,Financial Services,Wise is just perfect,"Hey there, Hearing that your experience with Wise was 'just perfect' just made our team's day! We're so glad to have you with us 💚 Wise",5,2026-08-09T22:39:24.000Z,Positive
Wise,Financial Services,Best exchange rates,"Best exchange rates, fast transfers, reliable service",5,2026-08-09T22:36:06.000Z,Positive
Wise,Financial Services,Fast,Fast. Easy to use. Reasonable. Great communication. Safe. The best,5,2026-08-09T22:28:04.000Z,Positive
Wise,Financial Services,The best money exchange rate,The best money transfer site and best exchange rate. Thank you!,5,2026-08-09T21:51:09.000Z,Positive
Wise,Financial Services,Needs more to fully manage cash,I like the app. But I need some investment platform to manage cash think that Wise lacks,4,2026-08-09T21:29:20.000Z,Positive
Wise,Financial Services,Asking for info that doesn't concern u…,Asking for info that doesn't concern u then asking for more after i gave it to u locking my account,1,2026-08-09T21:14:56.000Z,Negative
Wise,Financial Services,Great for travels 1…,Great way to transfer currency from 1 account to another. Also use when visiting other countries for the best currency exchange rate. When I leave it's easier to transfer. No extra cash I don't need,5,2026-08-09T20:55:59.000Z,Positive
Wise,Financial Services,In Kenya money transfert to M-pesa,Money transfer to my Safaricom phone number to activate my M-pesa wallet in Kenya was not possible. Safaricom has verified that my phone number was active and correct In the chat with Wise support there was no way out on Wise's side. They admitted not to be familiar wit M-pesa and suggested to try to send money to a different person and different phone number to verify. I tried that several times but there is a security barrier with many question pages that considered my answer Suspect and the transaction stopped. Therefore I sent my money back to my Italian bank account,1,2026-08-09T20:49:43.000Z,Negative
Wise,Financial Services,Easy and secure,So easy to transfer money with secure and safe means.,5,2026-08-09T20:48:55.000Z,Positive
Wise,Financial Services,Wise currency card,"We used the Wise currency card while travelling to Vienna, Bratislava, Budapest & onto Azerbaijan, Georgia & Armenia. The exchange rates were very good & we loved the ease with which we could add money to the card & use it for payment in all the different countries.",5,2026-08-09T20:44:57.000Z,Positive
Wise,Financial Services,Easy to follow website and great rates.,"Hey Brian, Great rates and a website that's simple to navigate, that's the exact standard we set for moving your money! Thanks for trusting us and sharing the love💚 Wise",5,2026-08-09T20:28:12.000Z,Positive
Wise,Financial Services,A very easy way to send money abroad…,A very easy way to send money abroad and very fast.,5,2026-08-09T20:19:51.000Z,Positive
Wise,Financial Services,User friendly,"User friendly, easy to use, simple to understand, fast transfers, excellent exchange rates. Love it",5,2026-08-09T19:55:40.000Z,Positive
Wise,Financial Services,All good,"All good, just a great service!!",5,2026-08-09T19:40:57.000Z,Positive
Wise,Financial Services,"All very practical, costs are lower now.","The costs for all transactions are minimized, and the tools on the mobile phone and computer are very practical.",5,2026-08-09T19:16:44.000Z,Positive
Wise,Financial Services,Best app ever!,Best app ever!! Big thanks for the team ✨,5,2026-08-09T18:55:10.000Z,Positive
Wise,Financial Services,Very trusful,"Very trusful, fast and useful online bank !! Very pleased about their seriousness.",5,2026-08-09T18:27:28.000Z,Positive
Wise,Financial Services,Wise is very accessible very fast…,Wise is very accessible very fast transaction i can rate 5 star ...,5,2026-08-09T17:41:27.000Z,Positive
Wise,Financial Services,All very easy to understand,All very easy to understand,5,2026-08-09T17:29:38.000Z,Positive
Wise,Financial Services,Easy to transfer money and convert…,Easy to transfer money and convert currency. Low fees. Transfer to recipient bank very quick. Very clear website.,5,2026-08-09T17:24:27.000Z,Positive
Wise,Financial Services,I did not gave permission to transfer…,"I did not gave permission to transfer my money 65 Eu in June & July also. That’s why I took away my money , that remained 28 Eu, because I was afraid, that the hacker company will steal it again. Even I wld like to get back those 130 Eu for what I did not give the permission to transfer. Please help me to receive it back. God bless You. Odile Sebők",1,2026-08-09T16:57:37.000Z,Negative
Wise,Financial Services,Just great,"Just great, fast, trustfully",5,2026-08-09T16:47:03.000Z,Positive
Wise,Financial Services,Best Business Apps Worldwide.,"Hey R., Your words are like music to our ears 💚 If you have any suggestions on how we can continue to be be perfect business app, feel free to DM us on social media. Wise",5,2026-08-09T16:40:45.000Z,Positive
Wise,Financial Services,Tell me true,"Was Microsoft part of invention of Bill Gates or did Alan Turing prepare it as was too lazy to do it alone ? I think it is clear it was only Gates job, but how about Wise ? Was it prince Andrew gift to Estonia for its political flirt with royalism ? Are people behind Wise visionary, The City toys or subjects of political games to save Balitc area from Russia ?",3,2026-08-09T16:34:50.000Z,Neutral
Wise,Financial Services,Awesome service above and beyond,"Rapid, prompt. Customer service great",5,2026-08-09T16:34:05.000Z,Positive
Wise,Financial Services,Thank you,Thank you. I like your services. Everything is easy and clear.,4,2026-08-09T16:12:49.000Z,Positive
Wise,Financial Services,Have been using Wise for several years…,Have been using Wise for several years and have never encountered a problem. Transfers are quick and seamless and foreign exchange rates are excellent.,5,2026-08-09T16:06:41.000Z,Positive
Wise,Financial Services,Good,"Hey there, Keeping your money moves fast, simple, and hassle free is what we're all about! Thanks for being an awesome part of Wise💚 Wise",5,2026-08-09T16:01:34.000Z,Positive
Wise,Financial Services,Transferring and saving money is so…,"Transferring and saving money is so quick and easy with Wise, and the fees and rates are reasonable.",5,2026-08-09T15:56:06.000Z,Positive
Wise,Financial Services,High rates and the beneficiary receives…,High rates and the beneficiary receives right away.,5,2026-08-09T15:49:22.000Z,Positive
Wise,Financial Services,7 days to transfer,"Hey Matthew, Do know that our transfer speed's dependent on factors like payment method, currencies involved, conversion (up to 2 working days), bank processing times, security checks, weekends/holidays. Rest assured, we'll aim to send out your money at the soonest possible. Read more here: https://wi.se/howlongdotransferstake We're here to help, please get in touch at: http://wi.se/help, or via social media on X, Facebook, or Instagram. We'll be happy to look into it. Wise",3,2026-08-09T14:00:56.000Z,Neutral
Wise,Financial Services,Be wise use Wise,"Be wise, use Wise! It saves you money abroad.",5,2026-08-09T13:43:56.000Z,Positive
Wise,Financial Services,Wise the best!,"Hey there, Love to hear that! So glad Wise is delivering a 5-star experience for you. Wise.",5,2026-08-09T13:29:05.000Z,Positive
Wise,Financial Services,Wise has been very helpful with…,"Wise has been very helpful with transferring currency for travel and for providing cash exchange while living abroad. They are easy to use, accurate and clear in every manor. I rarely have to call in with questions but when I do I find them easy to contact and helpful. I recommend them often.",5,2026-08-09T13:22:41.000Z,Positive
Wise,Financial Services,So Quick and easy,"Hey Angela, Fast, effortless, and simple — exactly how money transfers should be. Appreciate the love! Wise.",5,2026-08-09T13:15:56.000Z,Positive
Wise,Financial Services,The “Cancel” button does NOT mean your…,"The “Cancel” button does NOT mean your transfer is cancelled immediately I am very disappointed with Wise’s cancellation process. The interface gives the impression that cancelling a transfer is as simple as clicking “Cancel.” However, cancellation is apparently not immediate. I was informed that it can take up to two working days to process the cancellation. That means the situation is very different from what the cancellation button suggests: you may click cancel, but your money can remain tied up for up to two working days while you wait for the cancellation to actually be completed. This is a serious issue when dealing with money. If a customer decides they need to cancel a transfer, they may reasonably expect the cancellation to happen promptly and the funds to become available again. Instead, they can be left waiting for days. I believe Wise should make this limitation clearly and prominently visible before the customer confirms the cancellation. A simple “Cancel” button without an obvious warning that the process may take up to two working days creates an impression of immediate cancellation that does not match the actual process. Financial services should be transparent about when customers will regain access to their money. Two working days is not a minor detail — it can be financially significant. Wise may provide a convenient transfer service, but the cancellation process needs much greater transparency. Customers should not have to discover only after clicking “Cancel” that their money may remain unavailable for up to two working days. My advice to anyone using Wise: before sending a transfer, be aware that cancelling it may not be an immediate process, and your money may remain tied up while the cancellation is being processed.",1,2026-08-09T12:26:54.000Z,Negative
Wise,Financial Services,fast and effecient,paied fines with WISE card. Received money instantely. and much more,5,2026-08-09T12:21:06.000Z,Positive
Wise,Financial Services,Best!,"Easy, simple and straightforward. Great rates. Highly recommend.",5,2026-08-09T12:18:10.000Z,Positive
Wise,Financial Services,"Fast, great exchange","Fast transactions, great service, has one of the best exchanges I know.",5,2026-08-09T12:16:17.000Z,Positive
Wise,Financial Services,Excellent service,Excellent service. So quick and low charges. Highly recommend,5,2026-08-09T12:13:20.000Z,Positive
Wise,Financial Services,Super easy,Super easy to send/receive money,5,2026-08-09T11:52:11.000Z,Positive
Wise,Financial Services,Wise card,Easy to apply for and using the app is easy also moving money on the card is so simple,5,2026-08-09T11:17:10.000Z,Positive
Wise,Financial Services,Sweden Transfer.,Both sending and receiving cash so simple and quick. Always keeping both parties informed throughout the transaction.. No,5,2026-08-09T11:14:35.000Z,Positive
Wise,Financial Services,there is trouble everytime one tries to…,there is trouble everytime one tries to log in,1,2026-08-09T11:11:58.000Z,Negative
Wise,Financial Services,Banking with ease,"Living in Spain Wise makes our banking experience and flexibility easy. Excellent service, always and would highly recommend them.",5,2026-08-09T11:00:30.000Z,Positive
Wise,Financial Services,Transfers are very quick and easy,"Transfers are very quick and easy. I have accounts in several currencies which makes travel easy and secure. The rates are good and I like the idea of cashback, I would recommend Wise to anyone.",5,2026-08-09T10:59:40.000Z,Positive
Wise,Financial Services,Easy to use,Very good exchange rates and very easy to use. Highly recommend.,5,2026-08-09T10:46:58.000Z,Positive
Wise,Financial Services,I feel safe every time I do business…,"I feel safe every time I do business with Wise. Safe, secure, reliable – Wise is the best!",5,2026-08-09T10:21:21.000Z,Positive
Wise,Financial Services,Easy to use .,"Hey there, Works like a charm! Thanks for taking a second to share the love. Wise.",5,2026-08-09T09:51:23.000Z,Positive
Wise,Financial Services,Safe easy reliable thanks,Safe easy reliable thanks,5,2026-08-09T09:51:14.000Z,Positive
Wise,Financial Services,Delay refund on Bank Transfer,"I had made transfer from my bank account through iDeal service in Netherlands on a weekday before noon. My money got deducted immediately but i was notified that the transfer would take 22 hours. After waiting for 24+ hours, I cancelled the transfer and made smaller amount multiple transfer at higher charges, which went through immediately. WISE is blocking immediate transfer higher than Euro 2k as an experience and encouraging smaller transfers to earn more transaction fees. This is total scam. Finally, when I had asked for refund, I am told it should take 2-10 working days. While the refund policy states, that bank transfer refund should be done within 0-3 days. While transfer they operate as an online platform but while refund they become offline and only working on work days with human intervention They are more focussed on earning extra interest from customer money and block or delay the refund process. WISE is good for short amount transfer within 2K but very bad with higher amounts. Please consider the right platform based on your needs",2,2026-08-09T08:49:00.000Z,Negative
Wise,Financial Services,Convenient and secure,Convenient and secure,5,2026-08-09T08:32:49.000Z,Positive
Wise,Financial Services,"Poor, opaque service",Said the person would get an exact amount then took additional money out of her side without saying why. Customer service didn't help. In response: It was not a swift transfer and the Wise screen told me the person would be getting exactly that amount. So everything you have written is false.,1,2026-08-09T10:25:32.000Z,Negative
Wise,Financial Services,Great way to travel with the Wise Card,"Great safe way to travel I love using my Travel card, And i love the Freeze option. And how Wise offer great exchange rates.",5,2026-08-09T07:05:16.000Z,Positive
Wise,Financial Services,"Great set up, easy to use",I’ve been using Wise just over a year now. I initially wanted to transfer money to a family member in Australia whilst I was in the UK. All went well and since then have moved to Australia myself and use Wise to transfer my UK pension to Australia. I now also have a card to allow me to use in different countries in whatever currency they use. During this time I have always had a great exchange rate and there has never been any problem with any of the transactions. I would certainly recommend Wise to anyone wanting to exchange currency without the expense of the other methods.,5,2026-08-09T05:56:52.000Z,Positive
Wise,Financial Services,Saved hundreds in fees on OS trip,"Easy to set up and compared to using our regular credit card on a trip to Europe, saved us hundreds in fees. It would be nice if there was support for an EC card as we got stuck a couple of times at places not accepting Visa cards.",5,2026-08-09T05:38:05.000Z,Positive
Wise,Financial Services,Easy to use,Easy to use Rapid transactions Very helpfull,5,2026-08-09T03:20:08.000Z,Positive
Wise,Financial Services,Refreshing my connection to my bank was…,"Refreshing my connection to my bank was not working. My log in details were correct, but Wise gave no reason why it was failing. Also, could not find a customer service number to call. If there is one, it wasn't where it was easy to find.",2,2026-08-09T02:58:17.000Z,Negative
Wise,Financial Services,Easy to use tool for money conversion.,I’ve been using Wise for a couple of tears now. I also recommended to my family too. Really easy to rap and go. It’s got all the main currencies too. I have US and Euros whenever I travel. Even sone of tge tiniest of shops in Italy took the tap from my phone. So convenient. And a list of all your charges are at your fingertips.,4,2026-08-09T02:47:25.000Z,Positive
Wise,Financial Services,Easy and intuitive,Very intuitive site to operate . Only small issue I have is Face ID will often dropout and I have to reset up . Easy to transfer funds between currencies and also to load.,5,2026-08-09T02:13:34.000Z,Positive
Wise,Financial Services,I do all my foreign exchange through…,I do all my foreign exchange through them,5,2026-08-09T01:25:13.000Z,Positive
Wise,Financial Services,Good bank account,Hey Salman! We're really glad to hear you're enjoying your Wise account! Thank you so much for the 5-star rating! Wise,5,2026-08-09T00:52:12.000Z,Positive
Wise,Financial Services,I received an email asking for more…,"I received an email asking for more information. I logged in to my account and it says I have an email I have to action, but the page doesnt open. I dont know if my money is transferred or not. Confusing service",3,2026-08-09T00:39:42.000Z,Neutral
Wise,Financial Services,Amazing I love wise bank super bank in…,Amazing I love wise bank super bank in this words Thank you,5,2026-08-08T22:48:30.000Z,Positive
Wise,Financial Services,Wise is done as excellent,Wise is done excellent. Hasle free transfers. No problems so far. Only thing is that app showing notifications which is hard to find or I cant find it when I open the app. Maybe make app more user friendly and simpler. Happy to be part of Wise.,5,2026-08-08T22:10:45.000Z,Positive
Wise,Financial Services,Everything is fast and perfect.I love…,Everything is fast and perfect.I love Wise,5,2026-08-08T22:01:26.000Z,Positive
Wise,Financial Services,I like to work with Wise because it’s easy to transfer money and I can use my card everywhere without any problem.,Hi Yara. Thanks for sharing the love! We're thrilled to make your global spending and money transfers completely hassle-free. Wise,5,2026-08-08T21:44:27.000Z,Positive
Wise,Financial Services,Nevermind,Nevermind. They wouldn't pay any attention to me anyway.,4,2026-08-08T21:10:20.000Z,Positive
Wise,Financial Services,It took 3 says for a remittance veteran my accounts in USA and Germany. It used to be seconds,It to ok 3 says for a remittance,2,2026-08-08T21:03:57.000Z,Negative
Wise,Financial Services,Easy and fast is the key,Fast and easy of use.,5,2026-08-08T20:54:41.000Z,Positive
Wise,Financial Services,Clear,"Fast, efficient and clear",5,2026-08-08T20:33:55.000Z,Positive
Wise,Financial Services,Easy accsess,"Easy accsess, fast, widely accseptable. Easy handeling of the account.",5,2026-08-08T20:31:00.000Z,Positive
Wise,Financial Services,It is very very great,Hey there We're thrilled to hear you're loving the service! Thanks so much for taking the time to leave us some love 🚀 Wise,5,2026-08-08T19:38:19.000Z,Positive
Wise,Financial Services,This service is very good,"This service is very good, you can make international payments very easily.",5,2026-08-08T19:35:27.000Z,Positive
Wise,Financial Services,I trust Wise.,I trust Wise. Have been their customer for 5 years now. Would love to have a small perk...,5,2026-08-08T19:22:35.000Z,Positive
Wise,Financial Services,Trustworthy and very easy to use,I downloaded the wise app it's very easy to use the company are very trustworthy I have used them a few times to exchange money and it's been easy and very fast,5,2026-08-08T19:17:27.000Z,Positive
Wise,Financial Services,Competitive forex rates,"Competitive forex rates, low fees, and a really simple web tool.",5,2026-08-08T19:15:57.000Z,Positive
Wise,Financial Services,Easy,Mostly easy to use. Very quick transfers. Good rates. Savings jars to help keep money separate from everyday needs.,5,2026-08-08T18:53:54.000Z,Positive
Wise,Financial Services,I have used WISE for years,I have used WISE for years. Never a disappointment.,5,2026-08-08T17:57:26.000Z,Positive
Wise,Financial Services,Wise has to much time for payment to…,"Wise has to much time for payment to card booking, so needs more than one hour for 10 second direct instant payment to my account application and you can't use your card while the booking is need longtime from Wise!",3,2026-08-08T17:49:45.000Z,Neutral
Wise,Financial Services,Amazing way to transfer money fast and…,Amazing way to transfer money fast and safe.,5,2026-08-08T17:48:19.000Z,Positive
Wise,Financial Services,No help,"Asked a question under 'Help', but never received a reply other than 'How did we do?' Well, that's how.",1,2026-08-08T17:28:18.000Z,Negative
Wise,Financial Services,the best apps as far,"Hey there, Thank you so much for the amazing compliment! We are thrilled to hear that you think we are the best app around. Making your international money management smooth and easy is what we love to do. 💚 Wise",5,2026-08-08T17:27:56.000Z,Positive
Wise,Financial Services,Wise is fast and reliable,"Wise is fast and reliable, It was never let me down",5,2026-08-08T17:16:57.000Z,Positive
Wise,Financial Services,Everything is easy,Everything is easy. Rates are fair. No bereaucracy. Trust.,5,2026-08-08T17:16:11.000Z,Positive
Wise,Financial Services,Transfer of money is quick and easy.,"Hey there WOW, reading this just made our day! We work hard to keep transfers simple and seamless, so knowing we hit the mark for you means the world 💚 Thanks for being an awesome part of our community! Wise",5,2026-08-08T16:57:24.000Z,Positive
Wise,Financial Services,I am happy,"I am happy, Great app",5,2026-08-08T16:53:22.000Z,Positive
Wise,Financial Services,It’s really quick and easy to send…,"It’s really quick and easy to send money to my family abroad. I had amazing experience with Wize in USA, Asia, just pay and it worked out the rate and payment instantly, wow that so amazing.",5,2026-08-08T16:48:15.000Z,Positive
Wise,Financial Services,Speed and on time,"All his been well using wise, would recommend to anyone.",5,2026-08-08T16:44:52.000Z,Positive
Wise,Financial Services,Simple and efficient.,Simple and efficient.,5,2026-08-08T16:40:38.000Z,Positive
Wise,Financial Services,They have helped me out so much when I…,"They have helped me out so much when I didn't have a credit card because I lost it, send money to Wise and use virtual card in phone perfect..",5,2026-08-08T16:36:57.000Z,Positive
Wise,Financial Services,everything is easy and secured,Hey there That is what we love to hear! Keeping your money safe while making your transfers quick and easy is always our top priority 🚀 Thanks a lot for taking the time to share the love and for choosing Wise Wise,5,2026-08-08T16:28:35.000Z,Positive
Wise,Financial Services,The service is practical and fast,"The service is practical and fast. Transfers are automatic, and I can always see the details and tracking.",5,2026-08-08T16:22:42.000Z,Positive
Wise,Financial Services,Excellent,"Fast, easy, simple. Just works as expected.",5,2026-08-08T15:57:01.000Z,Positive
Wise,Financial Services,Very easy to transfer funds in…,"Very easy to transfer funds in different currencies, good exchange rates and low fees.",5,2026-08-08T15:39:10.000Z,Positive
Wise,Financial Services,Wise is and easy and convenient method,Wise is and easy and convenient method I have been using it for long time,5,2026-08-08T15:36:11.000Z,Positive
Wise,Financial Services,Always easy to control my own finances,Always easy to control my own finances,5,2026-08-08T15:25:47.000Z,Positive
Wise,Financial Services,Nice too have wise,Nice too habe wise. Just if I can send cash to Egypt will be more fine,4,2026-08-08T15:14:02.000Z,Positive
Wise,Financial Services,It's indeed wise,It's indeed wise. It has very good rates for international transfers. I'd probably not use anything other than wise.,5,2026-08-08T15:09:14.000Z,Positive
Wise,Financial Services,I’ve had very good experiences with all…,I’ve had very good experiences with all my transactions so far. Processing has always worked straight away or within a very short time. You are kept fully informed of every development. Customer service responds promptly.,5,2026-08-08T15:00:27.000Z,Positive
Wise,Financial Services,Very efficient and effective,Hey there That is what we like to hear! Making your money move quickly and smoothly is what we're all about 🚀 Thanks a lot for taking the time to share the love. Wise,5,2026-08-08T14:58:53.000Z,Positive
Wise,Financial Services,IN ALL MY ENCOUNTER WITH THE COMPANY,"IN ALL MY ENCOUNTER WITH THE COMPANY, THERE SUPPORT OR AGENT ARE WELL TRAINED TO STUDY YOUR PROBLEM WITH EXACT RESULT IN SORTING IT OUT. THEY ARE REALLY HONEST PARTNERS.",5,2026-08-08T14:44:59.000Z,Positive
Wise,Financial Services,highly recommended,I'm lucky enough to have a selection of credit cards with no international fees but Wise offers competitive rates and the debit card is extremely useful. Highly recommended!,5,2026-08-08T14:27:47.000Z,Positive
Wise,Financial Services,I’m using Wise for many years and…,"I’m using Wise for many years and they’re always reliable, trustworthy and very fast. If anyone needs to transfer money around the globe, they’re the cheapest one I was able to find.",5,2026-08-08T14:16:41.000Z,Positive
Wise,Financial Services,Fastest transaction process,Fastest transaction process. Simple & steps to open account& transparent and smooth process off account maintenance.,5,2026-08-08T14:07:24.000Z,Positive
Wise,Financial Services,Its far too complicated and i was…,Its far too complicated and i was unable to transfer money to my sister in Australia.,1,2026-08-08T14:06:15.000Z,Negative
Wise,Financial Services,Best Service and Support,"Hello Denis, Thank you for the 5-star review! Knowing that you consider our service and support the best is truly high praise. We're glad to have you with us. If you ever need help with anything, feel free to reach out to us at https://wi.se/help or drop us a message on our social media channels. Wise",5,2026-08-08T14:02:01.000Z,Positive
Wise,Financial Services,Fast transfers,Fast transfers Easy to use website Informative on keeping up-to-date news on their app I Would thoroughly recommend this app,5,2026-08-08T13:49:18.000Z,Positive
Wise,Financial Services,Efficiency,"Efficiency, speed, lower costs, insurance... it's all very positive, keep going forward!",5,2026-08-08T13:48:21.000Z,Positive
