Company,Industry,Review Title,Review Text,Rating,Date
Temu,Online Shopping,,Any clothing items bought from Temu are likely to be shoddy and made with cheap Polyester. I have wasted money on various purchases and they have almost all disappointed. If you buy household goods an... See more,2,2026-08-09T12:05:04.000Z
Temu,Online Shopping,,"Minus one star at least. I have repeatedly contacted Temu about their deliveries beng left anywhere but where they should. They have been dumed in garages at the back, the garden, but mostly rubbish... See more",1,2026-08-08T12:32:35.000Z
Temu,Online Shopping,Products,Do not bye from temu i bought 2 air fryers by mistake as I thought i bye through paypal and it did not go through it was just taken by temu but PayPal told me that it was on automatic payment and Paypal removed it. SO DO NOT TUST TEMU at all they are crap i have tried to get a returns address but failed and i don't think I will send them back anyway because of some one else doing that and was told they had come back damaged that's why I don't trust temu where is the proof they are damaged I ask myself that's why I will not send them back PLEASE DO NOT BUY FROM TEMU as I will not again,1,2026-08-11T15:38:12.000Z
Temu,Online Shopping,Their rewards system is completely misleading,"Their rewards system is completely misleading. They offer free cash gifts worth hundreds which turn out to be coupons worth $5-10 for nil purchases and higher value coupons of $20-35 only redeemable after you spend over $70 or more. Ignore the offers, they are discounts on cheap products initially overpriced. Tools are or quality rubbish in many cases, like the dash cams. Let the buyer beware. I have tried them a few times with more disappointment than joy. Spend extra an get quality from reputable vendors.",1,2026-08-11T14:58:55.000Z
Temu,Online Shopping,Basically got told I could return a…,"Basically got told I could return a perfume that smelled awful despite them knowing it had been opened and then refused to refund me. Even though they advised I send it back they are now saying I will get no refund and if i want the perfume back I need to pay again.

Basically got scammed out of £110 they are not a reliable company and happily let you get scammed by 3rd party sellers and lie though customer serivce constantly, temu are scammers they didnt used to be bad but even before this I ordered a cupboard that never arrived and they took a month to resolve it. Never using again.",1,2026-08-11T14:49:34.000Z
Temu,Online Shopping,Temu Sux,"Temu responded to my review, saying to make sure I wasn't the victim of fraud. Ohh I sure was but I don't need the bank to tell me, it was Temu who committed Fraud... You said I had $100.00 credit so I placed a $106. Order and was charged the full amount. Then you have this stupid spin wheel that somehow it always lands on the biggest reward that you NEVER really give. I had to cancel my credit card so you would stop taking my money!!! Temu you are the worst fraud ever!!!! I really hate you!!! I'm still trying to reset all my automatic monthly payments because I had to cancel my credit card. Not to mention that the stuff that I did order is ALL SUPER CHEAP!!! I'VE NEVER SEEN SUCH PIECE OF CRAP COMPANY IN MY LIFE!!! In all this I really blame myself because I should of looked at your reviews... you have one star, and you don't have less because the lowest rate we could give is one star!!! Please everyone DON'T BE A VICTIM OF TEMU!!!!",1,2026-08-11T14:18:19.000Z
Temu,Online Shopping,I like Temu for many items and order…,"I like Temu for many items and order quite often. Is mostly good value but some useless falsely advertised quality wise and functionality wise. My biggest annoyance though is the false offers of open the boxes and get free cost items. I ended with ""as a valued customer 5 free 0 costed items"" which I picked but to get each item I had to order something from £8 to £10 pound for each free item!!! Disappointed in these false so called offers. Would prefer not to see them. 2 stars because of this scamming.",2,2026-08-11T14:16:55.000Z
Temu,Online Shopping,Deceptive scam support! Mocked with templates and tried to trick me!,"I ordered a crystal candelabra lamp (order PO-186-01483704556152325), which arrived completely broken and shattered. What followed was a total nightmare of deceptive practices and mockery by Temu's customer support.First, when I reported the damaged item, the support agent opened a fake claim for ""Item not received."" Since tracking showed it was delivered to Spain, the system automatically rejected it. This was a deliberate setup to deny my refund.Second, after I protested, they promised a ""refund without return"" but instead forced a physical return and generated a label for GLS ROMANIA, completely ignoring that my shipping and residence address is in SPAIN! It is logistically impossible to ship broken glass across Europe using an invalid domestic label from another country.For over a week, the supervisor intentionally wasted my time by spamming me with useless automated templates. When I explicitly begged them to stop using templates and look at the country error, they mockingly replied with the exact same template script, word for word. No human empathy, no solutions, just wasting time.Finally, they tried to trick me by sending an email demanding that I cancel the return request and open a new one. This was a pathetic attempt to make me lose my consumer rights. Now, they have simply CLOSED the ticket without resolving anything.This is an absolute scam. I have already escalated this fraudulent behavior to my bank for a chargeback and filed an official case with the OCU Consumer Protection in Spain. Avoid Temu at all costs!",1,2026-08-11T13:06:52.000Z
Temu,Online Shopping,Complicated confusing full of promises…,Complicated confusing full of promises scam selling no real discounts,1,2026-08-11T12:04:05.000Z
Temu,Online Shopping,Avoid temu…,Avoid this company at all cost they subtract 25 percent and any discount they have applied to you when refunding items they seem like a con they show pictures that are not accurate and when u return you dont even get the money u paid for the items they win again. Seller send u wrong items and they do nothing tell u to speak to seller which refuses and your left shrouded.,1,2026-08-11T12:01:35.000Z
Temu,Online Shopping,"1/5 Stars — ABSOLUTELY TERRIBLE, AVOID AT ALL COSTS!!!","I have been trying to contact this company for AGES and it is an absolute nightmare! It is NOT worth the tiny bit of money you might save — not even close! All those tempting offers and deals are completely misleading — it’s nothing but a trap. The products are terrible, the service is even worse, and the staff are absolutely useless! Every single time you do actually get a reply, they just copy and paste the same generic script over and over again — they don’t even read what you’ve written! Half the time they don’t reply at all! It has been one of the absolute worst shopping experiences I have ever had in my life. I hated every minute of dealing with them. Consider this a serious warning to everyone — stay far away from Temu!",1,2026-08-11T12:00:44.000Z
Temu,Online Shopping,Not what I purchased …,"Purchased light blue denim shorts received dark blue shorts instead. Asked Temu to send what I ordered and paid for cosy $30, they offered me a $3 credit, have bought so many items from Temu a and will not be buying from them again, very disappointed.",1,2026-08-11T11:51:56.000Z
Temu,Online Shopping,What I am most annoyed at is the time…,"What I am most annoyed at is the time frame for returns to be processed. I PAY UP FRONT and IN GOOD FAITH for items from temu, more often than i care, items are poorly made cloting inc sizing or poorly made wigs so they get returned... WHY when I pay up front do I have to wait for the ware house to CHECK and process the items and takes over a week after recieving them. I return the items the same condition as I recieved them. One order was MISSING solar lights for the garden, I did not get refunded, why? because I could not put the item in the return package. make that make sense",3,2026-08-11T11:02:31.000Z
Temu,Online Shopping,Inconstructuve Refunds,"Quite Disturbing How Temu denies your return package. Happend twice now and I can not understand how it is possible.
After following the clear instructions giving, replacing the item as you recievd it now they stating no barcodes attached to the product. Really the garments don't even have barcodes and I used the same packaging that they sent the item with. This is now the 2nd time Temu withheld a Refund and within in minutes when u log a Claim it gets Denied. Quite SAD
PO-184-14928897992310009",1,2026-08-11T10:19:27.000Z
Temu,Online Shopping,I have been shopping with Temu for some…,"I have been shopping with Temu for some time now. I have at least tried 10 times to obtain free gifts. My last purchase was to receive the allocated gifts. I have not received what you advertised. I tried many times, and the same thing happens; I do not receive any. This time I spent over two hundred dollars and received only one. I feel you are dishonest, and I wish to withdraw my continued shopping. Heather Dalzell.",1,2026-08-11T07:43:52.000Z
Temu,Online Shopping,Not a single product size is correct,Not a single product size is correct. The quality is extremely poor.,1,2026-08-11T06:33:47.000Z
Temu,Online Shopping,I don't shop on TEMU and this is why,"Here's what I hate about Temu. When I want to shop I do not want to play games and pick cheap items for cheap prices, AND SPIN A STUPUD WHEEL. IT'S FOR PEOPLE WHO HAVE NOTHING ELSE TO DO I GUESS. I get so sick of all of that when I go into the TEMU App I just leave it. I have never purchased anything from TEMU for that very reason AND I NEVER WILL.",2,2026-08-11T05:55:28.000Z
Temu,Online Shopping,Fell for the dishonest promotional…,"Fell for the dishonest promotional gifts. Stay away from this crooked app and company if you know what’s good for you. Luckily I only purchased 2 items, but was supposed to receive 8 other free ones. They disappeared from my account after purchase. Rot in Hell!",1,2026-08-11T04:22:40.000Z
Temu,Online Shopping,The bottom line is,"The bottom line is, DO NOT GET TRAPPED BY THEIR SCHEMES. if you like something, just get it and stay away after that. They promised me 8 items and I got NOTHING. their excuses are nothing but HOG WASH. since they will see this view, I hope they honor their commitment and give me my items, then I will let you know of the outcome.",2,2026-08-11T04:06:27.000Z
Temu,Online Shopping,Baited,"Baited, promised, and guarateed free gift, cash back and coupons with additional purchases - and then switched - TO NOTHING. Wasted my time with multiple wheel spinning and the above false promises. When I contacted and complained to their chat service, it WANTED ME TO PAY $5.00 for them to take any action, and said it would be returned, later. Zero trust in Temu",1,2026-08-11T03:14:02.000Z
Temu,Online Shopping,Public Warning,"Public Warning: Check the Real Reviews Before You Buy
Rating: \star☆☆☆☆ (1 Star)
After more than two years of dealing with this platform, I have officially reached my limit. I am updating my review to 1 star to warn other customers. Please, do yourself a favor and check the independent public reviews before you order anything.
Key Reasons to Avoid This Platform
Terrible Product Quality: The items sold are extremely cheap and poorly made. If you wash red clothing, the dye bleeds so badly it looks like a mess. If you buy blue items, the color runs like house paint. Nothing is built to last.
Constant Promotional Loops: For over two years, they constantly trap customers in endless cycles pushing coupons and credits instead of providing reliable service or quality control.
Incompetent Support: When things go wrong, customer support offers nothing but empty promises and zero actual help.
A Warning to All Shoppers
Do not be fooled by inflated ratings or flashy promotions. Take a look at what real customers are saying on independent review platforms—the massive wave of 1-star reviews speaks for itself. Save yourself the headache, protect your money, and avoid shopping here. A Serious Warning to New Shoppers: Don't Fall for the Fake Ratings
Rating: \star☆☆☆☆ (1 Star)
To anyone thinking about joining or placing an order: do not be fooled by the 5-star and 4-star ratings. ### Why You Cannot Trust Their Ratings
The high ratings you see on the platform are heavily inflated because customers are constantly lured into leaving positive feedback with promises of free coupons and credits. It is a rigged system designed to trap new buyers who don't know any better.",1,2026-08-11T01:42:33.000Z
Temu,Online Shopping,Cheap products,The items I received were very cheaply made. The seat covers I ordered were not the ones pictured online and I returned them for my $30 back. Waiting to receive my refund. Wish me luck! I now receive a ridiculous amount of ads from Temu and it is driving me crazy!,1,2026-08-11T00:36:31.000Z
Temu,Online Shopping,It's a huge mistake getting anything…,It's a huge mistake getting anything from this place. I ordered a few items so far either it's junk or wrong size. And forget the free stuff they never sent what you chose. Horrible service . Waste of time I wouldn't have left one star.,1,2026-08-11T00:04:15.000Z
Temu,Online Shopping,I dont trust im not getting robbed,"I dont trust im not getting robbed , the purchase says it goes threw then tells me to verify payment method but one 5mins later is fine. Was supposed to get a $100 credit for buying all this shit and never received and most of my items are worthless junk. Nothing I actually want ever actually shows up but never any record when know I bought it
Every so often find something thats worth buying but over all dont waist ur time",2,2026-08-10T23:06:32.000Z
Temu,Online Shopping,Avoid this company and China altogether…,Avoid this company and China altogether until anti cruelty for animals are enacted.,1,2026-08-10T23:03:15.000Z
Temu,Online Shopping,Extremely Disappointed With Temu,"Extremely Disappointed With Temu – Poor Quality Products

I am extremely disappointed with my experience purchasing products from Temu. After ordering several different items, I found a consistent pattern of poor quality and inferior materials.

The shoes were not true to size and were much too wide. The parchment paper was so poor that everything I baked on it stuck to the paper. The shower caddy is extremely flimsy and does not feel sturdy enough for normal use. The Ziplock-style bags are very thin and flimsy. The clothing is made from extremely poor-quality material and does not look or feel like the quality represented in the listings.

These were not isolated issues with one product—they occurred across multiple categories of items. I expected better quality and value, and unfortunately, I was very disappointed.

Based on my experience, I would not recommend Temu to anyone looking for reasonably durable, good-quality products. Buyers should be very cautious and should not assume that the attractive prices mean they are getting good value.",1,2026-08-10T22:46:28.000Z
Temu,Online Shopping,Item out for delivery 7 days and still not here,"An absolute pile of shite who’ve taken my money and delivered nothing.

And now trying to get the review deleted.

Here you go.

Order ref.
PO-210-17564164424310876

My experience is real unlike your “dedicated assistants here to help”.

Thanks for your copy and paste reply. Like everything you’ve done to date you do not investigate anything. It’s all hollow meaningless words.

I have already used the messaging service you mention below and provided the response from Evri verifying that they have lost the parcel.

You’ve been given this information and yet still you don’t organise a replacement or issue compensation as per your T&Cs and a full refund.

Like I’ve said several times in my communications in the last few days, this will be my last ever order and urge everyone to take note of your behaviour and follow suit.",1,2026-08-11T07:19:00.000Z
Temu,Online Shopping,DO NOT BUY HERE,"DO NOT BUY HERE! Defective vacuum cleaner received. Order ID: Po-076-06250616474232582. The customer support has been promising to solve the issue for 8 days but doing absolutely nothing ('zero emotions', only fake promises). I paid part with card, part with Temu balance. I have already filed a formal Chargeback dispute with my bank today. Disgusting service!""UPDATE: Temu support continues to ignore my rights. They are trying to bargain and offered me a ridiculous 20% partial refund for a completely broken, non-working vacuum cleaner. I rejected this fake offer. I demand a 100% full refund of 40 EUR. My bank chargeback is active, and I will not change this review until I get all my money back!""",1,2026-08-11T12:07:47.000Z
Temu,Online Shopping,Very unhappy with Temu some of the junk…,"Very unhappy with Temu some of the junk they sell, there prices have been going up constantly. Don’t play there game or promotion they deceive you and fix it some how you will lose out and they don’t have to send it to you. There prices are constantly going up to where you can go locally and buy it cheaper.",1,2026-08-10T19:15:59.000Z
Temu,Online Shopping,URGENT REFUND,"I HAVE RESPONDED WITH THE ORDER NUMBER AND I'M TO GET A RESPONSE

Hello,

I’m honestly quite frustrated with this response, especially because this issue has already been going on for quite some time.

How does it make sense for me to spend money returning an item when the cost of returning it is significantly more than the value of the item itself? I should not have to incur an unreasonable expense just to receive a refund for an item that was already problematic.

If you are unable to process the refund without a return, then I would prefer that you reship the item to me instead.

I have been trying to resolve this for a while now, and I’m becoming increasingly dissatisfied with how long this has taken. I would really appreciate a practical solution rather than being asked to spend even more money to resolve the issue.

Please let me know if you can either process the refund without requiring a return or reship the item.

Thank you.",1,2026-08-11T06:50:50.000Z
Temu,Online Shopping,Scam fraudulent crap.,"Hello, thank you for contacting us. Temu is an e-commerce company that connects consumers with a network of merchandise partners, manufacturers and brands with the mission to empower consumers to live their best lives. Customer satisfaction is of the utmost importance and we are constantly working to improve our service quality. If you need further assistance, please message us through Temu.com or Temu app live chat. Best wishes, Temu team",1,2026-08-10T17:51:57.000Z
Temu,Online Shopping,never use their services they cover scammers,"I wasted half a day waiting for the package...the carrier made a fake delivery attempt but I didn't receive anything...when trying to resolve this issue with the topic their customer service department just wastes time and bounces me from one manager to another.
11aug.
PO-210-18913271319670965
Another fake delivery, now even without a street photo.The topic refuses to return my money, I have to contact my bank. If anyone is interested, I will upload screenshots from the chat with the customcr service. Avoid this fraudulent platform as much as you can. Have a good day and happy shopping everyone.",1,2026-08-11T10:43:11.000Z
Temu,Online Shopping,I have read all negative reviews and…,I have read all negative reviews and kind of agree you have to realise that Temu are a cheap warehouse selling tack I use it for Halloween Christmas and Easter for cheap home party themes for that they are brilliant although I have had some bits that have been real unusable tack I have had lots of good value bits it really is you get what you pay for just ordered 2026 Halloween as I know may take a month,3,2026-08-10T16:52:09.000Z
Temu,Online Shopping,Northedge outdoor Ltd,"Northedge outdoor Ltd. Huddlesfield West Yorkshire HD1 1RL. Third party seller on temu.
I bought
48V Portable Cordless High Pressure Washer | Equipped with Two Batteries, a 6-In-1 Adjustable Nozzle, Suitable for Car/Floor/Garden Cleaning And Watering, As Well As Other Household Cleaning Tasks.
£20.98
1SET
The item sent was totally a different one. It was wrapped only in black polythene thin wrapper. Because of this the case arrived cracked. I thought temu would be careful with third party sellers on their platform, but apparently not. I don’t trust temu or the seller, so I’m stuck with an item that may even be 21v instead of a 48v one.
AVOID THE SELLER AND TEMU PLATFORM AT ALL COSTS. I wish I had looked at the reviews before I purchased from Northedge outdoor ltd as I’ve found at least four other buyers have had the same experience as mine.",1,2026-08-10T16:10:17.000Z
Temu,Online Shopping,Order PO-135-06333858002553814,Order PO-135-06333858002553814: Received an incomplete parcel with missing and damaged items. Customer service relies on automated responses demanding I physically return items that were never delivered in the first place. Refusing full refund of 474 MAD. Escalated via Chikaya.ma and chargeback.,1,2026-08-10T13:44:12.000Z
Temu,Online Shopping,I just want to buy products from Temu…,I just want to buy products from Temu but they throw all sort of bonus and money back but you need to spend more.. I am sick if this tricks.. Australia Fair trading and consumer law should look at this business tactic. Stings,1,2026-08-10T13:13:39.000Z
Temu,Online Shopping,I am getting sick of some temu sellers…,"I am getting sick of some temu sellers doing false advertising, case in point, bought a 300 pack of butt solder shrink joints, they show a packet of 300, but you only get 100 butt shrink joints, the other 200 I just black shrink covers, which are small and probably will never use.
Temu needs to do something about this, there needs to be better transparency by the sellers, unfortunately I cannot complain direct to the seller, as you can on eBay. Basically Temu cannot be trusted",1,2026-08-10T12:36:44.000Z
Temu,Online Shopping,I used to be a very frequent Temu…,"I used to be a very frequent Temu customer. I genuinely loved shopping on Temu because of the low prices and the huge variety of affordable products. I was always excited to find great deals.

Unfortunately, that has completely changed. When you reach checkout and see all the additional fees, the final price becomes way too expensive. It’s simply not worth it. I will no longer be shopping on Temu. I’m done paying these excessive fees!",2,2026-08-10T11:59:40.000Z
Temu,Online Shopping,Temu was great until J&T delivery,"I'm very sorry to have to write this review. I've been ordering from Temu for years and generally had a good experience, but since they switched to J&T for deliveries, the process has become far too stressful.

I recently ordered several items, including a custom order, for an important event. Unfortunately, delivery was never even attempted. Despite this, J&T claimed that I had refused the package and sent it back to the sender.

The Temu representatives I spoke with via live chat were kind and friendly, and I appreciate their efforts. However, the only resolution they were able to offer was a refund plus a 20% discount coupon, capped at €20 and valid for just seven days. Considering the circumstances, this does not come close to making up for the situation. The order included a custom-made item, and because of the delay and return, I no longer have enough time to reorder it elsewhere before the event.

After being a customer for years, I'm genuinely disappointed that this experience has made me decide not to order from Temu again. I would strongly advise Temu to reconsider working with J&T, as an unreliable delivery partner can completely undermine an otherwise positive customer experience.",1,2026-08-10T11:26:26.000Z
Temu,Online Shopping,Questionable fulfillment tracking,"Questionable fulfillment tracking.
They do not update the correct items delivered in your package. I had an item that was not delivered to me and requested for a refund twice with their customer service and was denied without any engagement.

PO-209-12284168233591437-D01",2,2026-08-10T11:17:34.000Z
Temu,Online Shopping,Extremely disappointing experience with…,"Extremely disappointing experience with Temu
I am extremely disappointed with Temu. My package was never delivered to me, yet customer service continues to tell me that it was delivered simply because the shipping company marked it as “delivered.”
I have contacted Temu several times and provided multiple screenshots and pieces of evidence showing that I never received the package. I also contacted the delivery company and reported the issue. Despite this, it feels like nobody is actually taking the time to review the evidence I provided.
I keep receiving the same response that the package was delivered, but no actual proof has been provided that I personally received it. A simple photo of a package does not prove that it was handed to me.
What is even more frustrating is that I have made several attempts to resolve this issue peacefully, but my messages and evidence seem to be completely ignored.
This is absolutely unacceptable. When a delivery problem occurs, I expect a company to take the situation seriously and properly investigate it instead of simply repeating that the package was “delivered.”
Very poor customer service and a very disappointing experience. I would not recommend Temu based on how this situation has been handled.",1,2026-08-10T10:31:54.000Z
Temu,Online Shopping,"Not everything is bad, but you've to be careful","You really do have to be careful – cheap doesn’t necessarily mean good. There are certainly some good, affordable products, but there’s also a lot of rubbish where the products look good in the photos and the description, but then don’t work as well in practice or are not of that material as you’d expect. Also, be aware of the many 5-star reviews: the comments often reveal whether the buyer is giving a genuine or useless review of the product or if he has really used the product. At least the refund process is straightforward if there is a problem with any product.",2,2026-08-10T10:03:11.000Z
Temu,Online Shopping,Temu customer services excellent.,"I have been using Temu for some time now and for the most part I have had a positive experience however, there's been a couple of times I have been sent the wrong item or a faulty item.
Temu has always addressed any issues I encountered quickly.
I would like to thank Maddy at customer services for dealing with a recent issue in a position and timely manner! Temu has some really great products. Thank you.",5,2026-08-10T10:00:04.000Z
Temu,Online Shopping,Their popup ads have false X buttons,"Their popup ads have false X buttons. Really annoying to click out of. I will be holding a grudge over this.

Not worth a 1 star review over this because it’s not THAT annoying. But I’m less likely to use Temu after this.",2,2026-08-10T06:46:34.000Z
Temu,Online Shopping,One of the worst online platforms ever…,One of the worst online platforms ever I visited. I order an item and it’s 15 days and still says that port need to clear. Pathetic,1,2026-08-10T03:30:07.000Z
Temu,Online Shopping,I ordered med pants received XL,I ordered med pants received XL. customer service is a joke and I'm tried of trying to jump through hoops to return or get a refund for these cheap fabric pants that look nothing like what was pictured,1,2026-08-10T01:28:42.000Z
Temu,Online Shopping,Wrong item delivered bu Local Temu,"Wrong item delivered bu Local Temu. It's not zipped but elastic. Waste of time; now I need to return, and their Ervi service is horrible. I sent the package but still did not receive any info. When checking the tracking, earlier it said the package was damaged. But now it shows delivered on 1st August, 11:08. Evri Tracking No: c00hha0608248461",1,2026-08-10T00:30:48.000Z
Temu,Online Shopping,Do not trust Temu or their deliveries,"Do not trust Temu or their deliveries. I have sent proof of non delivery of my order to my address, it has obviously been delivered somewhere else. They reply with the same generic message, cannot speak to a human being and absolutely useless.
Don't waste your money with this company, no morals, no customer satisfaction, complaining is just a waste of time!!!!",1,2026-08-09T23:43:19.000Z
Temu,Online Shopping,I have ordered a few products to trial…,"I have ordered a few products to trial Temu having loved the similar Ali Express…..and have to say so far most of what has arrived is of great quality and the delivery service has been very good. The bit that irritates the hell out of me is the constant badgering and apparent offers of free or cheap bargains. It literally does not stop even when I have unsubscribed to this aspect of it. I neither need nor want. If this rubbish stopped i would continue and just order what I want/ need and be pretty happy with this. But as it stands I don’t plan to continue, which is a pity as the products I have ordered and which have delivered have been really very good! I hope Temu learns from this",3,2026-08-09T20:36:52.000Z
Temu,Online Shopping,Great experience so far,"We ordered a battery-powered milk frother, and it is excellent. My husband ordered some cycling gloves and the quality was surprisingly good considering the lower price. So far, we haven't had a bad experience.",5,2026-08-09T19:12:50.000Z
Temu,Online Shopping,Card was charged,"Card was charged. Order not received. Customer service not at all helpful.

To your reply I have provided all this
information several times and get nowhere.",1,2026-08-11T12:38:15.000Z
Temu,Online Shopping,Temu scam,I'm writing again my review after one month last month when I post my review they start working on my issue and update me my parcels are picked by courier and arrive at location I have a screenshot of it from their chat where they confirmed it but after all this they still don't refund me and told me courier is unable to pick my parcel I contact their customers services and they have zero respect for customers I told them your supervisor confirmed it that parcel is picked but they insist I don't return their parcels so they don't refund me and close their tickets I know why they don't want to refund me because my refund amount is higher so they don't refund me my parcels my money my wait everything wasted now they offering me coupon as compensation and told me to they don't refund me or help me I'm totally disappoint at that time I'm going to shift from temu to other shopping apps for smooth experience I think SheIn is much better then temu I confirming it temu is scam so save your money and time instead of wasting on temu,1,2026-08-09T18:15:28.000Z
Temu,Online Shopping,Temu needs to stop using SpeedX,"Temu needs to stop using SpeedX
I have enjoyed ordering from Temu, but I am extremely disappointed that Temu continues to use SpeedX for deliveries. My package was marked “Attempted Delivery — No Access” even though my driveway was completely clear and accessible, and no one actually attempted to deliver my package.
Now, because of SpeedX’s failure to deliver, I am being told I have to wait several more days for another attempt.
Customers should be allowed to choose their delivery carrier at checkout, especially when certain carriers repeatedly provide poor service. I would genuinely rather have my order sent by snail mail than SpeedX — or as I call them, Speed 0.
If Temu continues using SpeedX without giving customers another delivery option, I will seriously reconsider ordering from Temu, and I will continue sharing my experience anywhere delivery-service reviews are accepted.
Temu, please listen to your customers. A good price means very little if the package cannot reliably make it to the customer's door.",1,2026-08-09T18:12:41.000Z
Temu,Online Shopping,I used a prepaid card,"I used a prepaid card, because I don't want my banking info out there. 90% of my orders they wanted verification of my card and put 90% of my orders on hold. I have Never had such a hard time buying items for my local homeless shelter. I guess that I just stick to Amazon. I even messaged them and let them know that it was a pre-paid card.",1,2026-08-09T17:59:53.000Z
Temu,Online Shopping,Delivery related,My biggest regret in life is order from temu I placed orders month ago and tracking status of orders still in transit when I ask their customers services for help they offer me a coupon and told me to wait after waiting alot they say parcel are lost I ask for reshipment they refuse and told me to place new orders their customers services are totally disappoint and shit zero respect for customers refuse to follow their own policies they have a policy related lost orders that is reshipment but I ask for reshipment using this policy they refuse and start insist on accepting that coupon offer my money my wait for parcels everything wasted and when I try to place same orders again they double the price after adding in to cart same orders in double price when I highlights this issue they says they're unable to resolve my issue and unable to deliver my parcels so I should close their so cold tickets because from their side issue us resolve as lost parcels as customers I'm shifting from temu other shopping apps so my these parcels money is wasted,1,2026-08-09T17:59:40.000Z
Temu,Online Shopping,I spoke in phone line 3 times they…,I spoke in phone line 3 times they don’t know what to say,1,2026-08-09T14:48:16.000Z
Temu,Online Shopping,Already being billed and still not one…,"Already being billed and still not one item arrived. Use Speeedx which are useless with little to no customer service, not even a phone number! Website just has pop-ups that confuse the buyer. Amazon may be more money but never these dumb & dumber excuses from cannot find address which then changes to incorrect package then back to cannot find address. I can see I am not alone. It continues. First their SpeedX people cannot find me, then delivered and the only proof is a package pic of the package next to a large old style boom box. My office has cameras and a bin for deliveries. They are lying buggers.",1,2026-08-11T01:50:11.000Z
Temu,Online Shopping,Placed an order,"Placed an order, paid. Where is my order went around in circles. I placed another order same day. Will wait to see. I want my money back or the order filled. Will wait to see.",1,2026-08-09T13:08:10.000Z
Temu,Online Shopping,You are likely to be disappointed,Any clothing items bought from Temu are likely to be shoddy and made with cheap Polyester. I have wasted money on various purchases and they have almost all disappointed. If you buy household goods and other ‘hard’ items then you are likely to be satisfied. I have left reviews which are only posted if they are positive!,2,2026-08-09T12:05:04.000Z
Temu,Online Shopping,Wow fake cards now or cheaper!,"Wow. A lot of fake stuff, an artist has been stolen from too, like cards!this was on the news from artists who say their work has been stolen. Temu was mentioned a few times. So don’t believe them whatsoever.",3,2026-08-10T08:28:46.000Z
Temu,Online Shopping,I am extremely unhappy with my…,"I am extremely unhappy with my experience with Temu and honestly feel let down as a customer.

I placed an order, paid for it, and waited for it to arrive. The tracking then stated that my parcel had been “delivered.” The problem is that I DID NOT RECEIVE MY ORDER. It was apparently left outside, unattended, without being handed to me or placed somewhere secure.

How can an order be considered successfully delivered when the customer has not received it?

I understand that delivery companies can have problems, but leaving a paid parcel outside and simply marking it as delivered is not an acceptable solution. Once a parcel is left unattended, it can easily disappear, be stolen, damaged by weather, or be taken by somebody else. The customer should not be expected to take responsibility for that.

I paid for my items in good faith and expected them to arrive safely. Instead, I am left without my order and having to deal with the frustration of contacting customer service and explaining something that should be very straightforward: I ordered it, I paid for it, and I did not receive it.

The fact that the tracking says “delivered” does not magically mean I received the package. There is a huge difference between a parcel being marked as delivered and a customer actually receiving it.

This has completely changed my opinion of Temu. Before this experience, I was willing to order from the platform, but now I have serious concerns about whether my orders will actually reach me safely.

Customers should not have to worry that their purchases will simply be left outside and potentially disappear. Temu needs to take delivery problems much more seriously and make sure customers are properly protected when an order is not received.

I am extremely disappointed and expect Temu to take responsibility for this situation and provide a proper resolution. I paid for an order that I never received, and that is simply not acceptable.

Based on this experience, I would seriously reconsider ordering from Temu again. Very poor experience and very frustrating customer service",1,2026-08-09T11:21:21.000Z
Temu,Online Shopping,Tortuous Communication with Customer Service,"Re: Order PO1971642819906551505 was delivered 8 August, but three of the fridge magnets did not have magnets attached or included. I tried to communicate this problem with your less than intelligent AI, until I was transferred, at my insistence, to a human customer service officer. This was no better and I ended up going around in circles and with an ever expanding communication chain. Forget about the missing items. I will not be using Temu again.

Re: PO Order PO1971642819906551505

I offer you no thanks for the reply you sent me in response to the review I posted on our recent interactions. The reason is that your reply is unsigned, impersonal. computer generated and totally misses the point of the complaint in my review.

Yes, I originally contacted you because of missing magnets in my order, which was delivered on 8 August.

But the reality is that my complaint morphed into a censor of your totally inadequate customer communication and response mechanisms, e.g. talking mindlessly to a robot, then when I was eventually transferred to a real human being, finding myself on a merry-go-round of being asked the same questions that the robot had asked and failing to answer in any intelligent way. Consequently, I terminated the conversation and decided not to waste any more of my tie interacting with your totally flawed system.

I had suggested the simple solution of you sending me three of the round magnets, which I could then attach to the decals that had been delivered without them. Problem solved. But no! that was all too hard for your mindless, bureaucratic system which wanted to me to play hoopla.

No thank you.

Fix your awful, user unfriendly customer service communication channels, or you will never hear from me again.",1,2026-08-09T22:41:43.000Z
Temu,Online Shopping,Warning!!,"Warning!!! Ordering large items from this joke of a company

Shocking shocking customer service

I tried to cancel an item from this company but they refused!

They told me to refuse the collection but Evri dumped it outside my door. Temu are refusing to collect it and so are Evri. I have contacted customer service multiple times and filed several complaints, but nothing has been done.

This is completely unacceptable. Customers shouldn’t have to chase a company for over a month just to process a simple return. I expected much better service.

Kindly resolve this issue immediately and arrange the pickup without any further delays. I will contact trading standards about this shocking company.",1,2026-08-09T10:00:02.000Z
Temu,Online Shopping,Evri is destroying their businesses Their BOTS ( Temus) are helping destroy TEMU,"The items I’ve ordered have generally actually been good. Temu like SHEIN seem to be under the impression that once they take your money their job is done . The fact they use EVRI who loose and I personally think steal
The packages that never get delivered seems to go over their heads. When you do get offered a refund it takes weeks or in my case my bank had too actually call for the refund back to my CC. No emails answered properly No telephone number to call. These companies are run like scams take your money and do not deliver it’s a great business idea NOTE TO EVRI I HAVE GIVEN YOU MY INFORMATION DETAILS 100 TIMES YOU DID NOTHING SO NO I WILL NOT BE PROVIDING MORE",1,2026-08-09T11:41:51.000Z
Temu,Online Shopping,This is the second parcel the delivery…,This is the second parcel the delivery driver has just thrown over the fence! The gate IS open but no.... he insists on throwing my parcel over a 6 foot high fence!. Just damn lucky nothing was breakable! Not happy!,2,2026-08-09T07:39:33.000Z
Temu,Online Shopping,I feel like this website is a scam sometimes,"The items on from Temu are very hit and miss as far as their quality. My biggest complaint with this website is that they promise you things like eight free gifts 9 free gifts etc put in writing that there's no way anybody could read conditions. I bought a cat tree from them and then when I put it together it was not as big as far as the size of for the cats as what appeared on the website. When I mentioned this to them they gave me a $3 credit. Wow, that was so generous. Problem is some of their stuff I truly like but is it worth the games? I'm thinking not.",2,2026-08-09T07:34:37.000Z
Temu,Online Shopping,Expect disappointment,"Refund is less than promised. Customer service is a chat-bot that pretends to be human - even lying about it.
Expect to receive the worst quality of items - and then expect to still be disappointed when they arrive.
Packaging is very poor.",1,2026-08-09T07:32:24.000Z
Temu,Online Shopping,Often a disapointment - don't select the speed up option,"Re: You already told me that nothing could be done. You made no effort to follow-up with me in any way, even after I reached out directly to customer service.

Forcing me to provide personal identifying information for this review could've resulted in my review being deleted had I not done so. I hope you understand why it seems to me like your response has value and seems VERY performative.
_ _ _ _ _ _ _ _ _ _ _ _ _ _ _ _ _ _ _ _ _ _ _ _ _ _ _ _ _ _ _ _ _ _ _ _

I ordered a bunch of things and my order hadn't moved. So I selected the speed up feature, I then get a pop up that say they will give a broker my items as soon as they arrive, to speed up the process. This means massive brokerage fees that exceed the cost of my order. Never agreed to this and they claimed they couldn't cancel teh brokerage transfer. So I asked to cancel my order and they said, they couldn't.

Most items have to be returned because they're often broken, dirty or don't even work. In my case, I purchase niche items for hair extensions and random things but 60% of my purchases do end up returned, so it's always a gamble.",1,2026-08-09T16:43:37.000Z
Temu,Online Shopping,Service is poor,Service is poor. Very long wait! Scamming ways of promoting service. They would offer free item but they wanted you to buy tanks of item before they give the offer and when they say you have a discount it’s a scam. It’s not real.,1,2026-08-09T00:50:41.000Z
Temu,Online Shopping,"All you information gets retained when you delete your account, DO NOT TRUST, JUST DONT BUY FROM THEM","I had a problem with a product that I was returning. They fought me for over a month and a half and gave me temu credit instead of going back to my card. I decided to delete my account, so I asked what information of mine they would retain and for how long, they would not tell me. Do not get involved with this unethical, untrustful company!

(ANSWER TO TEMU)
They have not followed up on the matter. I asked for what was kept and for how long and they would not answer. Said they put an urgent ticket in to the higher ups to get me an answer, that was 2 weeks ago, there is no answer coming. I filed complaints with government agencies just to cover myself if something happens to my credit or someone steals my identity, I want it in print what Temu is doing.

All they have done the last two months is lie to me about a return I had to fight for and they ending up giving me a temu credit instead of cash and now they just keep delaying giving me an honest answer.

I CANNOT TELL YOU HOW FRUSTRATED I AM, AND HOW YOU NEED TO JUST STAY AWAY!",1,2026-08-09T10:16:15.000Z
Temu,Online Shopping,The Life Setter Upper,"OMG, OMG,i love Temu,they can reset your whole life up. Now granted it'll be like 9.5× of of 10 that an item is either wrong or broken. But the way they're set up, you can just get a new one or just get your money back. I love them.",5,2026-08-08T23:48:30.000Z
Temu,Online Shopping,Should be a negative star review,Should be a negative star review. I bought two different sets of earbuds from two different sellers. I have owned both of these in the past. Same story with both. Fake. Bad fakes. Ran both over with the car which revealed tiny batteries where there was supposed to be a large 18650 in one of the cases. The best part is not only are they fake but none of them would even power on. I don’t know why they bother shipping this useless shit. I hope they get what they deserve for ripping people off.,1,2026-08-08T23:25:53.000Z
Temu,Online Shopping,I have had numerous lost Tmu says theey…,"I have had numerous lost Temu says they can a refund but only if I wait an additional 30 days from the original delivery date. I received a package so damaged, took pictures and videos and Temu offered me a 19.00 refund of the 65.00 paid for the item. I demanded a replacement and they have gone silent. They never used to be this bad but something has been changed. One of the items not received by the delivery date is saying they have to check with the carrier before issuing the 5.00 credit. They have gotten so bad and I have had enough. I asked them to cancel all my pending orders including the ones that haven't been delivered as I don't trust they will ever be delivered, and again complete silence. No response. Since my post I have had replies from Temu offering assistance. it is good that they took my complaints seriously.",4,2026-08-10T13:07:07.000Z
Temu,Online Shopping,Havent received my package and I paid…,Havent received my package and I paid fully online every time I contact them they are saying they will e mail and that’s All disappointed and never recommend to anyone,1,2026-08-08T22:28:21.000Z
Temu,Online Shopping,Popup after popup after popup,With so many promotions popups the anxiety is overwhelming before even purchasing product and then they say item ran out no longer available with promotion. In the end I received the cheapest item of the 3 in the promotion plus it takes forever to get it shipped. China sucks,1,2026-08-08T21:10:33.000Z
Temu,Online Shopping,I been on the sight like 5 times to get…,I been on the sight like 5 times to get stuff but I can with all the free stuff you get but at the end your charged for them. Never again will I go on temu !!!,1,2026-08-08T20:41:38.000Z
Temu,Online Shopping,While TEMU has nice things,"While TEMU has many nice things, their shipping couriers are 3rd rate. TEMU uses GOFO courier services. You can't get ahold of GOFO, even by phone even tho they have a number. SpeedX is even closer to worthless. No way to contact them whatsoever. Both are difficult to track. TEMU refunded me when the delivery didn't come on the delivery date and then days later SpeedX delivered. Amazon has Amazon locker. Amazon blows TEMU away.",1,2026-08-08T20:08:54.000Z
Temu,Online Shopping,not always honest,"i buy from then now and then, the products are o.k , prices good
but i won that spinning wheel thing that pops up ,, it said i won free items , said to pick them out , plus pick out 4 items to purchase. i did all that,
one paid item arrived
nothing else",3,2026-08-08T20:07:05.000Z
Temu,Online Shopping,Temu delivery left in unsafe place and stolen!,"I ordered a large item from Temu and on the day it was delivered, it was left behind the bin in front of my house. Very unsafe place and visible to the public. It was subsequently stolen and Temu and the seller are refusing to replace or refund as it was marked as delivered. The item was not cheap and I never requested for it to be left where it was. I have reported to the police and I will be taking the matter further using the Consumer Rights Act 2015.",1,2026-08-08T19:52:49.000Z
Temu,Online Shopping,False Advertising,"The picture showed actual ""jewels/rhinestones on the blue jean shirt. When I received the shirt, the ""jewels"" were actually ""printed"" on the fabric. Never again!!",1,2026-08-08T19:30:30.000Z
Temu,Online Shopping,After writing a review about sending…,"After writing a review about sending two builders bags instead of dust sheets, they gave me my money back.
I tried ordering items only to find that when they took the money off I still had spend £15 extra to get free delivery what a rip off never use this rubbish again",1,2026-08-08T19:01:41.000Z
Temu,Online Shopping,Attrocious Temu,"Temu kept on making mistakes when refunding me. First they added to my account as credit, then they tried to transfer the money from the credit on my account to my credit card account. They put it in, but it's showing as pending. Customer services are frustrating.",1,2026-08-08T18:44:25.000Z
Temu,Online Shopping,They fraudulently represented an item…,"They fraudulently represented an item they sold me as new.

The box was re-taped, stainless steel top scratched and the parts bag previously torn open.

After serval emails they refused to do the right thing.

There solution is for me to return it. They missed the point. They sold me this item under the false pretense it was new.

DO NOT BUY FROM THEM!!!!!",1,2026-08-09T08:33:52.000Z
Temu,Online Shopping,Veto because of the delivery,"Temu will pass the buck for this to Evri but it's disgusting that they use a courier who steal items. All 3 of my split deliveries this week had the wrong photos for delivery, one even being the inside of a car. They take no responsibility for the courier so I have no order and no refund. Whilst I'm terminally ill I rely on these things being delivered. Won't use the site again.",1,2026-08-08T17:39:50.000Z
Temu,Online Shopping,DO NOT ACCEPT VOUCHERS,They give me a voucher for returning articles. I bought clothes with the voucher which the material was absolutely crap. Then returned them and surprise they only giving back few pounds because it was bought with voucher. No voucher credit back. DO NOT ACCEPT VOUCHERS.,1,2026-08-08T16:49:36.000Z
Temu,Online Shopping,I purchased several items from this…,I purchased several items from this company when I returned from holiday I had a load of different pictures of a door I have never seen before saying the item was left in my porch I don't have a porch I advised them of this and they told me to contact the carrier which I did but I keep getting a recorded message telling me to contact the sender who are temu I think they think they can steal my money and get me to give up listen you have put on your response on Trustpiolt you will do this and that I have contacted you online you tell me to go to the carrier Everi which I do and I get a recorded message telling me to contact the sender being you then I get cut off hence the reason I have posted on here my next step is my credit card company to get my money back I don't have a porch or patio as it has been claimed that's where my orders were left i have a front door with a doorstep the picture supplied is not of my front door end of,1,2026-08-09T19:38:09.000Z
Temu,Online Shopping,Unfair dispute handling: Package was handed in full to Speedaf,"I am extremely disappointed with how my return was processed. I returned my order in its original condition and handed the complete package directly to the shipping carrier (Speedaf). However, I was shocked to be denied my refund under the claim that items were missing.
I provided all the evidence that the full shipment was dispatched, but customer service refuses to acknowledge responsibility and seems to blame the customer for issues that happened after the package was handed to the courier. This is completely unfair and unacceptable practice. I request an immediate review of my case and a full refund.",1,2026-08-08T15:17:37.000Z
Temu,Online Shopping,Wow .Initially as there were first starting…,"Initially as there were first starting off they were a little bit cheap and some of the things were a little bit jeep and cheerful but now they have up their game and they are providing much better quality stuff for the price don't get me wrong you could probably buy better but you'd be paying like four times the price.
What do I like about them they give you refund or credit instantaneously no questions asked as long as You don't take the rise out of them. The algorithm will spot you immediately if you keep sending stuff back arbiterally.
And kudos to them .! Lol

2 . If you buy or buy 15 quid worth of stuff they throw in the postage totally for free and return postage is free if it's damaged or faulty or not fit for purpose which means probably faulty.

3 same products on eBay but cheaper very often if not identical. Vs the same quality of course.

4 App is super easy to use once you get the hang of it otherwise use your own PC which is easier to manage any Returns

Hope that helps anybody
Ross UK",5,2026-08-08T14:43:37.000Z
Temu,Online Shopping,Slow deliver…,"They used to ship quickly and deliver quickly. There delivery times have become that slow, it would be quicker to row there in a dinghy and pick it up yourself",2,2026-08-08T14:40:34.000Z
Temu,Online Shopping,Dont order bad deliveries. Dreadful Customer sercice,"Minus one star at least. I have repeatedly contacted Temu about their deliveries beng left anywhere but where they should. They have been dumed in garages at the back, the garden, but mostly rubbish bins despite delivery instructions. Not to do this. My parcel was delivered no notification biin men took it to tip. Full of personalised stuff. Dont order they are not trustworthy. You conatct customer services they havent a clue just generic messages. I got a refund but thats not the point those were gifts personalised and they were just dumped",1,2026-08-08T12:32:35.000Z
Temu,Online Shopping,Am suffering since 6 month because of…,Am suffering since 6 month because of TEMU Customer Service as they are unhelpfull at all and i already i gave them also here in TRUSTPILOT A lot of times the ticket no. And email and phone number but they did nothing until now .,1,2026-08-08T12:01:38.000Z
Temu,Online Shopping,After years of using Temu with no…,"After years of using Temu with no problems, I can honestly say I will never use again.
I bought a water feature for £100, but unfortunately did not work properly. I bought from UK, as I thought it would be easier to return if any problems, how wrong was I.
Temu has made it as awkward as possible to send the item back and clearly do not want to refund.
They have sent me a barcode for the return, but no return address. The logistics company they are telling to drop off to, do not accept returns only collection, but temu are saying they can't book a collection. They are doing everything possible to avoid giving a refund for the item.
DO NOT BUY ANY HIGH VALUE ITEMS FROM TEMU!",1,2026-08-08T11:46:05.000Z
Temu,Online Shopping,Temu became unusable.,"Reviews with one star are correct. Recent changes in temu.co.uk made it all bad. Temu is unable to pick up a carrier. Despite the fact that items from China were received in 2 days, in the UK the package isn't delivered at all, with no tracking and false tracking messages. They delivered parcels for a year and were suddenly unable to find the address, though stating that several attempts were made.",1,2026-08-08T11:27:13.000Z
Temu,Online Shopping,Temu customer service is the worse,"Temu customer service is the worse, they do not listen or check what you tell them",1,2026-08-08T09:38:49.000Z
Temu,Online Shopping,Customer service can't understand,"Customer service can't understand. Simply if item is $1.60 then they charge you $15 it's fraud. It happens a lot and they can't understand. I had orders should be $17 but had $100 plus taken from the bank account
I tried to talk to a James Gustavo but he didn't understand anything. And after numerous requests to connect with a senior staff he refused. He also said there's no senior manager in the place. And you sent details of the prices and he doesn't understand. . If you quote a price then charge 5 times more it's fraud",1,2026-08-08T08:02:31.000Z
Temu,Online Shopping,I always received m'y product in good…,I always received m'y product in good condition a lot of fake review,5,2026-08-08T07:17:52.000Z
Temu,Online Shopping,Have been waiting on a parcel which…,"Have been waiting on a parcel which should of arrived between 27th and 31sr of july its now the 8th of August and still not delivered even though its been at local depot sunce the 28th of july. I have spoken to Temu several times and i get the same excuses all the time, its waiting on review from ticket raised and its been several days. Avoid Temu at all cost",1,2026-08-08T01:36:11.000Z
Temu,Online Shopping,What a waste of time complaining about product that was faulty. Cost was about £17.00 but Temu and Klarna are not very good at issuing refund or accepting product faults. Do not purchase from this cowboy outfit. I No refund for faulty product,"Product fault
When can I get a refund or credit for product that was reported as faulty and poor customer service",1,2026-08-08T16:42:47.000Z
Temu,Online Shopping,It’s awful,"It’s awful. They play games with you and manipulate you into buying using unethical tactics. For example, you find a product and it claims to arrive in your country in 2 days, then elsewhere it says 16 working days, but once you place the order, it suddenly says more than 50 days! They have zero sense of ethics or morals.",1,2026-08-08T00:06:09.000Z
Temu,Online Shopping,Utterly appalling customer service,"I purchased a set of 50 coat hangers and when it arrived, I received one. I checked the page from where I purchased it and the pictures show 50, the buttons for the item show 50 and there's no drop down bar to order one, i contacted c/s and the first agent just fobbed me off and cancelled the chat, the second agent showed a lack of empathy, also, and when said I'm considering cancelling my account, he just gave me the link to do so . Other items I received dont match the product advertised on thepage. The c/s is appalling. Order cheap and receive the same level of service. Beyond a joke! Do yourself a favour and avoid the bunch of clowns",1,2026-08-07T21:10:24.000Z
Temu,Online Shopping,I order from Temu regularly and have…,I order from Temu regularly and have never had any major problems. But since they started using J&T Express for deliveries its been a nightmare! My tracking has been stuck on Out For Delivery for 9 days now and still no parcel. Nobody from J& T Express replies to messages or emails and Temu just tells me to wait longer! If Temu continue to use J&T Express I will no longer order from them.,2,2026-08-07T20:56:54.000Z
Temu,Online Shopping,I received a green disc with an arrow,I received a green disc with an arrow. Didn't order it and have no idea what you are to do with it. Please explain what it is for,2,2026-08-07T20:21:12.000Z
Temu,Online Shopping,Taking money not sending items,"Terrible company i ordered 4 items. Parcel arrived today. With two boxes sellotape together. Smaller then I expected. Each box had 1 item in there and there wasn't room for anything but the 1 item. I tried talking to customer service to get the other two items sent out quickly. Customer service was useless they said they would ask the warehouse if all the items were there. I showed photos of the boxes and 2 items so they could see there wasn't enough room to put the other 2 items in there. CS didn't care about that. I was told if the warehouse said there was all the items I would not get a refund.
This has happened before I had missing items and the warehouse said all items were packed. So yet again they have taken my money and not sent my items.",1,2026-08-07T19:39:49.000Z
Temu,Online Shopping,Really bad experience with Temu,"Really bad experience with Temu. The website and the app itself feels poorly run, and a lot of the sellers don’t seem reliable at all.

The games on there feel completely rigged — it’s hard to trust anything when it seems designed so you never actually win. On top of that, there are some very concerning issues with how they handle devices. Even if you reset your device, it still seems like they track it, and you can’t use another account to play again, which feels really dodgy.

Overall, it just comes across as suspicious and not trustworthy. Definitely raises serious concerns about how they handle people’s data — honestly, something like this shouldn’t be allowed in Europe.",1,2026-08-07T19:25:59.000Z
Temu,Online Shopping,Crap,"Crap, no way you can get a refund. Wont be using temu again. Get more information reading a wet newspaper",1,2026-08-07T18:47:21.000Z
Temu,Online Shopping,Advertise discounts you can never actually get,"I've ordered from Temu multiple times, and I have never once received an actual working discount — despite being bombarded daily with emails and popups advertising ""50% OFF"" and exclusive coupons. Every code turns out to be off-limits: new users only, already claimed, or fails at checkout. When I checked my account, my coupon history was completely empty — no unused, used, or expired coupons at all.

I contacted customer service through their chat and got the standard apologies, but no concrete resolution. If this is how repeat customers are treated while being constantly baited with fake discounts, it's hard to trust the marketing at all.",1,2026-08-07T18:41:05.000Z
Temu,Online Shopping,I ordered a sofa sleeper and they sent…,I ordered a sofa sleeper and they sent me a flip and f&@#,1,2026-08-07T18:14:08.000Z
Temu,Online Shopping,Local warehouse,I just want people to be aware of buying from local warehouse on Temu which they are now pushing. I bought a cushion for my deck chair and was sent the completely wrong one. I am house bound at the moment which I explained to Temu & the seller so I was unable to get to the drop point to return it I was offered no help from Temu as they said it was down to the seller & the seller kept putting it back on temu. So be aware if you do buy from local warehouse don't expect any help you are on your own absolutely disgusting customer service The seller is Lanso Casa do not trust them,1,2026-08-07T20:29:37.000Z
Temu,Online Shopping,You reply to my complaint with contact…,"You reply to my complaint with contact you lmao I did that more than once . And each time no one did anything to help just repeat the same thing over and over . So still nothing is being done no one cares to lift a finger to actually do anything includes the one from Temu
commenting on my first review . Temu customer service is appalling
Axel Davis has replied Aug. 7, 2026, 10:59 a.m.
Dear valued customer,
This is Temu Customer Service. We hope this email finds you well.
Regarding the issues related to orders PO-037-09361962855030615 and PO-037-
09362018360950615, we have approved your refund request. However, since you have previously initiated a chargeback with your financial institution, the refund will be issued only after the dispute is resolved. Please rest assured that we are actively contacting the financial institution to urge them to resolve the dispute as quickly as possible. We kindly ask for your patience and thank you for your understanding and support
If you have any other questions, please feel free to contact us.
Best regards,
Axel Davis
Temu Customer Service Team

Your company is a joke. You are a joke. None of you seem to be able to speak English or actually understand reading it because everything I’ve said is gone completely right over your head. I’ve never come across people so stupid in my life you all lack common sense and I won’t be shopping with Temu again one your prices are getting outrageous and to your customer service is crap and you hire unintelligent people",1,2026-08-08T13:53:55.000Z
Temu,Online Shopping,This company appears fraudlent,"This company appears fraudulent. I ordered a green peridot crystal. They sent me a piece of black stone. I returned it in the correct packaging and they denied my refund saying they had sent the correct item.
This reeks of fraudulent activity. And I seem to have no comeback.",1,2026-08-07T16:52:09.000Z
Temu,Online Shopping,Review my feedback I recently left…,Review my feedback I recently left negative feedback for this company and after talking to them as a result of them seeing it we have resolved the problem and I am very happy.I am again and still a happy customer.😁,5,2026-08-07T13:46:49.000Z
Temu,Online Shopping,I would get 7 out of 10 items I bought…,I would get 7 out of 10 items I bought from them due to the poor delivery service used they would not bring the items to my door they would just dump them in front of my apartment complex the drivers could not speak english so I had to g searching for my items which most of the time would be stolen I complained to them but I would get nowhere but they did offer 20 percent off if I spent more money? so I don't buy anything from them anymore. S. A. Valenzuela,2,2026-08-07T12:28:22.000Z
Temu,Online Shopping,I ordered 24 bottles of strawberry…,I ordered 24 bottles of strawberry water only received 6 so i put in a request for a refund and was denied so that's £12 gone!! Goodbye temu I'm now going to shut down my account! The order number is po-210-02558378404470015. Ordered on the 3rd August,1,2026-08-08T07:12:48.000Z
Temu,Online Shopping,I have no received any package but speedaf say you have received your parcel it is fully scam Shipman once call me when I call back…,"Shipman once call me when I call back he says your order send you
but next day he says your adress is incorrect and send back my order",1,2026-08-09T11:26:38.000Z
Temu,Online Shopping,This is the worst company to shop with…,This is the worst company to shop with they will not give you your money back when you don't get your order. So I would say to everyone do not shop with this company as they are rubbish.,1,2026-08-07T11:46:13.000Z
Temu,Online Shopping,MY PARCEL LEFT IN THE STREET! TEMU and EVRI POLICIES to SEND TO and DELIVER TO BUILDING ADDRESSES ONLY???,"In this review I need to mention both TEMU and EVRI, since they are closely linked as the SELLER and the DELIVERY service they use. Given the seriousness of this situation I believe, not just EVRI, but also TEMU has to take responsibility too, for contracting EVRI. I was expecting a parcel from Temu. I had not received information on the delivery day, NOR a tracking number. Yesterday, I got a call from a neighbour who had found the parcel addressed to me in our busy street, OUTSIDE the 34 flat building where we live. The delivery service had not rang my flat via intercom, nor had s/he contacted me via mobile, for me to open the main door. This is not the first time I have EXPERIENCED IT. Once the main door is opened, WITHOUT informing the recipient, EVRI leaves the parcels unattended in the lobby, where at least 100 people (between workers, including cleaners, GPs, nurses, domestic assistants, and family visitors) transit every day. Soon after Evri sends a message saying ""your parcel has been delivered"" I wonder to whom?, trusting what?. DOES TEMU have a policy to send parcels to the BUILDING ADDRESS ONLY? DOES EVRI have a policy to deliver to a BUILDING ADDRESS or to the lobby ONLY? If so, they should informe it to customers. This unreliable delivery service, affects addressees, creates anxiety, and extra work. Do we need to be CHECKING THE STREET, and the ENTRANCE constantly? or providing that one had been lucky that time, RUNNING down the stairs, as soon as they say ""parcel for you"" via intercom.
Many parcels have been lost in this way. TEMU should change the delivery service or EVRI CONTRACTS honest, dependeble workers.",1,2026-08-07T11:06:47.000Z
Temu,Online Shopping,Be careful ordering from TEMU,Be careful ordering from TEMU. I ordered a large supply of various T shirts and clothing. All of them were specific XXXl size. They sent all of them in XL or S size. Now going through the Return process is a nightmare! I will age before I can get any money back. I will just eat the loss but never touch them again. Don't use TEMU and its cheap products.,1,2026-08-07T07:41:37.000Z
Temu,Online Shopping,Most times they are okay but lately…,Most times they are okay but lately they have been sending the wrong items. They ripped me off on toilet paper because they sent a much cheaper version but charged me for the more expensive stuff I ordered. I’m going to return it but I will never order anything like that again . I’ll stick to clothes; dishes and things for my home. They seem too get confused with items that have lots of different types of things like Charmin Toliet tissue has lots of different types of tissue,3,2026-08-07T07:08:06.000Z
Temu,Online Shopping,temu wtf?,bought stuff from temu the first time no problems second time waited 5 weeks for my package it didn't come i waited just to go look and see where they said my package may be lost i requested a refund now i have to pay for a refund where it says it's free which is obviously a scam not recommended and go to takealot or other official websites temu im super disappointed,1,2026-08-07T06:40:01.000Z
Temu,Online Shopping,HARASSED by Seller / Robotic Customer Service,"When I attempted to return a high-value “Open Box” item, the seller harassed me. They insisted that it couldn’t be returned if it was “used.” I tried to explain that the issue was the seller’s misrepresentation of the warranty problem to Temu Customer Service, but they canceled my return anyway, even though they provided me with the same robotic response: “You need to return for inspection.”

To resolve the matter, I initiated a bank dispute, expecting a response and resolution. However, the seller responded with an even more HOSTILE message. The robotic Temu Customer Service provided me with the same “return first” response.",1,2026-08-07T05:07:54.000Z
Temu,Online Shopping,Biggest scam company ever,"This Company should not be allowed to operate in the United States and should be sued and shut down. They are the biggest scam Company ever and I knew that beforehand but I really wanted this one particular product so bad and they were the only ones that had it so I went ahead and placed the order then one week later I get an email from them that the order was canceled with no explanation then I get another email from them after another week saying you have received a store credit. I don’t want a store credit I want a full refund so then I finally get to customer service on their chat and their representative was so relentless and trying to feed me a line of crap that you couldn’t believe back-and-forth back-and-forth I kept telling them I want a refund. They kept coming back with stupid comments like you didn’t receive the package or you want to return the package and they’re giving me links to how to return the package and to have to go to the post office and I keep going at it with them saying I never received it. Your Company canceled it and back-and-forth back-and-forth and then finally they offered me a refund for only half the amount. Can you believe a Company like this can operate in the United States on such a large platform and be able to and scam people right out in the open
like this I went back-and-forth again and finally I got a full refund and then I googled what happened to me and Google AI comes back with that This is a known tactic that they tell their customer service people to try and go back-and-forth with them as much as you can so that they will get so disgusted that they will give up and just walk away leaving the credit or just accepting a half refund. I would never order from them again. No one should ever order from them, and they should be sued and prosecuted to the fullest extent of the law for unethical and unlawful business practices.",1,2026-08-07T04:13:56.000Z
Temu,Online Shopping,"Today August 6th,b2026 received my…","Today August 6th,b2026 received my shipment, the driver had to park on my driveway due to the heavy rain yet he/she left the parcel on the front step other than placing it at the front door under the canopy.
Very disrespectful and inconsiderate. Most of their drivers are courteous insofar as placing the delivery at the front door as they're supposed to and others are like this very bad driver.",2,2026-08-07T03:31:22.000Z
Temu,Online Shopping,I have had an order and one of the…,I have had an order and one of the stupid drives has delivered my order to the wrong address so will you put the rice by giving my money back?,1,2026-08-07T03:31:03.000Z
Temu,Online Shopping,I wouldn’t even give them 1,"I wouldn’t even give them 1
Star but it made me! I placed an order on 7/5 and the money came out of my account but I never got a confirmation number or order number. So on the 11th of July I messaged customer service. I was told they will investigate what’s going on and why they can’t find my order. So after 3 weeks of arguing back and forth and send in attachments of the proof the money did go to them and all the messages back and forth and they came back with out decision stands. Your order must be under another account and you will have to log into that account for the info! I told them 5 times I infact do not have any other account and the proof of the transaction from my bank! I wouldn’t order from this company! They are crooked thieves! I will NEVER shop here again! I also got 144 of my friends and family to stop ordering from there as well!!!!",1,2026-08-07T00:30:53.000Z
Temu,Online Shopping,Temu Has Me,"I, like many shoppers, avoided Temu for years because I wasn't sure if it was legitimate. I now regret that. I finally succumbed, and I now use Temu regularly for buying supplies for my craft business. It really can't be beat. They have a huge variety of things at great prices, and for the most part the quality is good. I do think they have far too many wild games and promotions which really are just confusing to use, and are borderline fraudulent. However the price adjustment feature on orders is great. You can request a price adjustment on anything you order for up to 30 days from the time you order it and they'll give it to you, even if you do it every single day for 30 days. This can add up to a lot of credits. If you're going to use Temu, you need to learn how to request price adjustments. My only real complaint about Temu, and this is consistent among many different kinds of things I've ordered from them, they misrepresent the size of things, sometimes in the written dimensions and sometimes what they show in pictures of the product. Usually things are smaller than they say they are. I've learned over time how much to assume they are too small so that I order things that I need in the right size, but it's awkward and they really need to address that. I don't really understand why they take that approach though because most people know what size they need of a particular product and that's what they want and that's what they're expecting. It just leads to returns of items for refunds when you get something that is not the dimensions you need. I'm going to continue to use Temu. I hear people say they're Communist and they steal your data, and all this and that, but I figure data stealing is probably happening with anything I buy from anybody online, and I'm certainly not going to stop shopping online, the economic benefits are too good.",4,2026-08-06T22:12:25.000Z
Temu,Online Shopping,I spent 6 hours trying to fix being…,"I spent 6 hours trying to fix being overcharged and ended up cancelling the whole order. I will NEVER, EVER buy from this deceptive company again. It's no longer all that cheap for what I buy which is beads. I'm disgusted. Temu claims it needs more information from me. If, after hours of trying to deal with them, the don't understand, there is no hope for them More disgusted than ever. They keep emailing me although I made it very clear that I don't want to hear from them & I would NEVER shop there again. I even unsubscribed but the emails landed in my mailbox anyway. With all the one star reviews they have gotten, they should understand that you can't treat customers badly and expect them to keep buying.",1,2026-08-09T02:12:33.000Z
Temu,Online Shopping,TEMU.....The Entire Misleading Upstart of a company,"Ive gone through 19 customer resolution specialist for Temu in the last month trying to get a resolution to my issue.....still nothing.....just the same response from all 19 specialists.....sorry, can't help you because your 90 day warranty is up....too bad, so sad......very bad or inexperienced customer service resolution specialists for this company and anyone thinking of buying from them should avoid them at all costs....remember those famous words.....""caveat emptor"" buyer beware......",1,2026-08-06T20:42:27.000Z
Temu,Online Shopping,"misrepresentation of discounts, no temu staff contact ever","1) I was building an order/invoice to get past $90 in order to get a promised $25 credit when I passed $90. Temu shut the order down after I amassed about $55 so I was shut out from getting to the $90 level needed. Apparently I added $20 of extra items to the order which reached $74 when I stopped because the original credit was no longer offered. I kept this order, but I was upset.
2) When ordering there are some orders that are filled locally and others from China. Apparently only Chinese orders can be pooled for extra credits. The buyer is not told or made aware which items qualify and so a $90 limit may not be reached i.e. ordering can be stopped early.
3) I decided to run up a second large order (PO-037-21921422510711531) and after each item was posted Temu ran a banner that the $90 limit was in effect and when reached a $25 credit would be applied to the whole order. After each item a message even flagged how much more $ had to be purchased to get the $25 credit applied to the cumulative order. Temu’s rolling tactic pushed me to reach $96. A page was displayed to effect/process the whole order and that taxes, shipping (free) and credits would be displayed on the closed invoice to come on the next page. I pushed “submit” and the final sale was consummated without the earlier promised $25 credit. Further, my highest accumulating invoice total had been $96 but the final invoice showed $115 with no explanation for the discrepancy. I was billed for that high unexpected amount when I expected $96 minus $25 for a $71 total.
4) My complaint “Temu” Chat ended up with Temu’s reps in The Philippines (Rose, very knowledgeable), not actual Temu staff. Rose quickly understood the reasons for my call and said she would escalate it (to where?). After an hour I said that if Temu did not contact me by 4PM I would cancel the order. Rose called me at 3:30PM and helped cancel the entire order which Temu had placed into 3 separate suborders (unknown to me). It was not possible to cancel the payment and keep the order on the side for later reprocessing with Temu’s corrections.
5) Rose informed me that not all Temu clients get the $25 credit offer and that she had no way of proving what I was offered during my ordering items, one by one. While she at first said I had been given the $25 credit she quickly acknowledged that the credit I had accumulated came from each item as it was ordered separately. These smaller credits had nothing to do with the promised $25 amount.
6) I had taken about 90 minutes to amass the order, a time-consuming process. Later contacts with Rose ran more than an hour. My time is valuable; Temu had me running around for 3 hours for nothing. The order can be restituted from Temu’s system. I await a call from a senior Temu staffer to resolve Temu’s deceptions not only for me but all Canadians.
7) If Temu does not resolve its fraudulent actions in an expedient manner, I will have no recourse but to contact Canadian government Ministries involved in the control and monitoring of import/export scams of foreign companies.",1,2026-08-09T17:46:40.000Z
Temu,Online Shopping,Ordered a few products,"Ordered a few products, and got a free gift. A small printer. Got my order but no free gift [ printer ] they told me because it was a gift they cannot sent it instead they gave me a £ 3.65 credit , BE AWARE",1,2026-08-06T18:37:35.000Z
Temu,Online Shopping,Deception of Free Gifts,Total deciete - Promise free items which then need a final item at a fixed price to release. These items are then not released as apparently not enough stars have been collected which means you overpay for 1 item. Totally avoid at all costs,1,2026-08-06T18:05:57.000Z
Temu,Online Shopping,taxes higher than the order!?,"I placed an order for 130 lei, and the taxes were 125, total order 239.
wtf?!",1,2026-08-06T17:49:47.000Z
Temu,Online Shopping,Fraud with payment and refusal to issue a refund,"Fraud with payment and refusal to issue a refund
I paid for the orders (numbers: PO-208-02557330063992068 and PO-208-21369273726072068), and moreover, the goods were shipped without the right of inspection. When the need arose to get a refund, the company flatly refused to transfer the money back to my bank card from which the payment was made.
Instead, they try to forcibly hold the money on the platform's internal balance or demand strange details for questionable transfers. Customer support engages in outright fraud and ignores consumer protection standards. The case has already been handed over to the bank to initiate a Chargeback procedure.
Be careful with this marketplace—getting your money back in case of problems is practically impossible.",1,2026-08-06T17:36:47.000Z
Temu,Online Shopping,⭐️ 1/5,"⭐️ 1/5 — Extremely disappointing experience

My experience with Temu was absolutely terrible. I feel that many of the advertisements and offers on this platform are designed more to push customers into buying than to provide a transparent and fair shopping experience. The supposedly amazing prices, constant discounts, limited-time offers, and various promotions can make you feel like you’re constantly being pressured to purchase.

In my opinion, it’s very difficult to trust this platform. If you’re thinking about buying something, make sure you carefully check the actual price, return policy, additional costs, and reviews from other customers before paying.

Personally, I’m extremely disappointed with my experience and I do not recommend Temu.",1,2026-08-06T17:31:15.000Z
Temu,Online Shopping,Happy with Temu,I am really suprised with how many unhappy customers are on this web site leaving reviews and that has not been my experience as yet. I have bought quite a bit of home accesories and crafting bits and overall have been very pleased. The quality of some is better than others. When a refund is required due to damage also no issues yet but I have not bought anything like clothing which may be more problematic. I have also avoided anything with a LONG delivery date and used the Local Warehouse for items that are cheaper there than other websites. Delivery has always been quick. Items I would avoid are Paper sheets and anything which might bend because everything is together in one plastic bag. Some recent ceramic items have been carefully boxed. I do think the photography on some items is enchanced but overall I have had some absolute bargains and some good quality items. I also use cash back website and have had some issues with that tracking but nothing that has not been sorted.,4,2026-08-06T16:14:51.000Z
Temu,Online Shopping,Temu is good there delivery companies…,"Temu is good there delivery companies are awful . J&T express is the worst one they have used

The only loser will be Temu as closing account.",1,2026-08-06T16:05:05.000Z
Temu,Online Shopping,Do not buy silver jewelry from temu,"Do not buy silver jewelry from temu. I have shopped on temu for many years and have been quite satisfied. I was looking for silver bracelets or rings so I looked here. Out of the 8 bracelets I purchased, despite them saying s925 silver, only one was truly silver. The others were silver plate, not mentioned in their ad. A magnet will not stick to real silver. I did receive refunds for all that were not silver but will not buy again. The vendors who advertise pure silver when it's not should be kicked of their site.",3,2026-08-06T15:34:14.000Z
Temu,Online Shopping,ABSOLUTELY DISGRACEFUL CUSTOMER SERVICE,"ABSOLUTELY DISGRACEFUL CUSTOMER SERVICE
CAN'T SEEM TO UNDERSTAND WHAT I AM TLING THEM!!!!",1,2026-08-06T12:52:44.000Z
Temu,Online Shopping,Great variety & custom items—but read the reviews!,"I give Temu 4 stars because the sheer variety of items is incredible. Shipping is usually quite fast, though be aware that items sometimes arrive in recycled or ""rented"" boxes to save space.It is absolutely excellent for household items. The makeup selection has also really impressed me; I have received fantastic mascaras, lippies, shadows, and high-quality face creams. Best of all, I have successfully ordered custom-made embroidered blankets, pillows, and jerseys for my favorite sports teams three years in a row!The only major downside is that clothing sizing can be off, even if you carefully check the seller's measurements. You definitely need to take the time to read seller ratings and reviews before buying, and keep an eye out for paid reviews. Prices have gone up recently, but that is happening everywhere. Overall, it is highly recommended if you shop smart.",4,2026-08-06T12:04:06.000Z
Temu,Online Shopping,murderous demons,"Honte à la Chine Jieyong ! Torture et mise à mort d'animaux. Chien torturé et brûlé vivant.

Shame on China Jieyong ! Torture and killing of animals. Dog tortured and burned alive. #JusticeForWangWang #BoycottChina",1,2026-08-06T09:30:52.000Z
Temu,Online Shopping,❌ Avoid Temu,"❌ Avoid Temu! Huge scam with ""local warehouses"" and delivery times!!!
I want to warn everyone against buying on Temu because what they display under their products is pure manipulation and misdirection.
1. The mythical ""Local Warehouse"" and 2-day delivery
Promises of 2 working days delivery or shipping from a ""Local Warehouse"" are an absolute fantasy. In reality, everything comes from China. There is absolutely no way the delivery frames shown under the products are realistic.
The truth is: The package travels from the other side of the world, and the actual waiting time is a week or even longer. The best part? You only find out where it's actually shipping from after you pay.
2. My personal experience
I ordered a pair of trainers that were supposed to be in a local warehouse with promised 2 working days delivery. What actually happened? Exactly what I just mentioned—they shipped them directly from China. I've been waiting for 5 days now, and they are still in transit.
3. The worst possible duo: Temu + Evri
To make matters worse, they use Evri for delivery—hands down the worst courier out there, who is never on time. My other parcels are constantly delayed because of them too. Honestly, it’s just a complete waste of time.
Summary
Comparing Temu’s service to Amazon is like switching from a Mercedes S-Class to a Fiesta. Total disappointment. Don't waste your time!",1,2026-08-06T09:11:30.000Z
Temu,Online Shopping,The customer service is just terrible,The customer service is just terrible. There is something not right about the sellers practices and if trustpilot needs proof I have photos. They always ask for you to verify your rating. Sellers are offering low prices then when you buy multiple they don't ship and never respond. Then you click on your item and it's priced so much higher. I think temu and it's sellers are definitely shady. And holding money up to gain interest in their banks. Because if you do get refunds it's never interest or the full amount back. They Shell out credits and you gave to spend even more to use them. It's a rat race. No more overseas online buying for me. . They tried to give me back twenty bucks back out of 38.00 . Just terrible.,1,2026-08-06T03:49:33.000Z
Temu,Online Shopping,Time and time again,"Time and time again, misleading catalog and price advertisement. About fifty percent chance of getting the correct item that you ordered. If you buy from TEMU, make sure it's something cheap or desposable.

EDIT, Response to TEMU.
Its great that you have made returns so convenient, but the issue is having to use the service time and time again making it impossible to trust the advertisement, the quality and receiving the correct product in a timely manner.
In my opinion the main focus of TEMU should be focused to resolve the issues before a return or exchange is needed by the customer.",1,2026-08-06T13:05:20.000Z
Temu,Online Shopping,Absolutely shocking,"Absolutely shocking. Will never buy anything from Temu again. They have that many pop ups and free spins that you can’t get to the product you want to buy. When you do get what you ordered it is so cheap and nasty and still not what you wanted to buy. Scam! Scam! Scam!
They should not be able to sell any products. It’s criminal! ☹️",1,2026-08-06T02:53:06.000Z
Temu,Online Shopping,I mean out of all the online delivery…,"I mean out of all the online delivery websites to order from this is a Go To every time. Shein, AliExpress and pretty much every other online delivery service is a no brainer to not waste your time or money on. Temu seems to always get the job done Fast and always with a price that cant be beat. ill give my respect where its respected. Thumbs up and very recommended from me.",4,2026-08-06T02:00:46.000Z
Temu,Online Shopping,I was brought two identical dresses in…,"I was brought two identical dresses in different sizes . The larger size was smaller and totally different colours. Showed them photos and they said return via evri . We used Royal Mail as don’t have evri shop . Temu cancelled Royal Mail so can’t return. So they won’t it’s broken and they won’t help . They say send back by evri hope you understand. Also got a light that won’t work , got the same reply. So selling faulty goods but unless you have evri they won’t help . Kept saying don’t have evri . They won’t listen. So will now not be using this company unless it’s sorted. Shame I can’t add photos or their correspondence.",1,2026-08-07T15:56:02.000Z
Temu,Online Shopping,Doesn’t even deserve one star,"Doesn’t even deserve one star
Shocking company with appalling customer service they never solve issues then block your account when you attempt to complain diabolical company 5 months ago they sent the same response below and we are no further forward in resolving the issue",1,2026-08-06T07:26:03.000Z
Temu,Online Shopping,Erroneous billing,"I started a purchase, but never confirmed it. I was then debited 48.12 and 63.47. These ""purchases"" do not show up on my TEMU account under history. I contacted them and couldn't get a live person. The chat was useless. I then had to block them from my bank, so this is the last time I will order from them. NOT RECOMMENDED.",1,2026-08-05T20:40:04.000Z
Temu,Online Shopping,Refused refund for poor quality,Ordered some so called cotton boxers when delivered they where so thin and not as discribed when I reached out to customer services the refund was refused this was not in the description when purchased Please DO NOT BUY FROM TEMU,1,2026-08-05T19:33:50.000Z
Temu,Online Shopping,Terrible Customer Service!!,"Terrible Customer Service!!

It has been over a month, and I’m still waiting for someone to collect my return item. I’ve contacted customer service multiple times and filed several complaints, but nothing has been resolved.

Every time I follow up, I get the same response: “Someone will contact you to arrange the pickup.” Yet no one ever does.

This is completely unacceptable. Customers shouldn’t have to chase a company for over a month just to process a simple return. I expected much better service.

Kindly resolve this issue immediately and arrange the pickup without any further delays.",1,2026-08-05T19:33:17.000Z
Temu,Online Shopping,Temu emailed me wanting me to video…,Temu emailed me wanting me to video product solar light which had a fault.It was put in bin and collected.Beware there expensive solar lights dont work.,1,2026-08-05T18:51:40.000Z
Temu,Online Shopping,Delivery was okay,"Delivery was okay, items were less than impressive, at least they aren't missing.",2,2026-08-05T18:14:34.000Z
Temu,Online Shopping,I will never purchase from Temu again.,"I will never purchase from Temu again.

I ordered 10 dresses, and every single one was extremely poor quality. The fabric was thin, see through, and nothing like I expected. Because none of them were acceptable, I returned the ENTIRE order using Temu's prepaid UPS return label exactly as instructed.

I personally verified that all 10 dresses were in the package before sealing it, reinforced the package with additional tape, and personally dropped it off with UPS. Temu acknowledged receiving my return by issuing a partial refund.

Then they claimed that five dresses were ""not found"" in the returned package and refused to refund the remaining $44.97.

I returned all 10 dresses. I no longer have any of them. If something happened after I properly returned the package using Temu's own return process, that should not become the customer's financial responsibility.

What makes this even worse is that Temu has never provided any evidence supporting its claim. No photographs, no package weight upon receipt, no inspection documentation, nothing. They simply denied part of my refund and expected me to absorb the loss.

I have now spent weeks gathering documentation, locating UPS receipts, filing disputes, and wasting countless hours trying to recover money that should have been refunded from the beginning. No customer should have to fight this hard after following the return instructions exactly.

This entire experience has completely destroyed my trust in Temu. Saving a few dollars is not worth the risk of being forced into a lengthy dispute over a properly returned order. There are too many other retailers that stand behind their return process and treat their customers fairly.

Temu has permanently lost my business, and I cannot recommend shopping with a company that handles returns this way. AVOID!!! These thieves should not be in business!

UPDATE: In reply to Temu's automated response, I HAVE contacted them. They refuse to help. I am waiting for PayPal to refund me. Temu does not care about their customers, they are CROOKS.",1,2026-08-06T13:25:42.000Z
Temu,Online Shopping,NEVER BUY,"I genuinely bought a set of bras from there and within 3 months they ripped, which sucked because I really liked them, the material was cheap. never buy from here.",1,2026-08-05T16:39:05.000Z
Temu,Online Shopping,Temu thinks if they give you $5 for a…,"Temu thinks if they give you $5 for a late delivery that replaces a refund because if it’s late you are never going to receive it. I have been waiting over 3 weeks for an order that has not had any movement in shipping in over 10 days. This is nonsense. Don’t ever order from them. I don’t intend to again.
On 8/6 they refunded me. Still wouldn’t order from them again though after not receiving 2 different orders.",1,2026-08-06T11:31:58.000Z
Temu,Online Shopping,My package never arrived,"My package never arrived. Evri Delivery driver delivered the package at the wrong address and upload the photo which is not my address or not my Door photo. It was a random wall photo where the package photo was taken.
I complain to Customer service to Temu But they keep sending me the same photo as the evidence and keeps saying that it was delivered. We were not even home when the delivery was showing and I had written 10 emails to Temu And send them several photos of my address, and my door to prove that delivery was not made to me, but they close my case. They did not give me a refund and they did not do anything. They have the worst customer service.",1,2026-08-05T15:59:03.000Z
Temu,Online Shopping,Excellent experiences with TEMU. Thoroughly recommended,"Excellent experiences with TEMU over the past 12 months. Multiple clothing purchases and 100% satisfaction rate for ease of ordering, updates on delivery and the whole shopping experience. Thoroughly recommended 👍",5,2026-08-05T13:00:58.000Z
Temu,Online Shopping,Now into week 3 of trying to get this…,Now into week 3 of trying to get this resolved. I said at the start I didn’t want credit I wanted a refund to my card as I have no intention of using Temu ever again. You have sent me the same email over and over again saying refund would be credit forcing me to have to spend it on your website. NO not happening. You have already stated that the seller is not responding to you like they didn’t with me and yet you are still not sorting out this issue. Temu is a complete con. Call you a valued customer and have no idea what that actually means they don’t care about the customer at all.,1,2026-08-05T12:51:50.000Z
Temu,Online Shopping,Awful deterioration of price and service,"This was a really great platform. Something's gone horribly wrong in the last 6 months though. Prices doubled at least on many products. And in the UK they've now engaged a courier (J&T Express) who don't even have a fully working delivery network! They are accepting delivery commitments without actually knowing how they'll deliver. And the tracking updates make it look like they DID try to deliver and you REFUSED to take the parcel!!! Absolute shocking downfall of service levels, Prices up, penny-pinching on delivery, and there's NOTHING you can do about it because couriers are unresponsive, and can't get your money back from TEMU until it's horribly overdue.

I hope they fix this, but I feel that the consumer is just getting crapped on yet again in the name of profit.",1,2026-08-05T10:53:28.000Z
Temu,Online Shopping,I ordered a socket and Ratchet set and…,"I ordered a socket and Ratchet set and took 2 weeks to arrive.What i got was a cheap automotive scanner not what I ordered. What I read up about this company is lots beware and corruption. Misleading customer's of free this and that crap stealing IP addreses ,putting extra charges on bills. I would stay far away from these cons.",1,2026-08-05T06:11:52.000Z
Temu,Online Shopping,YET ANOTHER SCAM EMAIL,"In a desperate attempt to get my bank details they're lying that my basket has been updated,I have never bought from Temu and never will, free gifts, £20 off vouchers ,it's all nonsense.",1,2026-08-05T02:56:57.000Z
Temu,Online Shopping,Please be aware I placed an order total…,Please be aware I placed an order total £50 items were delivered I did not receive the order I contacted customer services only to be told repeatedly that my order was delivered successfully they showed me a photo of the delivery which was obviously an ally way nothing like my property or area I live in they refused to replace items or refund me I will never shop with Temu again disgusting,1,2026-08-05T02:11:57.000Z
Temu,Online Shopping,Stick to Ali Express,"Never accept gifts by purchasing a certain amount, you'll never get them only buy what you want. Just checked order and surprise no gifts.
An update, I added the app to gain gifts they say so my last two orders were on my app. Added items like the promotion asks and the items I've had are the items paid for. Confusing or mistaken on my part but am I the only one who experience this? Sticking with bargains and quick delivery and bin the gifts.
Update, I actually received a text today to claim gifts you pick because they're free. Does add credit back to be added so you do end up spending. Fed up now so uninstalled app and said bye.",1,2026-08-07T17:25:19.000Z
Temu,Online Shopping,"Occasionally good, mostly awful","Ive used Temu a few times, you can get some decent items from there. It's a chinse marketplace, so you get knockoff goods, some poor quality stuff, but also get access to some decent stuff too, at prices which are reasonable.

Any problems, and returns and refunds are simple.

Until they're not. I recent bought an item that was not as described at all, and went to complain. I was offered a £10 voucher, which could be used to take the price off any £10 spend. Thats ANY spend.

I accepted it. It was £3 less than my items value, but i was able to keep the item (which i have since binned because it was more useless than i thought). So I checked some items I wanted, added them to my basket. Knowing there was a £15 minimum spend. I got £15 of items... and got told I still needed to spend £10. Because my voucher removes the payment BEFORE checkout, so checkout does not meet £15.

Bit of a scam for a refund aint it? my refund of £10, is now locked behind me needed to buy £25 of items, and spend £15 of my own money. So I have to give them 150% MORE than my refund, to get my ""goodwill apology""

I complained, and got given an upgraded £15 credit voucher.

Which I added, and went to my basket... now I need to spend £15 more. because my voucher wiped out before checkout again. So its not credit, its a scam to get me to give them more money.

I explained this again, and how I'm pretty sure that offering a refund that is then paywalled, must break some sort of laws. I got sent a breakdown of how lucky I am to receive offers and coupons from them, and they're sad that my coupon didnt meant my expectations, but to keep looking out as they give new coupons daily. Again, this was not a bonus coupon, it was meant to be a refund! I told them again, and got told sadly there is nothing they can do.

I now have no coupon (timed out whilst waiting for an answer, because you only have 48 hours to use the refund coupon, probably to force you to rush into a nonsense purchase) and I cant refund the item anymore, because it's already been processed for its one off bonus refund (which was the lame voucher)and even if i could, once I was told to keep the item and I'd get the voucher, the item was binned

Like I said, I've had good experiences with the company. Plenty of useful items for the house, that are genuinely cheaper than other options. But this experience has just left me uninstalling the app, not that its stopped them from sending me 10 texts and whatsapp messages daily.",2,2026-08-04T23:18:50.000Z
Temu,Online Shopping,Don't buy if you need it urgently,If you need something fast watch what you are buying I ordered a garden hose on 31st July and I have discovered it won't arrive until 10th September yet there was no mention of this excessive delivery time at the time of purchase,1,2026-08-04T20:49:49.000Z
Temu,Online Shopping,super easy Service de livraison,"Bonjour, merci d'avoir fait vos achats chez nous et d'avoir partagé votre expérience 5 étoiles! Votre feedback nous est extrêmement précieux, car nous nous efforçons constamment d'améliorer la qualité de notre service. Si vous avez besoin d'aide, n'hésitez pas à nous contacter via Temu.com ou le chat en direct de l'application Temu. Meilleurs vœux, l'équipe Temu",5,2026-08-04T19:31:49.000Z
Temu,Online Shopping,"Dishonest practices, fake empathy, and refusal to refund missing items (Order PO-053-05166624174713029)","I ordered a package (Order PO-053-05166624174713029) via cash on delivery. Upon opening the intact parcel, several paid items were completely missing from the shipment.
When I contacted customer support, they repeatedly refused to verify the actual weight of the package at dispatch versus delivery. Instead, they kept sending automated copy-paste template responses, hiding behind vague statements like ""our records show everything was packed correctly.""
After I posted an initial warning, their support team reached out to me with fake empathy, pretending they wanted to resolve the issue and asking for details to fix it. However, right after I provided the requested information, they simply rejected my claim again using another scripted response!
This is a deliberate exhaustion tactic to scam customers out of money for goods that were never delivered. Zero customer care, zero transparency, and absolute disregard for consumer rights. I am now filing an official complaint with the European Consumer Centre (ECC). Stay away!",1,2026-08-04T19:04:53.000Z
Temu,Online Shopping,wish I could give no stars,"wish I could give no stars, they have started using Inpost for the deliveries and guess what they have lost the package but worse than that they are saying it was collected from the locker. Contacted customer services who require a photo of nothing in a parcel locker, complete idiots the lot of them",1,2026-08-04T19:01:02.000Z
Temu,Online Shopping,Do not order from then I've been…,Do not order from then I've been waiting on a package for 29 dam days still have not arrived. I rather shop off of shein they deliver as promise very missed off,1,2026-08-04T19:00:56.000Z
Temu,Online Shopping,I placed two orders each saying I had…,"I placed two orders each saying I had eight free items, but I had to buy something for $5 on one and $8 on the to get the eight items free. I did that. I received both items I paid for, and one teeshirt each for the two orders where I was supposed to get eight free items. Where's the rest of my two irders?????????",1,2026-08-04T18:58:03.000Z
Temu,Online Shopping,Happy to shop with TEMU,"I have bought a lot of things from Temu, and really happy with them. Yes some things ain't great and can come across a bit misleading, but is that not due to not reading discrimination properly? If I dont like it I just return them and get my refund straight away. I am more than happy to buy from TEMU 😃",5,2026-08-04T17:33:44.000Z
Temu,Online Shopping,We placed an order in April and paid in…,"We placed an order in April and paid in full. We have tried cancelling and getting our money back and just receive standard non-committal responses. We have now issued a county court online money claim. Their stuff may be cheap but customer service is non-existant.

Read Temu reply - much the same non-committal nonsense as before. They've had all the info they're asking for. Our patience is exhausted and we will let them answer to the court.",1,2026-08-05T07:38:28.000Z
Temu,Online Shopping,Useless talking to AI robots to sort…,Useless talking to AI robots to sort issues out asking me the same s h i t e repeating myself . They just a fraud no help what so ever . Finally got to speak to someone and they were helpful instead of talking to robots so annoying this AI stuff . well had a message yet again and telling me the same rigmaroll basically love wasting my time as usual . Want the money but don't like when you complain of how some of the products are not as described . Avoid .,1,2026-08-05T10:54:12.000Z
Temu,Online Shopping,I ordere some shorts and received rubbish,"I ordered some shorts that I didn’t receive. But received a jet bucket washer, 2 round signs and a jet washer that fits on hose pipe. Message sent to Temu . You only get one chance to make a good impression you failed. GOODBYE",1,2026-08-04T13:15:15.000Z
Temu,Online Shopping,DO NOT BUY ANYTHING FROM TEMU.,"Hello, thank you for your feedback! Temu is an e-commerce company that connects consumers with a network of merchandise partners, manufacturers and brands with the mission to empower consumers to live their best lives. Customer satisfaction is of the utmost importance and we are constantly working to improve our service quality. If you need further assistance, please message us through Temu.com or Temu app live chat. Best wishes, Temu team",1,2026-08-04T08:32:14.000Z
Temu,Online Shopping,Free shipping on orders over $30,"Free shipping on orders over $30. Ordered 6 of one color rechargeable wine bottle lamps. Added 2 of a different color and was charged for shipping on those. Cancelled that part of the order. Since you are not shown an invoice before they run the credit card, you have to go through the refund process. Seems like it would make sense to be able to approve the transaction before paying. I would probably have added more items to the second order to get free shipping.",2,2026-08-04T04:39:02.000Z
Temu,Online Shopping,Temu is a scam,"Temu is a scam
I got charge with $25.57 for the 5 items that they said is for free plus 4-5 small items on top of the 5 free items. I bought another 9-10 items and got charge $64,69 and i also bought few more small items and got charge $12,30. The thing is they gave me over $200 cash but i have to spend a few items for me to get that $200 and i did but i got nothing after i bought all of that. I still dont see the main items that i have order.",1,2026-08-06T08:53:04.000Z
Temu,Online Shopping,if i could give zero I would.,"if i could give zero I would.. bought a pack of 4 outdoor solar security lights and within 4months of use 3 have failed.. 1 failed within 4 weeks. that one I received a partial refund for. The other 2 have failed within the last 2 weeks. response from temu and seller? well they lasted 4 months so that ok by us.. shit company to deal with
As for the Temu reply .. well I tried that but your word for helping getting the situation resolved is worthless.",1,2026-08-04T13:05:10.000Z
Temu,Online Shopping,Very misleading,Very misleading. New customers are under the impression that they are receiving “free credits” when in actuality when they go to check out their shopping cart the company asks for a credit card. I had to cancel several items and request refunds for things my teenage daughter purchased. It’s not worth the headaches as they take their time to reimburse you.,1,2026-08-04T02:00:09.000Z
Temu,Online Shopping,The site told me 4 free gifts I picked…,"The site told me 4 free gifts I picked 4 free gifts spend at least 15 pounds i did they sent 1 free gift its a scam they try and fob me of with 12 pound credits people TEMU IS SCAMMING YOU ALL . I've got the whole conversation photoed can and will share if you ask me but look on face book and other social media for the whole conversation it won't let me put photos on here its a SCAM Look on trust pilot will post all on there they pushed me round 3 operators all with the same response people avoid Temu there are better places than this scam you talk about stars your stars are not that good 3.3 out of 5 I can see that getting worse your not just scamming uk but all over the world Australia, New Zealand to name 2 more countries where your doing the same scam people not going to put up with poor rating and reviews on there way. 50 people have viewed in 1 day i hope all 50 dont use your scam company I hope i get over 1000 views and they all leave your scam",1,2026-08-04T20:35:28.000Z
Temu,Online Shopping,Sent the goods bank over a month ago…,Sent the goods bank over a month ago still waiting for a refund,1,2026-08-03T23:05:17.000Z
Temu,Online Shopping,Can I give them a ZERO ?,"Can I give them a ZERO ?
I chose some clips that I wanted to buy.
They played the spin game - said I got 100% off with free shipping. I spun the stupid thing again and it said x6.
So the website told me to pick 6 free items.
I went through this hassle - then I tried to check out and it said minimum $40 order.
So they offered everything FREE - BUT I HAD TO SPEND $40 to get some $5 clips.
THIS TEMU SHOULD BE SHUT DOWN BY OUR FEDERAL GOVERNMENT",1,2026-08-03T22:15:21.000Z
Temu,Online Shopping,UNFAIR & MISLEADING PROMOTION! Temu refuses to honor $60+ Farmland rewards!,"I spent a whole month completing the Farmland game by inviting 15 NEW USERS to Temu. Once I completed 100% of the requirements, Temu claimed my chosen items were ""out of stock"" in the game interface. HOWEVER, all 4 items are CURRENTLY IN STOCK in my cart on their app, totaling 97.43 AZN (~$57)! When I provided screenshot proof of the items being available in my cart, Support Agent Austin offered me an insulting 10 AZN (~$6) compensation and tried to force me to accept cheap, unwanted alternatives. This is a clear ""Bait and Switch"" tactic to exploit users for free referrals without providing the promised rewards. I demand full credit of 97.43 AZN for my cart items or I will continue escalating this publicly across App Store and Consumer Rights portals! Ticket ID: 1785757529014511
UPDATE (FINAL NOTICE): Temu has ignored the 24-hour deadline. Official fraud reports have now been escalated to Apple App Store Safety and the Better Business Bureau (BBB). Support agents previously admitted capability to issue credits by asking for screenshots, but are now refusing to honor $57.30 earned by bringing 15 real users. Avoid this fraudulent app! Ticket ID: 1785757529014511.",1,2026-08-08T09:15:38.000Z
Temu,Online Shopping,TEMU is a BIG SCAM & FRAUD!!.,"TEMU is a BIG SCAM & FRAUD!!.

With there promotions for paying YOU the client to paypal payout.
My wife did a LOT of TEMU & they promest payout to her paypal acount NEVER resived anything.
Talked to a help desk DID nothing !!!.

NOW i know they will react to this BUT let me just say in for hand TEMU DON'T BOTHER we have your IP & adres!.

BUT even that is a TOTAL cover up FOR what is really going ON!.

ALL they want =
1 Your Money
2 Your data
AND the rest lour YOU the client IN to buy more of there BS.
Murteandice THAT is so dangerous IT could KILL you in the end !!.

SO TEMU & everybody that works there to help TEMU grow.
I hope you get what the grimreaper got :P i dont know what it was BUT he aint here anymore iff ya get my drift .

AND dont bother awnsering to this reveuw BECAUSE you know what you are A BIG SCAM & FRAUD componay !!!.

I hope you will have a nice couzy place in hell for your hole fam to",1,2026-08-03T21:36:01.000Z
Temu,Online Shopping,I have a returned package from June 21…,"I have a returned package from June 21 that has been delivered to Temu Company since June 21 and is now August 3, but I am still in the process of searching for the package and has not been refunded yet.
When I complained, I only got the response that I was waiting to find the package :) there was no deadline for handling the case, I felt like a scam",1,2026-08-03T20:15:34.000Z
Temu,Online Shopping,Temu has harassed me leave me alone I do not have help from my US government if I had I would have taken you to court so long ago cease and desist,"SUBJECT: FINAL DEMAND: Immediate Cease and Desist / Settlement 

Dear  Temu,

I am writing to issue a final attempt to resolve this matter before taking formal public and legal action regarding your ongoing misconduct, contradictory statements, and continued contact despite my explicit requests.

To be clear:

Contradictory Statements & Lack of Accountability: Your team’s story has continuously shifted, demonstrating a clear refusal to own up to standard protocol failures and mistakes—a dynamic documented extensively in public reporting on your organization’s escalation practices.

Inadequate Remedies: Offering a $3.17 ""good faith"" credit—an insultingly nominal amount that does not even cover basic shipping, let alone address the scope of the issue—is entirely unacceptable and fails to demonstrate genuine good faith.

Continued Harassment: I have repeatedly asked your company to cease contact, leave me alone, and close this issue. Your refusal to respect a simple cease-and-desist request, paired with aggressive attempts to gaslight the situation, has escalated this into outright harassment.

My Position:

I have been willing to walk away, but your actions have made that impossible. Consider this your formal notice:

Cease Unsolicited Contact: Stop contacting me with empty rhetoric, moving goalposts, or insulting offers.

Proper Resolution: Either present a meaningful, realistic resolution that accounts for the stress and disruption caused, or honor my request to close this matter entirely and cease all communication.

If you choose to continue harassing me rather than resolving this or walking away, my immediate next step will be to post the complete, unedited record of this interaction—including all emails, dates, contradicting agent statements, and your $3.17 ""good faith"" offer—across major social media platforms, consumer watchdog review sites, and standard regulatory outlets (such as the Better Business Bureau and State Attorney General).

Use this as a learning case for how not to treat customers, and direct your escalation management team to respond accordingly.

Sincerely,

Jacqueline Lewis 

4372 Beaverton Circle Loganville 

Georgia,30052

You have only to the end of the day to respond and to proceed with what you promised that you were going to do and if not I promise you that I will not stop until something has been done about this and I mean every avenue that I can go down and fulfill my commitment to me I will no longer stand around in allow you guys to abuse me to harass me even after you have robbed me you have unauthorized purchases with my credit card you have false advertisement which I have proved time and time again you have a carrier who stole my product and you refund the product but you fell to fix the issue knowing that your customer waited a long time for that product and was not given a promise that you promise of late would be $5 given to your customer you did not honor your own mandate I have had enough and I will not stop until I plastered all the information that you have sent me every last one of the management team's names who emailed me time and every issue that went before myself and your service agents showing that you are not willing to answer any questions that I've had and you are not willing to resolve this matter in a timely time I have had it enough this is it you only have to the end of this day to honor what you said you were going to do do it and cease and desist just matter walk away o",1,2026-08-06T21:10:59.000Z
Temu,Online Shopping,Temu,"Temu, If I could give you 🌟🌟🌟🌟🌟🌟🌟🌟🌟🌟🌟 I would, You website sells literally everything, TEMU U THINK OF EVERYTHING AMAZINGLY 🌈 Your quality of products are PERFECTO,Your prices are very REASONABLE , 🙏 YOU MAKE IT AFFORDABLE FOR PEOPLE & YOU EVEN ACCEPT KLARNA CLEARPAY HOW BRILLIANT TEMU 🌈 Your delivery's, are PROMP PROMPT, 🌈 Thankyou TEMU STORE & STAFF 🌈🌞🧡",5,2026-08-03T16:01:17.000Z
Temu,Online Shopping,"Classic bait and switch, the desperate low lifes...","First time I used these scammers today, and I encountered the most carefully constructed, cynical, and vile, bait and switch scam.

Choose 3 free gifts they say... but they are not really free, and there aren't really 3 of them...

After spending ages picking the 3 alleged free gifts and even though I had already spent over £100, I was told I had to buy something to qualify, so I bought something, and I qualified for just 1 free gift, then I was told to buy something else to qualify for the next free gift, so I did, but then I was told I had to buy MORE to qualify for this second free gift... at this point I realised that I had been scammed, and that Temu are absolutely despicable.

As I said, before I entered into this scam, I had already spent over £100 on a product, so in future, if I want anything again, I would rather pay more and get it from anywhere else.

Temu, you're so sharp that you'd cut yourselves! You could have gained a valuable and loyal customer, but for the sake of a few bits of cheap trash, and a few quid, you have lost far more profit than you could imagine! Had you actually JUST SENT the free gifts that I chose, instead of baiting me with them, and switching to trying to get me to spend more and more, I might have thought you were a great bunch, but now I think you are desperate low lifes!

Good people, take my advice, and that of most reviewers on here, steer well clear of these horrible people.

And before some copy and paste fake named Temu rep responds to this review, I already chatted to your useless customer support, told them all of this, and they said:
""Dear customer, I sincerely apologize for the issue you've experienced. I completely understand how you feel, I would feel the same in your situation. We truly appreciate your valuable feedback, and we've taken note of it to help us improve our service.🥺🙏🏼""

They 'completely understand how I feel' and they 'WOULD FEEL THE SAME IN MY SITUATION', but all they can offer is insincere patter and total BS... In other words they're saying, 'oh, we know full well we scammed you, and we don't actually give a damn, poor you'!

THEY ARE AMORAL AND CYNICAL SHORT SIGHTED SCAMMERS!",1,2026-08-03T14:36:04.000Z
Temu,Online Shopping,Nothing wrong with the products,"Nothing wrong with the products. Biggest disappointment is the delivery time. When I order from Amazon it takes around 3 days to delivery. Temu is around 3 weeks minimum. Seeing as they advertise stores in Australia, this seems extremely long 😑",3,2026-08-03T12:48:31.000Z
Temu,Online Shopping,Quality and scams,"Some stores on temu have high quality stuff. It's an app you need to learn to navigate and I wouldn't automatically diss it.
Things though need vast improvement:
1- The delivery service in my country! If you want to receive your parcels at home you need to pay extra. Worth it completely or you will spend hours in traffic jams and have nowhere to park while queuing to get your parcel.
2- A PIECE OF ADVICE: Never play the games where you are supposed to get free gifts or any other game. You will never get what you're going for. NEVER. IT IS AN UNFORTUNATE SCAM! You will only lose more money.
3- appeal to their customer service for all issues",4,2026-08-03T12:35:43.000Z
Temu,Online Shopping,It good an trustworthy,"Hello, thank you for your feedback! Temu is an e-commerce company that connects consumers with a network of merchandise partners, manufacturers and brands with the mission to empower consumers to live their best lives. Customer satisfaction is of the utmost importance and we are constantly working to improve our service quality. If you need further assistance, please message us through Temu.com or Temu app live chat. Best wishes, Temu team",3,2026-08-03T10:23:06.000Z
Temu,Online Shopping,Total scam beware just because cheap prices doesn't mean it's good,I have ordered a few times before after the first time I don't expect things to come as pictured today I made a new order then a wheel popped up to spend for credits I try then I was told I won a $150 credit a list of it for me to pin from then came up I pick a few it's and it gave me a few new orders my debit card still has these charges even after I've cancelled them,1,2026-08-03T03:11:16.000Z
Temu,Online Shopping,Oh dear.,"Oh dear.
scammed by Temu.
After downloading the app on to my phoneI was delighted to see that I had unlocked four free gifts from a choice they gave me.
All I had to do was select my freebies and buy something of a certain value.
This I did. Then the scam rolled in, my purchase got me one free gift. To get the other three I would need to make three more purchases.
Not liking this kind of sales scam I removed the app andwont be falling for that again.
Not a good look Temu, dont take people for fools.",1,2026-08-02T23:11:30.000Z
Temu,Online Shopping,Did everything to receive free gifts…,Did everything to receive free gifts and yet no free gifts..,1,2026-08-02T22:47:08.000Z
Temu,Online Shopping,DO NOT SHOP OR BUY FROM THE TEMU…,"DO NOT SHOP OR BUY FROM THE TEMU WEBSITE! DO NOT BUY! DO NOT BUY!

THE APPLIANCE DAMAGED MY FLOOR, AND TEMU HAS BEEN GIVING ME THE RUNAROUND SINCE 25 JUNE

ORDER ID: PO-210-13870034422390369
MAIN TICKET ID: 1782391393210902
DATE REPORTED: 25 JUNE 2026

I DO NOT RECOMMEND EITHER THIS PRODUCT OR THE WAY TEMU HANDLES SERIOUS COMPLAINTS INVOLVING PROPERTY DAMAGE.

AFTER THE FIRST AND ONLY NORMAL USE OF THE SUPERLEX STEAM MOP ON MY KITCHEN VINYL/PVC FLOOR, CLEARLY VISIBLE WHITE, CLOUDY AND MATT PATCHES AND MARKS WERE LEFT BEHIND. THE APPLIANCE WAS USED EXACTLY AS INTENDED, WITH THE STANDARD FLOOR ATTACHMENT AND USING ONLY CLEAN WATER. NO CLEANING PRODUCTS, CHEMICALS, FRAGRANCES OR OTHER ADDITIVES WERE USED.

I REPORTED THE CASE TO TEMU ON 25 JUNE 2026. SINCE THEN, I HAVE PROVIDED NUMEROUS PHOTOGRAPHS, A VIDEO RECORDING, A DETAILED DESCRIPTION OF HOW THE APPLIANCE WAS USED, A PROFESSIONAL ON-SITE INSPECTION, A TECHNICAL OPINION AND THREE SEPARATE QUOTATIONS FOR THE REPLACEMENT OF THE FLOOR.

INDEPENDENT PROFESSIONALS CONFIRMED THAT THE UPPER PROTECTIVE LAYER AND GLOSS OF THE VINYL FLOORING HAVE BEEN PERMANENTLY DAMAGED BY THE HOT STEAM AND THAT THE MARKS CANNOT BE SAFELY REMOVED THROUGH CLEANING, POLISHING, SANDING, RESIN OR A PROTECTIVE COATING.

THE ONLY RELIABLE SOLUTION IS THE COMPLETE REMOVAL AND REPLACEMENT OF THE ENTIRE KITCHEN VINYL FLOOR WITH A NEW ONE. PARTIAL REPLACEMENT IS NOT SUITABLE BECAUSE THERE IS NO WAY TO GUARANTEE A MATCH IN COLOUR, PATTERN, GLOSS AND LEVEL OF WEAR.

DESPITE ALL THE EVIDENCE AND PROFESSIONAL QUOTATIONS PROVIDED, TEMU CONTINUES TO DELAY THE CASE. DIFFERENT CUSTOMER SERVICE REPRESENTATIVES KEEP ASKING ME FOR INFORMATION THAT I HAVE ALREADY PROVIDED AND CONTINUE TO SEND THE SAME GENERAL RESPONSES STATING THAT THE CASE IS BEING REVIEWED, THAT THEY ARE AWAITING FEEDBACK AND THAT I WILL BE NOTIFIED.

SINCE 25 JUNE, THERE HAS BEEN NO SPECIFIC RESOLUTION, NO CONFIRMATION THAT TEMU WILL COVER THE FULL COST OF REPLACING THE DAMAGED FLOOR AND NO SPECIFIC DEADLINE FOR CONCLUDING THE CASE.

I HAVE ALSO ASKED TEMU TO PROVIDE AND CONFIRM THE FULL LEGAL DETAILS OF THE COMPANY RESPONSIBLE, THE CORRECT ADDRESS FOR SENDING A FORMAL LETTER BEFORE CLAIM AND COURT DOCUMENTS, AS WELL AS THE DETAILS OF THE SELLER, MANUFACTURER, IMPORTER AND RESPONSIBLE ECONOMIC OPERATOR IN THE UNITED KINGDOM.

I REQUIRE THIS INFORMATION SO THAT I CAN COMMENCE COURT PROCEEDINGS AND CLAIM COMPENSATION FOR THE DAMAGE CAUSED. HOWEVER, TEMU STILL REFUSES TO PROVIDE OR CLEARLY CONFIRM WHICH LEGAL ENTITY THE CLAIM SHOULD BE BROUGHT AGAINST.

THIS TREATMENT IS COMPLETELY UNACCEPTABLE. A PRODUCT PURCHASED THROUGH THE TEMU PLATFORM CAUSED REAL AND SERIOUS DAMAGE IN MY HOME. INSTEAD OF TAKING RESPONSIBILITY AND RESOLVING THE PROBLEM, THE COMPANY HAS FORCED ME TO WASTE AN ENORMOUS AMOUNT OF TIME WRITING COMPLAINTS, COLLECTING EVIDENCE AND REPEATEDLY COMMUNICATING WITH CUSTOMER SERVICE.

THE CASE HAS ALREADY BEEN REPORTED TO CITIZENS ADVICE CONSUMER SERVICE, TRADING STANDARDS AND THE OFFICE FOR PRODUCT SAFETY AND STANDARDS (OPSS).

IF TEMU CONTINUES TO FAIL TO PROVIDE A SPECIFIC RESOLUTION, REFUSES TO COVER THE FULL COST OF REPLACING THE FLOOR AND FAILS TO PROVIDE THE NECESSARY LEGAL INFORMATION, I WILL SEND A FORMAL LETTER BEFORE CLAIM AND COMMENCE COURT PROCEEDINGS.

I DO NOT RECOMMEND THIS APPLIANCE. I WARN CUSTOMERS NOT TO USE IT ON VINYL, PVC OR OTHER SENSITIVE FLOORING.

DO NOT BUY ANYTHING FROM TEMU! DO NOT BUY! DO NOT BUY! DO NOT BUY FROM TEMU!

NAME: KUNKA KUNCHEVA
ORDER ID: PO-210-13870034422390369
MAIN TICKET ID: 1782391393210902 DATE REPORTED: 25 JUNE 2026

DO NOT BUY ANYTHING FROM TEMU! DO NOT BUY! DO NOT BUY! DO NOT BUY FROM TEMU!",1,2026-08-02T21:07:39.000Z
Temu,Online Shopping,Very bad they promise to give 9 gifts…,Very bad they promise to give 9 gifts but they only give 3 gift this is unfare,1,2026-08-02T20:44:55.000Z
Temu,Online Shopping,I wish I could give negative stars zju,"I wish I could give negative stars to this company! I ordered almost $300 and stuff, but they sent it to my old address. And they kept on sending it no matter how many times I corrected them and tell them they were sending it to the wrong place. Not only did they send it to the wrong address but since I no longer live there they were left on the road and somebody picked them up and stole them and the couple that they actually threw over the fence were destroyed by the dogs of the people who live there now. This is a horrible company. If you wanna take your chances that you'll actually get stuff when you send them their money go ahead but I've already played that roulette",1,2026-08-02T19:51:44.000Z
Temu,Online Shopping,It would be zero stars if I could this…,"It would be zero stars if I could this company are a scam and im so annoyed at myself to trust them
I returned an order and never got full refund they say items where missing they never received it
Beware they are scammers",1,2026-08-02T19:22:11.000Z
Temu,Online Shopping,A wall unit was apparently tried to be…,"A wall unit was apparently tried to be delivered at 1.50 today. A message said sorry I missed you. No , you didn’t miss me , you never bothered to try and deliver it! Bloody sham company, sham delivery service!",1,2026-08-02T18:51:31.000Z
Temu,Online Shopping,Scammer's Paradise,"Based on my personal experience, I cannot recommend shopping on Temu. Shipping often took much longer than expected, and several of the items I received did not match their descriptions or the photos shown on the website.

When I contacted customer support to request returns or refunds, I was frequently encouraged to accept store credits or discounts toward future purchases instead of receiving a straightforward refund. I also found many of the promotional offers, including some advertised as ""100% off,"" to be misleading and not nearly as beneficial as they initially appeared.

While Temu may offer lower prices, the small savings were not worth the delays, inconsistent product quality, and frustrating customer service I experienced. If you value reliable shipping, accurate product descriptions, and dependable customer support, I recommend purchasing from more established retailers instead.

For reference, some of the orders associated with my experience include:

- Order #PO-211-18587916252793414
- Order #PO-211-19876462080633414
- Order #PO-211-14378797363833414
- Order #PO-211-18587958195833414

This review reflects my personal experience and is intended to help others make an informed purchasing decision before placing an order.",1,2026-08-02T18:26:05.000Z
Temu,Online Shopping,The excellent products and pricing,The excellent products and pricing. But now my account has been suspended for disputes All disputes have been resolved or terminated by my bank. Please reinstate my account.,5,2026-08-02T17:05:16.000Z
Temu,Online Shopping,The promotion thing is a scam don't…,"The promotion thing is a scam don't know how they get away with this, and why Temu is charging 3.69 euros for import fees when it's 3 euros per item. It's not worth buying from when import fees are more expensive than the items I bought",1,2026-08-02T15:15:23.000Z
Temu,Online Shopping,This whole scenario with Temu has been…,"This whole scenario with Temu has been a nightmare from start to finish. Still no answers and all they do is send the same message repeatedly. They are the most incompetent people to deal with and it is about time Colin Haugh who owns Temu did something about the total incompetence these people who he employs are allowed to give out to customers. I am not surprised at all the negative reviews on here as I am sorry to say they are all accurate of this company.

Just read their reply, it is a joke. They are so unprofessional when dealing with customers. Absolute JOKE",1,2026-08-03T13:25:22.000Z
