Combined Text,Sentiment,label
sound and lips not in sync why is the sound off? the voices and the mouths are not in sync on every program or movie! this is a big pet peeve for me! why is this happening. there are literally millions of people subscribing. you have enough money for this issue not to happen! do better!,Neutral,1
helped me with many design ideas and helped me with many design ideas and projects.,Positive,2
"i started using canva as an addition to capcut. i like the fact that canva is good for anyone who is new to video and image creation. i would recommend it for anyone that is just starting out , becaus... see more",Positive,2
"uber added undisclosed fees uber added undisclosed fees. the amount the app stated turned out to be 50 higher. instead of charging me 84, the charge was over 120 not counting the tip. and they make it difficult to talk to anyone. i have never used lyft but will now.",Negative,0
netflix needs better job advertising netflix needs better job advertising live content ..if they are going in the business of sports ..netflix needs to do much better..i had no idea the homerun derby was even on netflix!! and i have netflix!! they should have littered social media advertising it!! i mean come on we get so much dumb hit on social media and i barley saw anything about it..disappointed,Neutral,1
"downgraded to a cheaper room but downgraded to a cheaper room but overcharged by 585booking.com's handling of our trip was completely unacceptable. our original luxury apartment booking was double-booked, forcing us into alternative, much cheaper accommodation.despite being downgraded to a lower-quality property, we were still overcharged by 585 compared to what the cheaper stay actually cost. booking.com effectively kept our money for a luxury experience we never received.when i raised a complaint about this massive price difference, customer service refused to refund the 585 we were owed. instead, they only offered a standard 10 compensation. this is a complete scam. they allowed a double booking to happen and then kept our money for a cheaper room. avoid booking with them.",Negative,0
"temu was great until j t delivery i am very sorry to have to write this review. i have been ordering from temu for years and generally had a good experience, but since they switched to j t for deliveries, the process has become far too stressful. i recently ordered several items, including a custom order, for an important event. unfortunately, delivery was never even attempted. despite this, j t claimed that i had refused the package and sent it back to the sender. the temu representatives i spoke with via live chat were kind and friendly, and i appreciate their efforts. however, the only resolution they were able to offer was a refund plus a 20 discount coupon, capped at 20 and valid for just seven days. considering the circumstances, this does not come close to making up for the situation. the order included a custom-made item, and because of the delay and return, i no longer have enough time to reorder it elsewhere before the event. after being a customer for years, i am genuinely disappointed that this experience has made me decide not to order from temu again. i would strongly advise temu to reconsider working with j t, as an unreliable delivery partner can completely undermine an otherwise positive customer experience.",Negative,0
my 2 trip was good but the second last my 2 trip was good but the second last you own me a refund the driver didn t pick me up and i paid by card. i am requesting for my refund. and your driver they hardly call.,Negative,0
"almost missed my flight due to uber i made an advanced reservation for a ride to the msp airport for 4 45 am. the driver has never arrived and the platform could not let me cancel the ride, as i was indicated as on a ride. after 30 minutes, i had no option but to ride my car and use long term parking at the airport. almost missed my flight and was very stressed. uber charged me 25 and reversed it later but refused to reimburse for the 3 days parking. the company does not take any responsibility and must be regulated, perhaps on federal level.",Negative,0
"i would give this rating a 0 if i would give this rating a 0 if possible, my driver could not speak or read any english so he was going in totally blind, looking for my building that he never would have found if my boyfriend did not go outside chasing his car down through many different parking lots. the man triggered my bpd borderline personality disorder by screaming at me on the phone, hung up on me, ignored my calls and texts. then when i was trying to help him find my building and said look for 15 because it was much easier for him to find a building with a hidden number on it which i specifically wrote in my directions. he was furious that i told him to look for building 15 and started throwing a tantrum. this is extremely unprofessional and this is not the first time this has happened. i am completely furious with this company for not hiring capable enough people to understand basic english and instructions due to their lack of knowledge upon reading directions.please change your policies and do better.",Negative,0
"never buy i genuinely bought a set of bras from there and within 3 months they ripped, which sucked because i really liked them, the material was cheap. never buy from here.",Negative,0
thank you thank you. i like your services. everything is easy and clear.,Positive,2
"thankfully now i,have found rappi on thankfully now i,have found rappi on mexico .. uber are liars and cheats and human scum do not use them. their share has fallen 40 in the last few monthss ans should be 0.00000 as their service is less than anything in this .. thank you lord .. i will never ever work with the uber liars again",Negative,0
"wish i could give a 0 can t access an old facebook email, so messaged support asking for help as that was how i logged in to spotify. after being transferred to a specialist i was told that my account has been disabled due to security reasons and we cannot reactivate it . when i asked what the security reason was and if my data was possibly breached i was told we do not have any more information to share, but we will be here if you need help with anything else. i am afraid this is not something customer service can help with. unless you have a technical or payment issue, i will be ending this chat absolute ass response. 2026 customer service for you.",Negative,0
they robbed me i was charged for items they robbed me i was charged for items that were never delivered. simply then the representative told me the policy says they cannot provide a refund. doordash literally stole money from me smdh,Negative,0
"the drivers i had were all polite and the drivers i had were all polite and respectful. clean modern cars, arrived very quickly and we are reliable. the prices were reasonable, beats walking. the app is too easy to use and now cash is available as an option.",Positive,2
i received a green disc with an arrow i received a green disc with an arrow. did not order it and have no idea what you are to do with it. please explain what it is for,Negative,0
zero stars with all these ads after zero stars with all these ads after each song,Negative,0
"deceived by netflix i was cheated big by this platform, when they are claiming an offer for new members, of 7 days free-to-watch service to test, but ultimately, i ended up being charged for a whole month! this is outrageous, lying new subscribers in such despicable way! you will never hear about me being your member, no sir... cause you are a fraud!",Negative,0
cannot log in to reset my password tried logging in after months of being away. i cannot use my email address as it is a registered member. i was so cool. i try to log in says oops and some bullshit i cannot get to any page wher i can access my detaild to update payment as spotify wont let me into my own account!!! ia was needing some music for my morning run. i will choose another provider. spotify you lost a custoimer as i could not even get to reset my password,Negative,0
poor and uninteresting content poor and uninteresting content. lack of anything interesting. i ll be canceling netflix sucks,Negative,0
i would give 0 stars if that was a i would give 0 stars if that was a possibility. i ordered from a vietnamese restaurant that i order from frequently. i had 3 issues with my order. driver took 44 minutes to deliver my order restaurant is only 3.1 miles from my house. food arrived cold due to excessive delivery time. the sampler platter i ordered contained the wrong combo of items that i had chosen for it. i contacted help through the app. explained the situation. provided pic of wrong sampler platter i received. also provided pic of the other dish that arrived cold as requested. which is ridiculous as you cannot tell it was cold from a pic. i was told that my order was not eligible for any type of refund. i contacted door dash customer service next by phone and spoke to live agent. they told me that due to door dash policy i was not eligible for even a partial refund for the wrong item. this is bs!,Negative,0
worst support ever my account got hacked and i tried contacting support 3 times and everytime i did they just closed conversation after saying they will check it out without any respone worst support ive dealt with in my life and a horrible app too,Negative,0
la version gratuita es terrible y la la version gratuita es terrible y la premium demasiado cara por el servicio. dinosaurios,Negative,0
"i was a publisher user but with it i was a publisher user but with it going away i needed a user friendly program to design with for the church. there are functions that aren t as easy to preform, but i think it just that i haven t gotten the hang of operating in canva, yet. i am delighted with the ease of most functions and the many options i have yet to uncover.",Positive,2
i ordered mcdonald's door dash delivery and they delivered an entirely wrong order! the driver claimed to have delivered the correct order but i have the bag with the receipt clearly showing the order... see more,Negative,0
"no repeatation of songs used to open spotify while working every single day.now they will not even let me repeat songs properly ,so iam now using split screen and listening songs from youtube at this point spotify feels completely useless to me",Negative,0
drivers were punctual and friendly. drivers were punctual and friendly.,Positive,2
"why are netflix movies starting to look like student projects? i have been a netflix subscriber for years, paying for the premium plan, but the quality of many new movies has dropped dramatically. some of the recent releases look more like student projects or even something filmed on a phone. the acting is extremely poor, and the production quality is nowhere near what you d expect from a major streaming company. what s even more frustrating is that netflix promotes these titles on the front page as 1 or top picks, which is misleading. recently i watched paradise murders , and within the first 10 minutes i realized it looked like a student film not a professional production. it ended up being a complete waste of time. if netflix expects customers to keep paying premium monthly prices, it needs to deliver premium quality content. right now, too many of these movies do not even meet basic standards for a paying audience.",Negative,0
absolutely disgraceful customer service absolutely disgraceful customer service cannot seem to understand what i am tling them!!!!,Negative,0
i cancelled the first month and they i cancelled the first month and they billed me again worthless company,Negative,0
very efficient and effective hey there that is what we like to hear! making your money move quickly and smoothly is what we are all about thanks a lot for taking the time to share the love. wise,Positive,2
the do the do the do the do the do the the do the do the do the do the do the do the do the do the do the do the do the do the do the do the do the do the do the do the do the do the do the do the do the do the do the do the do the do the do the do the do the do the do the do the do the do the do the do the do the do the do the do the do the do the do the do the do the do the do the do the do the do the do the do the do the do the do the do the do the do the do the do the do the do the do the do the do the do the do the do the do the do the do the do the do the do the do the do the do the do the do the do the do the do the do the do the do the do the do the do the do the do the do the do the do the do the do the do the do the do the do the do the do the do the do,Negative,0
"temu temu, if i could give you i would, you website sells literally everything, temu u think of everything amazingly your quality of products are perfecto,your prices are very reasonable , you make it affordable for people you even accept klarna clearpay how brilliant temu your delivery's, are promp prompt, thankyou temu store staff",Positive,2
"excellent experiences with temu. thoroughly recommended excellent experiences with temu over the past 12 months. multiple clothing purchases and 100 satisfaction rate for ease of ordering, updates on delivery and the whole shopping experience. thoroughly recommended",Positive,2
two hours for delivery ordered at 6 pm and did not get my food until almost 8. the driver did not communicate at all. everything was lukewarm and they forgot my drink.,Negative,0
"uber gives you no clear option for uber gives you no clear option for seeking customer support as a user. with very limited avenues of approach for seeking customer support, if you do happen to get into a chat log with them they close your chat as soon as they think they ve resolved your case without asking if you have additional concerns or questions which in turn forces you to seek options for support again. terrible customer support experience, it s intentionally difficult to contact.",Negative,0
"if i could give 0 stars if i could give 0 stars, i would. every time there s a problem, getting a response is nearly impossible. extremely frustrating and unacceptable. i had a terrible experience with booking.com three years ago and stopped using them. this year, i accidentally booked through them again and was quickly reminded why i stopped. never again.",Negative,0
"avoid using booking.com at all costs booking made via booking.com for third party hotel, payment taken from credit card without authorisation by booking.com, timing of this not stipulated in booking email confirmation, contacted customer services via on line chat, phone, email, contacts engellyn, rob and johnabel all either disconnected me or were unresponsive to chats, subsequently contacted their ceo. maybe he will respond but i doubt it!. shocking customer service.",Negative,0
"used to think this was a brilliant app used to think this was a brilliant app and a real boon to a music loving pensioner until i was kicked off from my son's family account as we no longer live in the same house. why call it family, surely household if you cannot support your own parents in their later years! with 2 kids under 4 unlikely to use, surely due a refund? shame on you, spotify blatant profiteering and i suggest lacking the principles of its foundation. chasing the dollar. what a world we are turning into...",Negative,0
died of boredom trying to find anything died of boredom trying to find anything other than people talking to each other in three body problem . netflix. take a 90 minute story and try and stretch it to 9 hours. yawn. too boring. make movies not series where nothing happens for hours and hours and hours and hours and hou......,Negative,0
"total waste of time total waste of time, continued possible prices to which noone arrives",Negative,0
"outstanding customer service i had a wonderful experience with canva support. a huge thank you to ivy mary mae and grace marie for their kindness, patience, and professionalism. they took the time to carefully review my case and account activity, and they were able to resolve my concern by processing a full refund. i truly appreciate their understanding and excellent customer service. thank you, canva, for having such an amazing support team!",Positive,2
quick and easy money transfer! hey lotte. speed and simplicity at your fingertips! thanks for choosing wise wise,Positive,2
constant buffering and ads every 10 constant buffering and ads every 10 minutes. ridiculous!!!,Negative,0
"destination reliability slim drive concern is not about the passenger! they ll leave you where stranded no matter your protest or fear! i am posting this review to warn others about uber s complete disregard for passenger safety and their refusal to take responsibility when a driver abandons a rider. on august 5, 2026, my uber driver dropped me off at an incorrect address at a stranger's house instead of my requested destination, stating she needed to leave to pick up her own daughter. despite my physical disability ankle hardware and severe distress, i was left stranded on foot in an unfamiliar neighborhood early in the morning. rather than addressing this critical breach of safety, uber s support system has repeatedly sent canned, automated denials. they have refused to issue a full refund back to my original payment method for an incomplete trip which total included a pre-selected 30 tip and instead attempted to dismiss the situation by offering useless internal app credits 5 and 30 uber cash . drivers who abandon passengers at unconfirmed locations should not retain fares or tips, and customer support should not rely on automated scripts to dismiss serious safety violations. i will never use uber's services again, and i strongly caution anyone especially individuals with physical limitations or safety concerns against relying on this platform.",Negative,0
"i love using uber i love using uber! while not every single driver is flawless, the vast majority of them go completely above and beyond to provide an amazing experience. they keep their cars clean, drive safely, and are incredibly polite. i happily give 5 stars to the drivers who work hard to get me to my destination safely.",Positive,2
"the app remains my go-to player for daily listening the app remains my go-to player for daily listening. i really liked the new import your music from other apps banner in the library finally, you can move old tracks without clunky third-party websites. the recommendations on the home page are also quite good, and the editor's 20th-anniversary picks are nicely designed. on the downside, the playlist creation interface got a bit confusing. it took me a couple of minutes to figure out where the regular playlist option was versus collaborative or blend because the new bottom menu layout feels less intuitive. still, for sound quality and syncing, it is a solid four stars.",Positive,2
"blocking account for accessing your country's content so i am a spaniard living in uk, i want to watch movies from my country that i found i could not access from uk, having unsuccessfully used a vpn, netflix has completely blocked me, not even able to access uk content, i cannot watch anything despite of having paid, netflix did not advise of this kind of blocking accounts. good for them, another customer lost i have unsubscribed and never will get back. i hope netflix goes broke due to their senseless geographic restrictions.",Negative,0
"free version is basically useless the free version is the worst music app i have encountered so far. after 15-20 minutes ish , you can no longer choose your own songs. spotify chooses what you should listen to. that is including the many advertisements in that time frame. almost more commercials than music in that tiny time frame.",Negative,0
"very disappointed very disappointed. first, the system showed 4.95 price, then it increased to 6.98 and the driver was not comming, the system showed he is 2.6 km away and will be after 11min, it lasted for a while. but it seems he came and did not gave any signal to me and after my trip uber tried to charge even more for his 2 minutes of waiting. it is so raw badness",Negative,0
"excellent customer service! my print arrived damaged. customer support immediately processed a new print and provided a delivery date. the date was too close to the wedding that the print was for so i asked for faster delivery. again, customer support immediately stopped the processing and created a new order with expedited shipping. i received the new print in perfect condition and with plenty of time to spare. i couldn t be happier!",Positive,2
terrible cancellation procedure and the terrible cancellation procedure and the free option plays the same few songs on my 400 liked songs,Negative,0
"dirty, nasty, scam site this is a dirty, nasty scam site. rooms are clearly listed at a particular price. when you go to checkout, it will still clearly be that price. the booking.com ui ux team have made it look like the price you will pay. but in the small print, will be the actual price. my room was almost double the price i thought i would pay and i did not know until i actually paid. then to cancel would cost almost the full price. then the customer service live chatters have been trained to communicate with you very slowly, hoping that you give up. this is complete and utter deception. you were able to scam me this once and get away with it, but now i will never go near your site ever again. it is just such a dumb way to conduct business",Negative,0
im not sure what has changed lately im not sure what has changed lately with this company. they cancelled my booking as they tried to take the full amount but i was paying on arrival. rang the hotel directly and they were so pleasant to deal with. could not get in contact with booking.com. not sure i would book with booking.com again,Negative,0
cancelled my subscription in april cancelled my subscription in april. randomly got a subscription charge 2 months later july 1. contacted support two different agents told me two different stories never got a refund. if you cancel your subscription make sure you delete your card. sketchy ass people,Negative,0
"used to think this was a brilliant app and a real boon to a music loving pensioner until i was kicked off from my son's family account as we no longer live in the same house. why call it family, surel... see more",Negative,0
i ordered a ride from one hotel to i ordered a ride from one hotel to another. while trying to sort out my luggage? in paris.the driver went away with my electronic charger. i complained and he denied seeing it in he is vehicle.,Neutral,1
"excellent customer support the canva team was patient, professional, and incredibly helpful throughout my account recovery process. even though my case was complicated, they guided me every step of the way until i successfully regained ownership of my account. special thanks to everyone who assisted me. i truly appreciate your dedication and excellent service. thank you, canva!",Positive,2
"false advertising the picture showed actual jewels rhinestones on the blue jean shirt. when i received the shirt, the jewels were actually printed on the fabric. never again!!",Negative,0
"thieves after cancelling my subscription last month, as ad supported versions are not supported in my area, and i am unwilling to pay the latest price hike, they charged me again today for the next month. this is outright theft. i cannot watch your lousy service and you still take money from my account. seems i am not alone. shitty business model.",Negative,0
"i have had 2 issues with dd in less i have had 2 issues with dd in less than 24 hours. i don t drive so i use it sometimes but no more. i just got an order where an item was missing. mcdonald s had 2 10-piece chicken nuggets for one. one 10-piece was missing. doordash would do nothing to help me. that s pretty petty. i ve had issues before and i would estimate they help less than half the time. for what i was paying a month in addition to how expensive everything is i am done. once again, it s not about customer service it s about taking your money.",Negative,0
"do not use do not use! we put in the date only to discover when we arrived, it was two months later. no ability to cancel, had to pay for what room was available. impossible to actually find a way to speak to a person, took 10 minutes just to find a request button for the cancelation which they say is non-refundable. hotels do not like working with them. first and last time ever using them.",Negative,0
"uber needs a rider phone line uber really needs a dedicated phone number for issues with drivers! each time that i have had a complaint about a driver or their vehicle, it takes something just short of an act of congress to reach them, which is via options on their app. unfortunately, the option list is very limited if you tell their chat-bot you want to speak with a live agent, sometimes it takes a few hours, which is beyond ridiculous! also, once an agent connects with you, instead of that person handling your issue, 2 or 3 different agents join in, by sending additional emails chats, then asking the same questions over over! considering, that they are platform is making money hand over fist , they can definitely afford a rider phone line!",Neutral,1
cancelled order doordash charged afterward on account ask to cancel transaction on account for order was cancelled instead they put a credit on doordash account i didn t ask for on message to... see more,Negative,0
great services great services. all is very easy and intuitive. well done ! keep up the food work.,Positive,2
i ve had very good experiences with all i ve had very good experiences with all my transactions so far. processing has always worked straight away or within a very short time. you are kept fully informed of every development. customer service responds promptly.,Positive,2
"two years ago two years ago, this was the best movie and tv show service. now the prices have gone up, the shows are uninteresting, there are few movies, and they are charging money for no apparent reason.",Neutral,1
"this company sucks this company sucks ! now why would you give the old customers commercials and also raise your price like you made anything better, its the same sh t all year long! you cannot even enjoy a movie now without dam interrupting it",Negative,0
"the best of all hey there, we are thrilled to know we are hitting the mark as the best option for your money moves! thanks for sharing the love wise",Positive,2
"super fast transactions eith low fees hey jurgen, delighted to keep your transfers moving at top speed for low cost wise",Positive,2
the drive so far are great and on-time the drive so far are great and on-time service also feel safe and secure.,Positive,2
"angel was literal. angel was quick to respond, careful with his words, and guided every step to recover my canva with a different email.",Positive,2
"best exchange rates best exchange rates, fast transfers, reliable service",Positive,2
on time is bull crap i just want to say i don t know how you can say it s on time when you keep updating the the delivery time mine was supposed to be by 10 34 and didn t get it until 10 51 and still said it was on time so your time tracker is not showing correct time and therefore causing peoples food to be delivered cold and i m sure that allows you to claim it was delivered on time,Negative,0
canva is amazing! i love seeing all the amazing templates! and canva is like the best thing since pizza ! if you are looking for anything to make it even more awesome then...mabey adding a 3d template where i can see every graphic i put down in 3d. but still in my eyes nothing beats canva. please note that that was a high comparison since pizza is awesome.,Positive,2
"all the people that were attended to my all the people that were attended to my case, so professional and helpful! thanks so much",Positive,2
do not buy if you need it urgently if you need something fast watch what you are buying i ordered a garden hose on 31st july and i have discovered it will not arrive until 10th september yet there was no mention of this excessive delivery time at the time of purchase,Negative,0
horrible and rude with no clear horrible and rude! does not speak or understand proper english! uber eats is much much better,Negative,0
rerun central nothing new here rerun central nothing new here same shit different day,Negative,0
taxi didn t bother to turn up. booked an uber for pick up at 10.15pm. had a confirmation email it was all booked and the name of the driver. at 10.05pm had a notification to say we had completed our trip even though we d not even seen the taxi and it was before our collection time. i contacted uber via the chat no obvious category for taxi not turning up but managed to get through to someone and they said they had refunded me straight away but said i had to rebook. this cost 4 more and meant we were waiting ages. when i complained they weren t interested. then the next day i have 3 different pending transactions for uber when i should only have 1. so now i ve got to contact them again. very poor service.,Negative,0
the workers were very nice although i am the workers were very nice although i am still having the same problem after it is been fixed,Positive,2
"their rewards system is completely misleading their rewards system is completely misleading. they offer free cash gifts worth hundreds which turn out to be coupons worth 5-10 for nil purchases and higher value coupons of 20-35 only redeemable after you spend over 70 or more. ignore the offers, they are discounts on cheap products initially overpriced. tools are or quality rubbish in many cases, like the dash cams. let the buyer beware. i have tried them a few times with more disappointment than joy. spend extra an get quality from reputable vendors.",Negative,0
"terrible customer service from terrible customer service from booking.com in a crisis situation. we were travelling from the netherlands to tignale with three children. on the day of our arrival, there was a serious wildfire in the area and the situation became unsafe enough that we had to change our plans. booking.com basically left us to deal with everything ourselves. i had to find another hotel on my own, arrange everything at the last minute, and worst of all, pay for a second hotel out of my own pocket. we will only receive the refund for the original reservation after our holiday, which means that because of a situation completely beyond our control, we had to finance two hotels at the same time. this was not a last-minute change of mind or a matter of personal preference. there was a wildfire, and we were concerned about the safety of our family. booking.com seems to work perfectly well when everything goes smoothly. but when you genuinely need support, the stress, the organisation and the financial burden are apparently left entirely to the customer. a huge disappointment. after this experience, i will seriously think twice before ever using booking.com",Negative,0
"account recovery stephanie, from canva support, was very helpful and prompt with helping me to recover my account. i m very grateful and this makes me want to keep using canva.",Positive,2
"good app that it is a free app, is great!! for me, the app is very difficult to use. i am very confused with what i want to do...while i try to figure out how to use it, it is very useful for people who know what is needed and not so confused.",Positive,2
"booking.com should be booking.con two hotels on two consecutive nights booked through booking.com. first night the hotel is closed down. second night the hotel is overbooked. phoned, messaged and emailed booking.com with no response, quick enough to take and keep my money though.",Negative,0
"creative creative, tools are easy to use, once you understand th epurpose",Positive,2
the worst customer service and driver the worst customer service and driver delivery service i have ever experience since delivery began. i order and got the wrong order and my whole food experience was ruined. they only gave me one third of the total cost back. the bag was soiled with wet greasy spots. i was terrified doordash consistently does this to me. i have had an account for a year and this day i decided to terminate. do not do business with doordash. they personally are all low on the scale.,Negative,0
the driver was very friendly and the driver was very friendly and courteous. the car was very clean. i enjoyed the ride.,Positive,2
expect disappointment refund is less than promised. customer service is a chat-bot that pretends to be human - even lying about it. expect to receive the worst quality of items - and then expect to still be disappointed when they arrive. packaging is very poor.,Negative,0
"their service sucks their service sucks, they think that by instantly issuing a code for a re-print solves the problem",Negative,0
"1 star is too much 1 star is too much 15 years ago, 5 years ago 5 days ago it doesnt matter. booking.com makes sure that you have an hell for an holiday!",Negative,0
"terrible customer service and missing refund i placed an order for about 50 from little caesars. my delivery address was correct, but the driver decided to leave my order at a completely different house about 20 minutes away. i contacted doordash immediately, and they told me they would only refund 13.85 instead of the full order. the app says the refund was issued, but more than a month later i still have not received it. my case was closed without resolving the issue. this was a very frustrating experience, and i expected much better customer service. i will not be using doordash again",Negative,0
promoted a rental car company that had promoted a rental car company that had a two hour wait vs all the other companies that were empty. guessing most people took the sponsored bait.,Negative,0
"to be honest to be honest, i am dissatisfied. i had a 50 discount on trips and they deducted the amount from me for both the full and discounted fares. i understand that sometimes they can block the amount, but for all trips? before the trip started, they deducted the amount they showed me, at the end, the same amount, and also the next day for the same trip i have to write to support one by one to get a refund. this ai assistant is even worse. i also did not have the right to pay in cash.",Negative,0
"had a fairly smooth experienceokay experience with had a fairly smooth experience with netflix this time around. communication was clear and i always knew where my order stood. that said, the delivery was noticeably late and i had to chase it up. decent, but there's room to improve.",Neutral,1
"awful awful. says free trial for a month to find they want to take 1.01 from your account so if youre on you bum with mobey, you cannot start the free trial. if you dont pay premium, you can only skip a certain amount of songs and replay a certain amount as well. down loaded play list also gets deleted if you dobt comply. go to youtube. if its on spotify its on youtube and its worth paying for no ads because theres literally everything on there so you wont be paying multiple services trying to find that 1 thing youtube all the way.",Negative,0
the excellent products and pricing the excellent products and pricing. but now my account has been suspended for disputes all disputes have been resolved or terminated by my bank. please reinstate my account.,Positive,2
it is very innovative and i enjoy doing it is very innovative and i enjoy doing work here.,Positive,2
"spotify is honestly the best app on any of my devices, the personalized sets of playlists each day. i hear something new i love every week, especially new music friday and release radar. i wish i alwa... see more",Positive,2
"after writing a review about sending after writing a review about sending two builders bags instead of dust sheets, they gave me my money back. i tried ordering items only to find that when they took the money off i still had spend 15 extra to get free delivery what a rip off never use this rubbish again",Negative,0
"bad user experience - forced shuffle on mobile free tier on the free plan i was not able to completely disable the shuffle feature when playing albums on the mobile app. once i selected the first track i wanted to play, the following tracks were always be shuffled out of order. i did some research and found out this was an intended feature to try to get you to subscribe to their premium plan. i am highly disappointed in this service and will not give my money to a company that blatantly makes user experience bad to make a profit. i will be cancelling my spotify account all together and using other providers like pandora.",Negative,0
i have been ripped off by taxi drivers i have been ripped off by taxi drivers in every country i have visited. they take advantage of newcomers who do not know the rates. i appreciate uber because i do not have to worry about this happening anymore.,Positive,2
horrible company will never use them horrible company will never use them again. they charged me for two rooms on the same days. sent them a cancellation for one of the rooms since i extended my stay and they won t accept it unless the hotels sends it. crooks,Negative,0
netflix in england netflix in england you have got too big 4 ypur own good... and u have messed up... 1 of my all time favourite shows... the witcher with 1 of the best actor... i have ever known in my lifetime... henry cavil and replacing him with... an actor liam hemsworth... he destroyed season 4....and it was aweful... yet again another american company... getting 2 big and powerful... 4 there own good... and if it was not 4 my autistic son... watching netflix... i would not waste my money on them... when will they get it... get it... the customer knows better... than them... especially that ceo of netflix... there's something not right with these actors.... liam hemsworth and clint eastwoods son... they cannot act 4 mustard... think about why do not they.. those actors ever get good roles... in films or serieses... it is because they r no good... they r terrible actors...,Negative,0
keeps going up and up went from 6 keeps going up and up went from 6 month to 27.99 with the same old movies!! stopping netflix right away,Negative,0
"company has no integrity company has no integrity, willingness or ability to help. sadly we did two car bookings of which neither work out. we tried to change the driver and they said only way to do it is to cancel whole booking with partial refund and rebook. they took so much of our money and didnt help with anything if there is no relationship with the rental company they should not do business together. this should be a very small change. i feel robbed of 500. such a small change should not cost so much money we will never use them again",Negative,0
scam i had booking with booking .com and room was not up to standard then because i did buy insurance with booking .com i try to contact them they ware making excuses for refund my money kept me on hold for 3 hours then hang up tried many times but couldn t get any response from them avoid avoid avoid avoid i would like to give -0 star but had to give one avoid avoid avoid avoid avoid avoid avoid avoid avoid avoid avoid avoid avoid avoid avoid avoid avoid avoid avoid avoid avoid avoid avoid avoid avoid avoid avoid avoid avoid avoid avoid avoid avoid avoid avoid avoid avoid avoid avoid avoid avoid avoid avoid avoid avoid avoid avoid avoid avoid avoid avoid avoid avoid avoid avoid avoid avoid avoid avoid avoid avoid avoid avoid avoid,Negative,0
"woke pandering, adverts, constantly interrupted by prompt woke pandering, a few years ago so many good shows got cancelled because i guess they werent making the mega millions their executives wanted - though iirc they were still profitable. now like amazon and the rest they just set fire to money making shows loaded with left wing ideological lunacy but apparently that's fine because it supports the message. it staggers me how insane the world has become. they brought in ads to increase their revenue and most annoying of all, i cant just leave a show to play in the background without the stupid app asking if i am still watching every couple of episodes. drives me up the wall.",Negative,0
"this review is just for my last this review is just for my last experience. generally i would give them a 3, but if i could give this one a 0 i would. i ordered from 7 11 instead of the grocery store i usually use, just so i would get my items sooner. it was more expensive to do it that way, but it also helped me get the items sooner. the original time was just over 15 minutes. i kept looking at the screen for my order, which shows where the driver is. it showed him at a stop for about 15 minutes and it was not even close to my apartment. also, i had messaged the driver to make sure he saw the instructions on my profile on how to get into my building. there are two entrances, but i can only buzz a visitor in from one. he did not answer my messages. an hour later, he messaged me to come down. he was finally here, but he was at the wrong door so he could not get in. i told him i have bad knees and he needed to come up. i always tip well over 20 because of this. after a very long time i get a phone call from him and he tells me he cannot get in. i tell him he needs to go to the other entrance, which is clearly stated on my profile. he finally does and i buzz him in. i open my door and he tells me door dash sent him on another stop, so that's why it took so long. and now his phone is dead so he cannot verify me, which he needs to do because my order contains alcohol. so he has to go to his car and charge his phone enough to verify my age before i get my items. this was the fault of both door dash and a terrible dasher who would not communicate. i will not be using them again, ever.",Negative,0
"the playlists are terrible the playlists are horrendous, why would anyone pay for the subscription? i ve just wasted 5 x minutes browsing for high intensity workout, intense spin class etc. all of the results are so slow tempo, i could sleep to playlists returned. for the record i am 46 years old, so more wrinkly rocker than head banger!",Negative,0
"we had a reserved uber xl for 7am do we we had a reserved uber xl for 7am do we could get to the boston airport. we could see our uber across the street sitting at the red light at 7am. he needed to make a u-turn at that light which is quite long. he arrived at 7 04. however , as he was pulling in the omni lobby lot, he was cancelled and replaced by someone else by the uber company. because he was late he was cancelled. however the person they picked to replace him was 8 minutes away!!! we had a 7am reservation. our uber 1 arrived at 7 04 but could not pick us up. uber 2 arrived 15 minutes after 7. this is not acceptable. an uber that is 4 minutes late is far more acceptable than one that is 15 minutes late!",Negative,0
easy to transfer money and convert easy to transfer money and convert currency. low fees. transfer to recipient bank very quick. very clear website.,Positive,2
"an easy place to start, learn, and produce. i being amateur at graphic art. canva walked me step by step with no unwanted financial pressure following the style of work i chose. i am very thankful for canva.com for being there when i needed them the most!",Positive,2
it is indeed wise it is indeed wise. it has very good rates for international transfers. i would probably not use anything other than wise.,Positive,2
"booked what was called cosy 3 bedroom booked what was called cosy 3 bedroom propert in backworth, newcastle cost 198. looked good on booking.com but when arrived it literally looked like someone had been evicted that day. bins over flowing and unable to shut in front garden. old discarded clothing in front, dirty, stained carpets and settee not fit to sit on. items that were shown as hung on walls were just stood on the floor. inside bins not emptied, found empty cans and uneaten food in bag in drawers where clothes should be stored. could not stay and so had to book emergency hotel accommodation at a cost of 250. complained to booking.com and sent multiple videos. despite that, they refused to refund and when i looked at the reviews for that property on their site, many other people had said the same. booking.com clearly know this property is unacceptable as they have now removed it from their platform and simply credited my booking.com account by 16. utterly disgusted by booking.com. if your holiday goes well and you have no issues then you are fine. if you have any issues like i did, tough luck you are on your own. would never recommend or use booking.com again.",Negative,0
"i have had the doordash subscription i have had the doordash subscription, but the customer service department is awful, they are inexperienced, unprofessional and very useless. i ve had three orders either delivered to the wrong address or items missing. finally, i had to cancel my subscription indefinitely because doordash has sent me notifications stating that there is nothing they can do to satisfy my customer satisfaction. therefore, i don t need a lying, incompetent inconsiderate customer service representative or the company representative to deliver anything for me, keep your sack of stupidity on that side of town.",Negative,0
i was very pleased with my uber drivers i was very pleased with my uber drivers will use again.,Positive,2
"do not use booking.com do not use booking.com - property didnt exist and they would not let me speak with a supervisor, hung up on me saying they will not answer my questions and i am not allowed to record or report this further.",Negative,0
"i m using wise for many years and i m using wise for many years and they re always reliable, trustworthy and very fast. if anyone needs to transfer money around the globe, they re the cheapest one i was able to find.",Positive,2
most of the ads in spotify most of the in spotify is spotify itself and there is so many ads aswell and atleast make the ads relevant please,Negative,0
"terrible service terrible service. my driver never showed up for my booked ride and when i called him he hung up on me. i then had to pay a portion of the sum i paid to uber, for being left in the lurch on the street. a single woman alone. i missed my train home as a result, and i paid about 4 pounds for the pleasure. unacceptable.",Negative,0
"ordered a few products ordered a few products, and got a free gift. a small printer. got my order but no free gift printer they told me because it was a gift they cannot sent it instead they gave me a 3.65 credit , be aware",Negative,0
it is so hard to send money to my it is so hard to send money to my accout it k pi refusing the paiment,Negative,0
amazing i love wise bank super bank in amazing i love wise bank super bank in this words thank you,Positive,2
"six-month delay for a 3,000 refund six-month delay for a 3,000 refund. the airline officially confirmed they transferred the funds to booking.com months ago, but booking.com has failed to pass them on to me. i have initiated approximately 20 customer support chats with no resolution. phone lines are either non-functional or left unanswered. whenever i ask direct, hard questions, representatives abruptly terminate the chat session. promised follow-up emails never arrive. i am at a complete loss as to how to recover my money from this company. i will be requesting the company looses the right to trade in uk. i would welcome there reply to this.",Negative,0
easy mostly easy to use. very quick transfers. good rates. savings jars to help keep money separate from everyday needs.,Positive,2
unbelievable unbelievable. support will never compensate you when you don t get what you paid for. literal scamming criminals.,Negative,0
"disappointing content selection i was really looking forward to diving into a new series on netflix, but i have to say, i was pretty let down by the selection lately. many of the shows i wanted to watch were just not available, and i found myself scrolling endlessly through categories that felt outdated. the user interface isn t bad, but it s almost too cluttered now. i appreciate that they re always trying to add new content, but it seems like there are more misses than hits these days. plus, some of the originals just don t live up to the hype. i also ran into a bit of a hiccup with streaming quality i had to keep adjusting settings to get a decent picture. and as if that wasn t enough, the app crashed on me a couple of times. it s frustrating to deal with such issues when you are trying to enjoy a show. i know netflix has a strong reputation, but they have really gotta step up their game when it comes to providing fresh and engaging content. for now, i am not feeling like i am getting my money's worth.",Negative,0
deception of free gifts total deciete - promise free items which then need a final item at a fixed price to release. these items are then not released as apparently not enough stars have been collected which means you overpay for 1 item. totally avoid at all costs,Negative,0
"the perfect robbery in plain sight if i could i would have given no stars! tried to book a hotel for a specific date but at the time of booking the platform automatically changed the date may be because my date was not available and i didn t notice when i paid. i realized the error a few minutes later when i received the confirmation and tried to cancel right away. only to receive error messages. called the hotel who refused to cancel, contacted booking who said to contact the hotel, finally got an address to write to for my claim that returned undelivered! now i am trying to remove all my databfrom booking .impossible! i feel i have been robbed, i feel trapped and will never ever use the platform again! it costed me 600! is there a place that can stop these practices?",Negative,0
"my husband and i went on a lunch date my husband and i went on a lunch date and i requested a uber to make a few stops after and then home. uber driver came and we told him we had two stops and he said we only have one and that was our residence from what he had showed us.. i have screenshots of my stops and he proceeded to say there is only one stop. i recommend lyft than uber, we had a few lyft drivers telling us uber has the worst customer service and they over charge on prices. never again will i use uber and i need to delete my account with uber and stay with lyft.",Negative,0
"a waste of money no new shows or seasons, many shows canceled mid story on cliffhangers a waste of money !",Negative,0
great software and product... great software and product... very happy,Positive,2
"that canva is a really good place to make slide shows, docs, and other things. well, i really like canva but i do not like how you have to have a subscription to do all the good stuff. like, you only have a couple options of pictures to choose from when you do the free account. i think that you should not have have to pay for more pictures. i am fine if you have to pay for some stuff, because i know the people making the pictures and running canva want to be paid, because i would to. i just think that you should not have to pay for everything. i hope this makes cense. but otherwise, i really like canva.",Neutral,1
"tonight charged 45 for a trip of 2.4 tonight charged 45 for a trip of 2.4 miles, absolute disgrace. will be using other taxi services in future.",Negative,0
"ads ads and only ads on inappropriate ads ads and only ads on inappropriate places to watch something you are forced too, even you are paying plus the choice is poor, i would rather suggest hbo over netflix",Negative,0
everything is fast and perfect.i love everything is fast and perfect.i love wise,Positive,2
"just a terrible company just a terrible company. i spent 40 bucks dasher delivered to wrong address, their response give me 8 bucks refund, i spend so much money with them and 8 bucks is what i get, i am getting rid of it i hope it crashes a burns.may take years but i think it will",Negative,0
"i het it sucks when you do not pay for i het it sucks when you do not pay for it. but it should work at least at a decent level when you literally pay for it every month. it keeps telling you no wifi when ant other app has wifi, is somehow unable to play downloaded songs without wifi, of at least not without gigadelay. jeez this is a paid service get ur shit together",Negative,0
"all new movies and series are exactly all new movies and series are exactly the same, ai written scenario, same plot, where the main character is moving from difficulty to difficulty, no real interaction, same wording boss you have got to see this is my favourite. ofcourse single mothers are taking down full criminal organisations, a scene or two about main character's sexual orientation never straight and the bad guy is always a white male, or if the white male is from the good guys, then he is the unaware general who is giving poor decisions. just one example as if i am to give more i will spend the whole day why the queen in bridgerton is black? why the movie has nothing to do with the book? do not want to even get into the gay scenes in a 19th century romance, they are not present in the book yet netflix created them out of thin air. i canceled my subscription and have suggested all my friends to do the same, complete waste of time.",Negative,0
never again never again! horrible customer service! still waiting and hoping to get my money back and i m highly hopeful my holiday will work out as there is still few things booked through them,Negative,0
"love the platform love the platform, i use it for my job on a daily basis it makes life so muhc easier as i need help with elemts in design and i am far from a desinger.",Positive,2
they are trying to double charge me and they are trying to double charge me and customer service lied to me. will not be renewing my dash pass and will probably switch to exclusively using uber eats.,Negative,0
"you failed to transfer money on you failed to transfer money on multiple occasions, while it never happened with western union.",Negative,0
my experience was fabulous my experience was fabulous. the query has resolved very fast and now i am able to work on canva. very helpful and supportive.,Positive,2
no complaints i ve had a pleasant experience with all of the drivers so far.,Positive,2
"customer service is terrible customer service is terrible, their entire system seems to built on refusing you service and making it so hard to connect to a real human being that you just give up on it. best option if you get scammed and do not get your food ends up just being to work with the bank to chargeback. would not recommend if you value good customer service. if the restaurant makes a mistake or the driver straight up steals your order doordash will not care.",Negative,0
"stick to ali express never accept gifts by purchasing a certain amount, you will never get them only buy what you want. just checked order and surprise no gifts. an update, i added the app to gain gifts they say so my last two orders were on my app. added items like the promotion asks and the items i have had are the items paid for. confusing or mistaken on my part but am i the only one who experience this? sticking with bargains and quick delivery and bin the gifts. update, i actually received a text today to claim gifts you pick because they are free. does add credit back to be added so you do end up spending. fed up now so uninstalled app and said bye.",Negative,0
"cheap, easy, and fast i haven t found a cheaper, easier, or faster way to transfer money across currencies.",Positive,2
most times they are okay but lately most times they are okay but lately they have been sending the wrong items. they ripped me off on toilet paper because they sent a much cheaper version but charged me for the more expensive stuff i ordered. i m going to return it but i will never order anything like that again . i ll stick to clothes dishes and things for my home. they seem too get confused with items that have lots of different types of things like charmin toliet tissue has lots of different types of tissue,Neutral,1
my spotify won t let me get on the app my spotify won t let me get on the app it says that my internet is down but my internet is perfectly fine so can you please help,Positive,2
"extremely disappointed with temu extremely disappointed with temu poor quality products i am extremely disappointed with my experience purchasing products from temu. after ordering several different items, i found a consistent pattern of poor quality and inferior materials. the shoes were not true to size and were much too wide. the parchment paper was so poor that everything i baked on it stuck to the paper. the shower caddy is extremely flimsy and does not feel sturdy enough for normal use. the ziplock-style bags are very thin and flimsy. the clothing is made from extremely poor-quality material and does not look or feel like the quality represented in the listings. these were not isolated issues with one product they occurred across multiple categories of items. i expected better quality and value, and unfortunately, i was very disappointed. based on my experience, i would not recommend temu to anyone looking for reasonably durable, good-quality products. buyers should be very cautious and should not assume that the attractive prices mean they are getting good value.",Negative,0
"yet another scam email in a desperate attempt to get my bank details they are lying that my basket has been updated,i have never bought from temu and never will, free gifts, 20 off vouchers ,it is all nonsense.",Negative,0
"what part of lets go into my account then ill explain do they not understand???? i am sent a very threatening message in app from uber about my account being restricted based on a false allegation they were sent by the driver, i have repeatedly asked them to retract this quite clear threat and its just ignored and chat ended, not even addressing the problem i then try to explain on the phone and request reasonably we go into my account first then ill explain so im not doing it twice......oh no, they cant use an ounce of common sense, oh no, just put unnecessary barriers up to escalate and not help the customer in any way shape or form, if this is how they think its appropriate to treat customers then im leaving to never come back",Negative,0
"i cancelled my netflix account i cancelled my netflix account, with verification of cancellation, on june 15, 2026. netflix took an unauthorized payment from my account on june 16, 2026. they have given the better business bureau a song and dance over this issue instead of admitting their theft at this point, instead of refunding the piddly 21.89 they took. shame on them!",Negative,0
"netflix unresponsive to complaint of dark screen problem. after having a netflix membership for more than 7 years i have had to cancel service because they can not fix a problem with the video quality. after performing all their troubleshooting protocols on all my devices several times! , the same very dark screen persists. netflix agents insist the problem is with my tv's i have two different brands my laptop and my iphone. it seems impossible that all my devices are the problem. until today i had been very satisfied with my netflix service.",Negative,0
"great variety custom items but read the reviews! i give temu 4 stars because the sheer variety of items is incredible. shipping is usually quite fast, though be aware that items sometimes arrive in recycled or rented boxes to save space.it is absolutely excellent for household items. the makeup selection has also really impressed me i have received fantastic mascaras, lippies, shadows, and high-quality face creams. best of all, i have successfully ordered custom-made embroidered blankets, pillows, and jerseys for my favorite sports teams three years in a row!the only major downside is that clothing sizing can be off, even if you carefully check the seller's measurements. you definitely need to take the time to read seller ratings and reviews before buying, and keep an eye out for paid reviews. prices have gone up recently, but that is happening everywhere. overall, it is highly recommended if you shop smart.",Positive,2
great! been using spotify for quite a long while. really love it!,Positive,2
"order was canceled order was canceled. reason ,door dash had an emergency. then upon calling support was informed door dash had already picked it up. 36.00 to be put back in my account 10 to 12 business days. on vacation and will never use door dash again.will make sure l inform family and freinds to never use door dash.",Negative,0
"fairly decent fairly decent, needs more flexible pricing options. have been using them since 2016 - app works great.",Positive,2
fastest transaction process fastest transaction process. simple steps to open account transparent and smooth process off account maintenance.,Positive,2
"cancelled my membership at 4 am cancelled my membership at 4 am, while in the process my card was charged, for the next month. immediately contacted support which of course is an ai bot. the not refused a refund, but i finally got thru to a human whom could not not do a refund because the bot had already denied issuing a refund. have been using spotify for 2 years now, after this morning, i will never use them again. i hope that 15 was worth it,, you know where you can shove it. and i will be disputing the charges and you will be giving my money back anyways i was sure to get pics of my support chat which clearly states that at 4 am my membership was already cancelled, you are just trying to force me into another month.yoube instructed your ai bot to deny any refunds which them will not allow the humans to either, that's shady af. prime example of what greed does to mankind. i hope my 15 buys the lunch that u choke on",Negative,0
"double booking issue somehow booking.com made a double booking of two rooms in anchorage, alaska. i was not aware of this and never received an email about the second, duplicate booking. bottom line is i got charged for rooms i did not reserve 860 . the booking.com customer service was hard to get in touch with and not helpful at all. i had been using them for over 20 years, but after this incident i will never use them again.",Negative,0
the program is very excellent and easy the program is very excellent and easy to deal with. it does not require any experience. it can be reached for any design and the desire for design to be easy and flexible in dealing with.,Positive,2
"saved hundreds in fees on os trip easy to set up and compared to using our regular credit card on a trip to europe, saved us hundreds in fees. it would be nice if there was support for an ec card as we got stuck a couple of times at places not accepting visa cards.",Positive,2
"i have given up on spotify i have given up on spotify because, rather than providing customer service, they give you the runaround with prescribed questions about problems and no response to the actual problem you are having with the site. i pay for premium but constantly get ads. after trying to get through to them to solve this i decided to stop wasting my time.",Negative,0
pedlars of harmful pseudoscience will never subscribe again while they continue to platform harmful pseudoscience e.g. g.hancock as legitimate.,Negative,0
"greeeeedy pricing is insane for what they are offering - different prices and different titles available in different regions. cancelled shows left and right, shitty rushed endings on so many finales, the restrictions on where your account is logged into from. greedy",Negative,0
temu wtf? bought stuff from temu the first time no problems second time waited 5 weeks for my package it did not come i waited just to go look and see where they said my package may be lost i requested a refund now i have to pay for a refund where it says it is free which is obviously a scam not recommended and go to takealot or other official websites temu im super disappointed,Negative,0
"nothing wrong with the products nothing wrong with the products. biggest disappointment is the delivery time. when i order from amazon it takes around 3 days to delivery. temu is around 3 weeks minimum. seeing as they advertise stores in australia, this seems extremely long",Neutral,1
do not book with booking.com they are do not book with booking.com they are known to take your money and not give u your room . this is the 2nd time its happened to me this is a garbage company! poor customer service and they wont return your money right away either !! extremely upset!,Negative,0
"love it love it , easy to use and good rartes",Positive,2
"i love all the different elements that i love all the different elements that you can add and all the different fonts, but i wish that without canva pro you could make custom sized presentations. i make banners, and that would be very useful.",Positive,2
spotify songs cannot be found spotify songs cannot be found. sound quality is not always good.,Negative,0
"efficient food always arrives on time, the drivers are friendly, courteous, and handle items with care and their customer service is excellent unlike uber eats.",Positive,2
so awful if i could give it zero i so awful if i could give it zero i would consistently getting the order wrong today sent me the commenter wrong order and gave me credits instead of a proper refund and then use bots to try and fix the issue so awful this company is horrible,Negative,0
"another lazy company with big promises they never fulfill netflix has developed into a massive shame for its entire duration is a company. it originated by killing blockbuster. under the guys of no ads no cable just your movies right where you wanna watch them cutting out the middleman right? a modern look at netflix is a company and a streaming platform is wildly different from its initial introduction into the world. netflix is now practically unusable unless you want the surface level movies and tv shows that they are promoting and peddling towards you as a user. it is virtually impossible to find and search through the movie and tv show catalog without endlessly scrolling. there are little to no proper categorizations of genre. the organization system itself is absolutely atrocious. they ve taken to pushing their games and their top funded projects rather than creating a good and usable site for all users. its main page is full of all of its heavy promotions and user algorithm generated recommendations. there is no sort from a-to-z button in anything there is no sort by release date and sorting by genre is all the way way way way way way way down at the bottom. netflix has become a platform that has been more focused on generating data collection from its users and keeping you looking through shit for as long as possible. actually finding things that you wanna watch or trying to explore god forbid, older titles or things that are not trending on tiktok or twitter is entirely impossible. the layout of this platform is genuinely awful. it is not user focused. it is not easy to navigate whatsoever in fact, the constant changing of their layout is just irritating and annoying because all of their changes that they make are never good ones. they re just ones that make it harder to find things that you actually want to watch. in fact i just had to spend 10 minutes trying to find my continue watching before i gave up entirely and just went to a different streaming platform to watch something else if they want to gather more people for subscriptions they should really start listening to their user base because this platform has turned into a complete travesty",Negative,0
"dear dear, spotify i was a member since day 1. removing gift cards was a huge betrayal. goodbye.",Negative,0
after a decade as a premium user they after a decade as a premium user they decided to cancel my subscription due to a country payment origin mismatch. i will never pay them a single cent again.,Negative,0
waste of money ordered food over an hour ago. multiple dashers went to pick up. still no food. 40 for a lunch that i will not be able to eat now. they are the worst.,Negative,0
"so i ordered a pizza at my place of so i ordered a pizza at my place of employment. i came out the meeting when they said they were here but didn t come up to the 5th floor, so i went back and forth to my meeting and the 5th floor elevator, nobody showed. so he then text me he was here, got to the elevator and he or she not there neither is my pizza. so i called the driver and he said doordash told him to leave my pizza on the floor by the elevator doors. this makes no sense because there are glass doors on both sides with a receptionist. so tell me how do the say this was delivered to me. i refuse to use any of these apps anymore, they are actively stealing your order which in case they stealing your money. i have been a customer for years but i no longer will order and neither is my family. i would suggest no one use them because they are finding ways to take your hard earn money, it s bad enough how much they charge us for delivery.",Negative,0
"super easy to use we have never used uber before this past week when we had a cancelled airline trip and were given an airline voucher for transportation at 3 00 am as the only option to get to a hotel. it was easy to use the app, we felt safe doing so in an unfamiliar area and actually made 4 additional trips within a couple of days. uber will be our new go-to for rides to from the airport. i might add that we are in our mid-70s and not the most tech savvy.",Positive,2
"very bad experience very bad experience. we got bumped our flight, we called them and they will not let us adjust the booking of our car booking. we still want to pick up the car but we just need to push it out one day. more than 200 lost. very rigid with their polices! i will not use booking.com again. i warn everyone not to use them especially for booking done 24 hours before.",Negative,0
"they screwed up my order they screwed up my order, twice in one night, said they would refund it, they never did refund it, called back, they told me to contact the restaurant, when their employees messed it up, not the restaurant.",Negative,0
"great set up, easy to use i ve been using wise just over a year now. i initially wanted to transfer money to a family member in australia whilst i was in the uk. all went well and since then have moved to australia myself and use wise to transfer my uk pension to australia. i now also have a card to allow me to use in different countries in whatever currency they use. during this time i have always had a great exchange rate and there has never been any problem with any of the transactions. i would certainly recommend wise to anyone wanting to exchange currency without the expense of the other methods.",Positive,2
"booking.com is a terrible platform booking.com is a terrible platform that had repeatedly failed me when i needed customer service i have used booking.com extensively, but my experience following a serious incident at a property has completely changed my view of the company. i booked four nights at westbury house in windermere through booking.com. i physically attended the property within the stated check-in period, with my luggage, and attempted to check in. following an extraordinary confrontation with the owners, the door was closed on me while i was still standing at the threshold. i was not admitted and received none of the four nights i had paid for. what happened afterwards with booking.com was almost as appalling. i spent approximately two hours making around 16 calls to booking.com numbers in australia, the uk and the netherlands trying to report what had happened. calls repeatedly disconnected, including after i had been placed on hold, meaning i had to call back, identify myself and start explaining everything again. one agent, mohammed, became embroiled in a pointless argument about my reservation number, despite ultimately acknowledging that he could already identify the booking. when i asked for a supervisor, he refused to escalate the call. i called again and spoke with christine. after i criticised the lack of empathy and customer service i was receiving, she actually told me i m hanging up on you. you have to call back. i don t like the way you re speaking to me. and she did. meanwhile, booking.com was emailing me saying it had contacted the property about my complaint even though nobody had successfully taken my complete account of what had happened. i replied asking, how can you have advised them when i have not told you a thing? and repeatedly asked for someone to call me. i then pursued booking.com through email and x twitter, including providing a detailed written account. i was repeatedly redirected back towards the same telephone customer-service system that had already failed me. now comes perhaps the most disturbing part despite my repeatedly telling booking.com that i physically attended westbury house and had the door closed on me at the threshold, i have apparently been recorded as a no-show. that is simply false. and conveniently, being classified as a no-show means i am now unable to leave a booking.com review of the property and what happened to me there. so i attended the property, was refused the accommodation, spent hours trying to report what happened, experienced repeated disconnections and failed escalation, sent written complaints explaining that i had attended and i am now prevented from reviewing the property because the booking records incorrectly say i never showed up. whether booking.com or the property disputes my entitlement to a refund is one issue. whether i attended the property is another. i did attend. i was not a no-show. a booking platform proves its value when something goes wrong. taking a reservation and processing payment is easy. providing meaningful assistance when a customer is standing outside accommodation they have paid for is where customer service actually matters. in my experience, booking.com failed spectacularly at precisely that point.",Negative,0
"don t trust booking.com booking.com are advertising the rental property my daughter and family rent and live in. it used to be an air b n b but is no longer. but booking.com keep taking bookings and the money from unsuspecting people who are left with no money and no accommodation. the managing company, we love property are still on the listing but declare they are no longer in business.",Negative,0
"they fraudulently represented an item they fraudulently represented an item they sold me as new. the box was re-taped, stainless steel top scratched and the parts bag previously torn open. after serval emails they refused to do the right thing. there solution is for me to return it. they missed the point. they sold me this item under the false pretense it was new. do not buy from them!!!!!",Negative,0
temu is good there delivery companies temu is good there delivery companies are awful . j t express is the worst one they have used the only loser will be temu as closing account.,Negative,0
"do better and let us enjoy our music i likespotify, however, please add a premium plan as a free option so we do not have to pay to remove your very stupid and annoying ads so rudely interrupt our music and the fact on the current free plan version we only get six skips. spotify, do better",Negative,0
editing struggles while the design elements and printing is fast it is a struggle to edit or modify a design.,Neutral,1
"temu.....the entire misleading upstart of a company ive gone through 19 customer resolution specialist for temu in the last month trying to get a resolution to my issue.....still nothing.....just the same response from all 19 specialists.....sorry, cannot help you because your 90 day warranty is up....too bad, so sad......very bad or inexperienced customer service resolution specialists for this company and anyone thinking of buying from them should avoid them at all costs....remember those famous words..... caveat emptor buyer beware......",Negative,0
"netflix took advantage of an 84 yr old for 30 my mother and i shared the 19.99 plan 2 houses . everytime i logged into netflix at my house, she was unable to watch netflix at her house. she is 84 yrs old and could not understand how to get back into netflix and i would have to go over to her house and do it for her. she finally completely stopped watching netflix altogether. all of a sudden our bill increased from 19.99 to 29.15 for may, june and july. netflix said my mom upgraded the account. i explained to them if she did, it was completely by accident...they refused to refund the difference...not even 1 month. i canceled our subscription. netflix sux!",Negative,0
"spotify's 'dictorial hammer and tongs' spotify's 'dictorial hammer and tongs' approach to getting people to take up premium services leaves a lot to be desired. they behave as if they are the only music providers. in a financial climate as we are in, spotify should acknowledge people are lifted supported by music. this would make them think twice before approaching... if you cannot be anything, be kind. when you are at the top for services rendered there's only one way to go downwards. i will monitor for one month and decide depending on rights - you breache it",Negative,0
"greedy assholes greedy assholes, i can not even watch in my vacation home anymore or when i am on the go somewhere. no i am not going to update my account, i will cancel my subscription",Negative,0
absolutely terrible app absolutely terrible app. spotify seems to think editing music to suit their agenda is something they can do ahem jamiroquai's music has been severely edited.,Negative,0
"nothing new to watch the library feels really stale right now. spent 20 minutes scrolling and could not find anything interesting. the streaming also buffered a few times tonight, which rarely happens.",Negative,0
"made order- order picked up made order- order picked up, driver took order never came to my house apparently told dash that they never received the order from the vendor...i spoke to the vendor order was made and picked up order was canceled and remade again apparently told dash that they never received the order from the vendor...i spoke to the vendor order was made and picked up order was cancelled and remade...vendor decided not to remake cause it was remade twice and disappeared twice. door dashed charged me twice for order! they tried to tell me that order was never made by vendor as well, so both driver and door dash lie and steal my money and now i have to wait 3-5 business days for money they took out in 2 seconds. i understand that the first transaction needs processing but the duplicated my transaction. and they have the audacity of only offering 20.00 credit and the customer service supervisor would talk over me. i hate to get angry at customer service cause is not their fault, but when you are lying, messing with my money and food that is where i draw the line. you stole my money, you lied and you also have driver that are stealing food. if i can give less than 1 star i would",Negative,0
"do not buy here do not buy here! defective vacuum cleaner received. order id po-076-06250616474232582. the customer support has been promising to solve the issue for 8 days but doing absolutely nothing 'zero emotions', only fake promises . i paid part with card, part with temu balance. i have already filed a formal chargeback dispute with my bank today. disgusting service! update temu support continues to ignore my rights. they are trying to bargain and offered me a ridiculous 20 partial refund for a completely broken, non-working vacuum cleaner. i rejected this fake offer. i demand a 100 full refund of 40 eur. my bank chargeback is active, and i will not change this review until i get all my money back!",Negative,0
"its so easy the wise card is easy to setup, easy to use. great for international travel",Positive,2
i have been using wise for a number of i have been using wise for a number of years now and i have only good things to say about this service.,Positive,2
great for moving money great for moving money around without any risks. no complaint been using wise for over 4 years now.,Positive,2
"mediocre generation of official documents unfortunetely, its not possible to generate specific official documents for individual credit cards. this is sometimes extremely inconvenient when such proof is requested e.g. by public authoroties.",Neutral,1
"i tried to ask them why was my account i tried to ask them why was my account charged for extra money when i cancelled my account and they were not even replying me one single message or they kept like i called the customer helpline. all they were saying was mum can you please let me talk mam can you please let me talk? this is not our fault this that and did not even let me speak. i was just asking a question. why did this happen to me? why did they charge me extra when i cancelled my membership? like my membership cancelled on the 29th? they charged me extra 599 for on the 31st, like why did that happen and all they were saying we refunded it but i was asking what was the problem",Negative,0
"shame that pioneering company has shame that pioneering company has dropped in quality and super sad that netflix uses negative incentives to stop u cancelling service with account history lost if u cancel for more than 90 days, come on guys, try harder.",Negative,0
plays similar songs for me after plays similar songs for me after listening like 5 songs! don t download!,Negative,0
"very disappointed with booking.com s very disappointed with booking.com s price match guarantee. i found the exact same holiday home, for the exact same dates, on the property management agency s website for approximately 550 less. i still chose to book through booking.com because i have used the platform for years and trusted their advertised price match guarantee. i submitted a price match claim, but booking.com is now refusing it because they say the property is no longer available on the other website. but this is one holiday home not a hotel with multiple identical rooms. of course it is no longer available for the same dates once it has been booked! this makes absolutely no sense. if booking.com requires a unique property to remain available after it has been reserved in order to honour a price match claim, then how is the price match guarantee supposed to work for holiday homes with only one unit? the price difference was around 550. had i known booking.com would handle the claim this way, i would simply have booked directly with the property management agency and saved 550. i chose booking.com specifically because i trusted the platform and its price match promise. unfortunately, this experience has seriously damaged that trust. i would like booking.com to properly review the evidence and honour the price match guarantee they advertise.",Negative,0
"just like with the corrupted app just like with the corrupted app, called whatsapp, here we can recognize terrible mainstream platform provider. who was the childish guy who decided we want those compulsory games in the app, huh? and what exactly made those persons remove the golden categories view from both the desktop and mobile program? no, people using mainly recommendations is not a justification for crippling a video provider that way! like i said, the situation is just like whatsapp - terrible mainstream performance and ridicilus manager measures, and just like that crippled little green app, i will try to never use the mainstream called netflix again. so disappointing, one could not ever imagine.",Negative,0
i drive a truck and so i have a smart i drive a truck and so i have a smart tv in my truck and at home for my wife. i was paying for premium at 28. they told me that in order to still use it in my truck i needed to pay for extra user at 10 for basic just for me in the truck. i decided since they have consistently raised prices added adds and to top it off the customer service lady was super rude i cancelled. i was a customer for over 10 years.,Negative,0
spotify is the worse music app ever spotify is the worse music app ever they give you 5 ads for listening to 2 songs it is not funny at all . also the 6 skips per hour and you can only pick songs yourself limited amount of times is so freaking stupid. i wish spotify could see this and go back to the way it was before because the way it is now is horrible. i am actually thinking of switching to youtube music,Negative,0
"forced to pay for missing food helio, this is about doordash stealing money from my family, this order is ffrom sunday 7 5 2026. i ordered from chili's at 5 25, order was supposed to arrive at 6 00 - 6 15 it arrived at 7 pm and we only 3 out the 7 items, the other items were ice cold and not edible. i messaged doordash immediately that evening in their app and they told me i would get refund of 87 out 110 for the missing and late items. they told me that i could expect the refund in 3 to 5 business days. i still did not have the refund on 7 17 2026 , so i called their customer service line and he told me he could not help me since someone credited me 9 by mistake and that it was outside of 3 days so his hands are tied, this is crazy and i deserve better. delete this app now",Negative,0
"i am happy i am happy, great app",Positive,2
"i had a premium family subscription i had a premium family subscription with 6 family members, now they claim that my credit card did not work, no problem with my card anywhere else they cancelled my family plan, without informing me. and now my only option is a plan for 4 people for the same amount as before. in short a 33 price hike.",Negative,0
"no help asked a question under 'help', but never received a reply other than 'how did we do?' well, that's how.",Negative,0
total scam beware just because cheap prices does not mean it is good i have ordered a few times before after the first time i do not expect things to come as pictured today i made a new order then a wheel popped up to spend for credits i try then i was told i won a 150 credit a list of it for me to pin from then came up i pick a few it is and it gave me a few new orders my debit card still has these charges even after i have cancelled them,Negative,0
"spam emails i have a domain name email. i kept getting daily spam emails to this address for many years. i searched everywhere. how are they getting my email? the only thing i used it for was a free spotify account but all notifications were switched off on spotify. i changed my address on spotify to a dump gmail address and the spam immediately ended on my domain address and on google. my conclusion spotify is selling my domain name address. google has a better spam filter that knocks out these emails. if you are using spotify, use a gmail dump address as your login.",Negative,0
"recommended songs now? the app is horrid. you can pick what songs you want on the computer but not on the app??? nobody goes to online music over radio to only be allowed to hear their music on shuffle. it is bad enough i have to listen to commercials, but to have to listen on shuffle is adding insult to injury. and the subscription price is way more money than it is worth. now they add even more insult to injury by forcing songs on you that are not even on the chosen playlist marking them as recommended . if i want your recommendation i will ask for it!! spotify is sinking and i am jumping ship.",Negative,0
"ten minus worse company ever ten minus worse company ever , my experience with doordash has been extremely disappointing. i signed up for a membership because i believed it would help me save money. instead, after providing my credit card information, i continued to be charged month after month, even after trying to address the issue. i contacted my bank, filed disputes, called doordash multiple times, and sent emails requesting that the charges stop. in my experience, resolving the problem was frustrating and time-consuming, and i did not receive the level of customer service i expected. based on my personal experience, i would strongly encourage anyone considering a membership to carefully review the terms, monitor their credit card statements closely, and make sure they understand how recurring charges work before signing up. this has been one of the worst customer service experiences i ve ever had, and i will not be using doordash again.",Negative,0
"it is not just about the app alone, it is also about the people behind it..... out of all the other support teams i have had encountered and talked to, canva was the most hands-on, accommodating, and loveliest team. they not only catered my request to transfer account ownership from my late teacher, they never forget to send me condolences and gave me assurance every time i ask about things i had a hard time understanding. despite having different team members updating me, every mail i received treated me with respect and kindness. they never left me hanging. they actively attended to my request and did it only in a short period of time. what i love the most is everytime i say my thanks, they always reply in a comforting tone saying that they are beyond grateful to have served me as a canva user. once again, to every member i talked to, my heart is so full that i will never forget the kindness and customer service you all showed me. to canva, please keep them safe, treat them well, and provide them with the best salary they deserve. they are the best people you could ever have in your team. very truly yours, lei",Positive,2
"8 ads consecutively in one go 8 ads consecutively in one go? making me listen to garbage for 3-4 minutes and then only giving me 1 or 2 songs before i get another ad. i use to think these phone games were bad with the ads and no one could sink no lower. well, i guess spotify proved me wrong. garbage subscription and prices, overcharging and not cancelling membership payments when requested and very very disappointing customer service. good luck to this app, won t last much longer",Negative,0
picked up a couple of things fromno complaints really picked up a couple of things from netflix recently. prices were reasonable compared to what i found elsewhere. returns policy could be a bit clearer on the site. would order again.,Positive,2
"transfer of money is quick and easy. hey there wow, reading this just made our day! we work hard to keep transfers simple and seamless, so knowing we hit the mark for you means the world thanks for being an awesome part of our community! wise",Positive,2
hiring dumb people at door dash the driver that delivered my merch actually pushed her way through my gate and fence to come onto my property to get to the package that she just dropped off. in doing so she damaged my gate. i have a full video that i would love to share.,Negative,0
"great matching features great app, great search features and music matches. huge library of music. not sure where all the hate comes from.",Positive,2
"i like netflix i like netflix, do not watch it often but handy to have. but if netflix decide to increase their subscription again to cover the bbc license fee then i will be cancelling.",Neutral,1
"i ordered food from the golden gate i ordered food from the golden gate pollo tropical location, the flans were missing, is the second time that this happens to us, in naples fl, so check your order.",Negative,0
"we used the wise currency card while travelling to vienna, bratislava, budapest onto azerbaijan, georgia armenia. the exchange rates were very good we loved the ease with which we could add mone... see more",Positive,2
"do not use booking.com when my reservation was processed, booking.com incorrectly classified one of the youth travelers in my party as an unaccompanied minor and charged an additional fee of 194 for a service that was neither requested nor available through the airline. as well as charged me for seat reservations 49.90 per person. after the booking was completed, the airline contacted me directly to advise that this reservation was invalid because they do not offer unaccompanied minor services. as a result of the error made during the booking process, the airline was forced to cancel the entire reservation for all five travelers. the airline also confirmed that even though booking charged and collected payment for reserved seats, they did not reserve them with the airline. this cancellation created substantial inconvenience and financial hardship. i spent approximately four hours working with the airline to rebook travel arrangements that should not have been disrupted in the first place. the situation caused unnecessary stress and required significant time and effort to resolve. to support my claim, i have submitted multiple written complaints and provided documentation, including copies of the original booking confirmation documentation written communications from the airline confirming that the reservation was improperly booked evidence that the airline canceled the reservation as a direct result of the booking error despite submitting this information on three separate occasions, i have not received a meaningful response or reimbursement from booking.com.",Negative,0
complicated confusing full of promises complicated confusing full of promises scam selling no real discounts,Negative,0
3 times in 1 week as i am home bound 3 times in 1 week as i am home bound right now and they kept delivering to the next door neighbor and his garage..i would have to track the driver then contact them to explain how to get to the correct address...i did verify with door dash they had the correct address but somehow they'd go to wrong place anyway..what is worse is half the time they do not understand english...so i would have to get my son to go get the item to bring it to me...geezz i should have done that to begin with and save me all those fees for technically not completing thier job and no refund or at the very least refund all thier fees as it is not the restaurants fault...this service does not even deserve a 1 star..they hire illegals and only have ai customer service via chat,Negative,0
"a good streaming service a good streaming service, there's plenty to watch in the evening after a hard day, lots of new series and movies yes, the price is high, yes, the support is poor, but the quality of the content makes up for it all.",Positive,2
this is the worst company to shop with this is the worst company to shop with they will not give you your money back when you do not get your order. so i would say to everyone do not shop with this company as they are rubbish.,Negative,0
"driver is not delivering food driver is not delivering food, contact details are wrong, doordash bot just tells me to wait. no chance to see driver's previous reviews and no chance for refund until the driver says the food is delivered. they are driving up and down the same street right now and there is nothing i can do to get my money back.",Negative,0
i like the templates and it is very i like the templates and it is very easy to use.,Positive,2
"illogical customer service agents i purchased a train ticket, on the bottom of my receipt 10 cashback in uber credits displayed. - i shared the screenshot of my purchase as proof i received 5 - i contacted customer service they did not even understand what my issue is, thought it was about pricing.... they said sg about the purchase value being correct then closed the case, i was unable to reply.... figured it was a one off, tried again, this time they concluded sg different, asked me to reinstall the app.... but of course why would it solve the problem when they owe money uber point reinstalling the app does not help... sadly, current uber customer service is unable to process information, yet alone resolve it.",Negative,0
taking money not sending items terrible company i ordered 4 items. parcel arrived today. with two boxes sellotape together. smaller then i expected. each box had 1 item in there and there was not room for anything but the 1 item. i tried talking to customer service to get the other two items sent out quickly. customer service was useless they said they would ask the warehouse if all the items were there. i showed photos of the boxes and 2 items so they could see there was not enough room to put the other 2 items in there. cs did not care about that. i was told if the warehouse said there was all the items i would not get a refund. this has happened before i had missing items and the warehouse said all items were packed. so yet again they have taken my money and not sent my items.,Negative,0
"uber car service deceptive dynamic pricing and poor corporate ethics i find this uber s pricing policy unacceptable. the price displayed at the time of booking a car is not guaranteed, and any traffic delays result in a unilateral increase at the end of the trip. added to this is the appalling ethical management the driver's share is approximately one-third of the total fare paid by the user. uber makes disproportionate amounts without offering any protection or transparency. i used in the past few weeks uber in canada. on two occasions, i saw the final price increase. the associated message indicated that i had given the driver the wrong address. obviously, this was not the case. i tried contacting uber customer service, but they have an automatic question-and-answer system. there's no way to describe the problem in plain text. the last time i used a transportation service, i asked the driver before getting out of the car to show me how he closed the service. he had no choice. only one button to indicate the end of the trip. on that occasion, the fare the driver receives also appeared. i paid over 42. uber only transferred 16 to the driver. terrible behavior by uber.",Negative,0
fast response and good service fast response and good service,Positive,2
"scam reservation on booking.com i cannot reach the property i booked through booking.com they are not responding to emails, phone calls, or messages. booking.com has been stalling me for days. it is clear that such a place does not exist, and booking.com has not checked this. they are not canceling either if you cancel, they will take the full amount. they are trying to say they will only look into it if the property does not exist when you arrive. this is outrageous. they do not understand how we are supposed to go on vacation to another country without arranging our accommodation. booking.com has not done anything to prevent this fraud. it is a disgrace.",Negative,0
"fantastic day to day transactions fantastic day to day transactions. brilliant exchange rates. all quick, easy and trustworthy - but - had two recent problems with what i believe were fraudulent transaction attempts minor ones and there is no number, site or any ability to alert wise about it apart from self imposed freezing of the account - this is appalling and leaves a taste of non-trust. luckily my account presently has always been in minor amounts but i am expecting larger sums shortly and i am having the funds paid in elsewhere until faith is restored",Positive,2
"the shittiest customer support the shittiest customer support i ve ever experienced. my account was renewed even though i cancelled it. customer support ensured me the account was cancelled and the payment was only pending. well no, it was taken and customer support works like a bloody chatbot. you would think that a big company would have customer support that works but instead they have a customer wrong information chat. this experience has been so bad that i will never ever used netflix again.",Negative,0
"insatiable vultures with full bellies. embarrassing. years ago, i accepted not being able to use the free version for phones because it was too limited, and i settled for the compromise that on pc the service had no limits and was free. today, that's not the case, at least not directly because you pay with patience. literally 4 ads for every 2 songs. as soon as i open the app after listening to a song, the commercial break starts. yes, thank you so much for the break. i really needed it after 3 minutes of listening. you have completely failed in the compromise of offering a free service with ads. remove the free version completely, you will make a better impression. if you had not shown me that you were totally undeserving, i might even have subscribed sooner or later, but now i would not do it even if it were the last music platform on earth. would be like feeding vultures with a belly that's already bursting. but you do not care anyway, you are too big to even read this review, good for you.",Negative,0
"rogue website rogue website, sold an insurance that was not accepted by the car hire company, no refund process! sold i room that was unusable, so had to rebook at own expense.. no refund. too late to see the reviews... if you try to connect for a refund, it says tech issues, and disconnects. why are these traders not blocked from trading..?",Negative,0
"scam absolute scam. they continued to charge me for 3 months after i thought i cancelled the subscription, with zero email notifications or invoices sent. customer service is basically robots reading t cs and refusing to escalate. i had to go through my bank to issue a chargeback to get my money back. avoid giving them your card details!",Negative,0
"liars!!!!! i have been using booking for leisure and business trips since ages. however, i have noticed recently that they massively dropped their standard, to the point that they are useless on something that we have confirmation. my last experience was by the end of july when we booked 2 apartments in the same block in april 26. then the property manager upon arrival informed us that our apartments are within 30 min walking distance from each other, you can imagine how painful this was. furthermore an manager from booking over the phone i have the record call promised to refund 10 of the total cost in the same credit card where we made de payment. liars! at this point they credited the refund into the account of the person who made the booking and they are not willing to refund the money aa promised. this is unacceptable, you can keep your money we are not using your app or website anymore! liars!",Negative,0
"had a trial with spotify had a trial with spotify, cancelled well within the timeframe. 4 months later i get them taking money from my account, contacted them to be told i hadnt cancelled and they cant give me a refund. a few people i know have had the same issue, even sent spotify a screenshot of a friend getting a refund, but told me they cant give a refund for the same reason",Negative,0
"worst customer service i ve ever experienced money out of your bank account and then tell you it s your fault. you re better off, listening to am fm radio. i will never allow this app to be on my phone again nor any of my childrens phones. there are thieves who make billions of dollars off of your minimum wage. swallow that pill and tell me it tasted good.",Negative,0
"the restrictions of netflix i really enjoy the variety of content netflix offers, and it is one of my favourite streaming services. however, i frequently encounter a significant issue when travelling internationally. whenever i visit another country, the available subtitles automatically switch to the local language, and there is no option to change them back to english. this makes it impossible for me to watch non-english content, such as anime and southeast asian dramas, because english subtitles are no longer available. unfortunately, using a vpn is not a solution, as netflix detects it and prevents playback until it is turned off. i believe netflix should allow users to choose subtitle languages based on their personal preferences rather than their current location. i think it would greatly improve the experience using this app that i pay for. at the moment, this limitation prevents me from watching many of my favourite shows while travelling, which significantly reduces the value of my subscription during those periods. i hope netflix will consider introducing a global subtitle preference, as i believe it would greatly benefit many users.",Negative,0
for real i am not able to watch any shows ever so this company can kick rocks down by the lake.,Negative,0
the app should be more light and fast the app should be more light and fast working price is a bit high,Neutral,1
my subscription was charged twice my subscription was charged twice within a few days of each other so i contacted customer service and i have never come across such an ignorant customer service agent as the one i had unfortunately been assigned. they could not be bothered to read my issue and just kept trying to brush it off and get me to stop messaging them. they did not help me in any way and didnt answer any of my questions. absolute disgrace to see after being a netflix customer for years now. ive always heard customer service was bad at netflix but now after my own interaction i can now confirm this. how a company treats their customers is very telling!!,Negative,0
"tortuous communication with customer service re order po1971642819906551505 was delivered 8 august, but three of the fridge magnets did not have magnets attached or included. i tried to communicate this problem with your less than intelligent ai, until i was transferred, at my insistence, to a human customer service officer. this was no better and i ended up going around in circles and with an ever expanding communication chain. forget about the missing items. i will not be using temu again. re po order po1971642819906551505 i offer you no thanks for the reply you sent me in response to the review i posted on our recent interactions. the reason is that your reply is unsigned, impersonal. computer generated and totally misses the point of the complaint in my review. yes, i originally contacted you because of missing magnets in my order, which was delivered on 8 august. but the reality is that my complaint morphed into a censor of your totally inadequate customer communication and response mechanisms, e.g. talking mindlessly to a robot, then when i was eventually transferred to a real human being, finding myself on a merry-go-round of being asked the same questions that the robot had asked and failing to answer in any intelligent way. consequently, i terminated the conversation and decided not to waste any more of my tie interacting with your totally flawed system. i had suggested the simple solution of you sending me three of the round magnets, which i could then attach to the decals that had been delivered without them. problem solved. but no! that was all too hard for your mindless, bureaucratic system which wanted to me to play hoopla. no thank you. fix your awful, user unfriendly customer service communication channels, or you will never hear from me again.",Negative,0
the best money exchange rate the best money transfer site and best exchange rate. thank you!,Positive,2
very helpful for someone not tech savvy. very helpful for someone not tech savvy.,Positive,2
"really pretty templates it is a really nice platform, and all the pictures recommended for me were really cute and they matched with what i wanted perfectly. though i would like it if most of the templates were not for premium users only.",Positive,2
i trust wise. i trust wise. have been their customer for 5 years now. would love to have a small perk...,Positive,2
"wise the best! hey there, love to hear that! so glad wise is delivering a 5-star experience for you. wise.",Positive,2
ai on canva is the worst this canva ai thing is stupid and it doesnt work at all it is a stupid thing that didnt work at all is so stupid i hate it i hope it gets a virus and doesnt work for everyone else maybe if it would have worked i would actually might have giving it a 2 star never again will it work.,Negative,0
abandoned why did two uber drivers abandon me at riverside museum in glasgow today? thankfully the 3rd one turned up. could they not call me to tell me why they weren t coming. i am elderly with a 11 year old grandson. thankfully the 3rd driver awet was spot on and caring,Negative,0
"great experience, hi there, it makes us so happy to hear that you have had a great experience with wise thanks for taking the time to leave us a review! -wise",Positive,2
questionable fulfillment tracking questionable fulfillment tracking. they do not update the correct items delivered in your package. i had an item that was not delivered to me and requested for a refund twice with their customer service and was denied without any engagement. po-209-12284168233591437-d01,Negative,0
"2nd chance so after a woeful experience last time, i thought i would give them the benefit of the doubt. not been able to drive through injury and living alone, i put a food order in, the app showed all good and it was picked up, all be it running behind. as the driver landed i got a customer support message saying your order has been cancelled, and the driver informs me another driver is bringing the rest. this driver had bag 2 and 4 of a 4 bag delivery. customer support are you useless and it is a 5-10 day wait for the refund....",Negative,0
i am 88 year old and not very computer i am 88 year old and not very computer literate but i find it easy to use.,Positive,2
"too many times my order was wrong so too many times my order was wrong so the request was declined in which it is understandable the policy has this rule due to untrustworthy people. however, customer service really infuriated me to the point of screaming and cussing out the guy that refused to give the refund. it took this stubborn not going to use the word i would like to use on this review long enough to get someone else on the line to get the money placed on the card and that could take up to 5 days to get it back on the card. the reciept was correct but the food was not. pictures of the food and the reciept was taken and sent . i heard i am sorry but....blah blah blah and i understand...no they do not! they do not care who they try to scam. never again will i ever be using the corrupt door dash again. they will make a woman want to unleash the madea in her.",Negative,0
"i would avoid this company at all i would avoid this company at all costs. a phishing link was sent to me through booking.com's own messaging system, and it took me finding the evidence myself to get anyone to act i booked a london apartment through booking.com for august. after i confirmed the reservation, a message came through booking.com's own platform directing me to an external website to enter my card details. booking.com's published guidance is that they never ask guests to do this. what i then found, entirely on my own 1. the contact number given for a london property was a us number. 2. the host did not respond for four days, not to my messages, not to booking.com's messages, and not to a phone call booking.com made to them. 3. the address given for the apartment is a pub. there is no apartment there. 4. the booking.com listing page for the property is titled as a holiday cottage in somerset, not the london apartment i had booked. none of this was flagged by booking.com. i found all of it. one agent even told me the property was legitimate with strong reviews, apparently reading review history that had nothing to do with what i had booked. the support experience was worse than the fraud 1. i was given three different timeframes in a single day. first 48 hours, then three hours, then no timeframe at all. 2. a live chat was closed on me while i still had unanswered questions. 3. one agent confirmed in writing that relocation would be arranged free of charge. a second agent confirmed relocation was guaranteed. a third then told me the approved support was 25. 4. i was told booking.com would not book replacement accommodation directly, and that i should fund a replacement myself and claim back afterwards. 5. the alternative eventually offered was student accommodation in zone 4, priced below my original booking so that booking.com contributed nothing at all. 6. any shortfall would be paid as travel credits to spend with booking.com, not as money. fraudulent listings appear on every large platform. that is not the problem. the problem is that a phishing attempt was delivered through booking.com's own systems, that the listing did not match its own page, that none of it was detected until a customer did the work, and that the response was to offer 25 and a suggestion i pay for it myself.",Negative,0
the app is very different to use and i the app is very different to use and i was unable to add music to my video.,Negative,0
good job good job. pratike answer..,Positive,2
"rubbish i will never book with this site again. my son booked two rooms at a luxury hotel in north wales for him and his partner and me and my husband. on arrival we discovered we did not have rooms in the hotel but were put in outside accommodation, which was rubbish! nowhere on this booking did it say we were not in the hotel. booking.com completely mislead us with this booking. they are a disgrace.",Negative,0
"the driver drank part of my drink and ate part of my onion rings on the way to deliver my food!!!! it s a poorly operated business. they hire any and everybody. you may get your food, you may not. you may get the food ordered, you may not. the drivers tend to eat out of your bag or drink out of your drink. don t trust anybody by the way that delivers your food unless it s sealed and taped up. on several occasions, i ve gotten my food where it was untied. the bag was opened and taped back. as well as the drink being drank out of and taped back or not taped at all. this is a service that should be done away with. we can find better ways to get food delivered to us. after this last delivery that i had delivered by doordash . i m disgusted severely and i can guarantee i will never deliver through you all again.",Negative,0
lost my food after giving directions lost my food after giving directions and did not get a refund. i ended my subscription and uninstalled the app,Negative,0
door dash needs to change criteria for drivers donna has been door dashing in portland oregon. passed the test to deliver and now my dasher app is on pause for no apparent reason so hopefully the app will fire up tomorrow.,Negative,0
"my food got only arrived late by 15 my food got only arrived late by 15 minutes. it was cold and it was not what i ordered and then when i replied to customer service, they told me that they had no.",Negative,0
wait time was true wait time was true. professional service.,Positive,2
my first time using canva my first time using canva. unbelievable software and production capabilities. project start and completion time cut in half. this was the most professional looking project i have had. greg in ca,Positive,2
"easy, complete, accessible to everyone wise allows anyone to manage their wealth simply and securely. the app works great and is very easy to use.",Positive,2
"due to this establishments poor due to this establishments poor customer service, i will never use it again. because of your incompetence, i will inform friends and family to never use it as well. service is horrible. they charged me for a ride that never occurred. your dispatcher disconnected me and was of no help whatsoever. i will be taking my business elsewhere.",Negative,0
"removed professional look from pro they have lost my trust by removing valuable benefits from the pro plan to get more money for a business level that has features that a one person business has no use for. their huge brand in the center of a qr code looks so tacky and unprofessional i would never use it for a client. if they diminish other features that made doing business easier and professional looking without being forced to brand them, i will be finding an alternative company to work with.",Negative,0
"transactions are all designed so that after initial setup you can repeat without having to re-enter any data except amount if different. prices are better then bank. plus, you get interst while waitin... see more",Positive,2
"harassed by seller robotic customer service when i attempted to return a high-value open box item, the seller harassed me. they insisted that it couldn t be returned if it was used. i tried to explain that the issue was the seller s misrepresentation of the warranty problem to temu customer service, but they canceled my return anyway, even though they provided me with the same robotic response you need to return for inspection. to resolve the matter, i initiated a bank dispute, expecting a response and resolution. however, the seller responded with an even more hostile message. the robotic temu customer service provided me with the same return first response.",Negative,0
thieves of the music industry thieves of the music industry . they steal royalties and streams from artists around the world . artists only get paid after the first 1000 streams which is a kick in the teeth on all hardworking musicians . they should be sued .,Negative,0
always easy to control my own finances always easy to control my own finances,Positive,2
"no help i ve had many bad experiences with doordash, but at least they have tried to help. today, i received my order 1.5 hours after i made the order, which is 1 hour over the estimated delivery time. i can understand 15 minutes, but 1 hour? to top it off, the driver left my food outside my apartment building without even trying to bring it to me or ask me if it was okay. i am very pregnant and unable to move around very well. when i reported this to doordash requesting compensation so i can purchase something else where the driver can actually bring me the food, they simply said they cannot give me compensation and ended the chat. terrible very terrible. they don t care that you re still unhappy with the resolution, once they re tired of dealing with you, they ll just cut you off.",Negative,0
highly recommend so easy to use. smooth transactions. reliable. convenient. highly recommend!!,Positive,2
why do we ned to pay mony in canva i am why do we ned to pay mony in canva i am a student,Negative,0
i spoke with a customer representative i spoke with a customer representative at around 7 38 pm regarding a problem where the doordasher sarah delivered my order to the wrong address. so my family recieved nothing. i submitted a 4k ring audio and video of my conversation with the dasher should there be a doubt as to whether i am telling the truth and was still denied. unfortunately this was more than just an inconvenice because i had limited funds and was trying to feed my grandchildren. i again contact customer support at 9 48 pm because i was told that my issue would be escalated. then when i spoke with that support person. she stated that my refund or credit was denied. i am 65 years old with a severe spinal disability so doordash has been my connection to feeding myself and getting items i need. since i can not drive and i am the caretaker for my 4 grandkids who did not eat because of a mistake made by the dasher not by me. this is highly unfair to me as a customer. the dasher even asked did i want the chicken fila order because of the mistake she made giving my order to someone else and i told her know,Negative,0
"i do not wanted to give one star even i do not wanted to give one star even. this my second time i am experiencing the same problem again and again. the driver is simply accepting the trip without thinking they can make it. they do not give any priority for the customer time. each trips are scheduled according so many other plans. if one loose, everything going to be messed up. very bad experience from uber again and again.",Negative,0
"have ah paid subscription since some have ah paid subscription since some years to listen to music and podcasts. since some months the advertising has gone through the roof. often as many as 21 commercials in one podcast of 1,5 hour!!! it makes listening to podcasts unbearable, and i came to dislike and i express that lightly those who advertise there like ikea and shopify. will never go to those businesses again after being overdosed this extreme in the last months. what s the point of this????? do spotify and ikea really think this saturation approach works? come on?! will end my paid subscription here and now.",Negative,0
pretty shit app keeps logging you out pretty shit app keeps logging you out if you don t live in the same household which is dumb asf try peacock cheaper and better than janky ass netflix,Negative,0
"if i could give them a zero if i could give them a zero, i would do so. i ordered a meal for my family and am yet to receive it. they claim they have no way of verifying if the driver delivered my order and that it is my responsibility to check that the driver is on his or her way to deliver the meal to me. i have never heard such nonsense. i recently signed up for this doordash nonsense and will be cancelling my account with them with immediate effect, as they cannot be trusted. i am most pissed, as my family was inconvenienced and had to endure hunger because of these doordash thieves",Negative,0
"easy to design and video editing easy to design and video editing anybody professional,unprofessionals can use paid version can like adobe premium thats can use easy so mamy template, sample audios, instruments, many style of text",Positive,2
canva jumped right into action to canva jumped right into action to retrieve my projects. their customer service was amazing!,Positive,2
"the driver says he delivered the order the driver says he delivered the order but, he took a picture of our parking space, which is not in front of our building. everything is labeled clearly on the buildings. what was not in the picture is a picture of the order sitting in front of our door. so the drivers stupid picture of our parking space is totally worthless. it proves nothing other than the driver does not know how to think.",Negative,0
"not worth it the fact that you have to pay extra to be able to watch on multiple devices is just stupid. atleast make the least amount of devices 2, this is such an idiotic feature. rather pay for disney.",Negative,0
spotify is the worst listening app spotify is the worst listening app imaginable. if you dont want to pay 14 buck a month and go on free be ready to have an add every 2 songs. i cant even listen to one playlist without having more adds than my actual songs. they treat their free users like trash. do not install it.,Negative,0
do not use this company if you value your sanity. if things go wrong they are virtually impossible to correct. do not use this company if you value your sanity. the customer service is circus clown level. but sadly it is not funny. respond to an english request in polish telling you to use the booking reference that you have stated in the problem ticket that you do not have. gee thanks. respond to a flight problem with a number for the accommodation helpline that only deals with accommodation problems. gee thanks doubly so.,Negative,0
i was about to complain about support i was about to complain about support issue... but when i see how little they care about these countless bad reviews... i will go 100 airbnb next time. never again.,Negative,0
ads on podcasts ads on podcasts overpriced,Negative,0
"horrible customer service don t ever horrible customer service don t ever get a flexible flight ticket with them, they will delay it for days and find the most expensive flights",Negative,0
"should not have to take legal action to get a refund! i have been a long time user of booking.com, however having booked a holiday cottage in wales to use as a base, we were very badly let down this summer. the accommodation was absolutely appalling, dangerous and not as advertised. we booked the accommodation as it stated it had a garden, ideal for hosting family outside, as we have done on previous occasions. however the visitors book advised that if you wanted to sit outside, there was a bench available in the woods across the road! the accommodation was absolutely filthy, with cobwebs everywhere, spiders both dead and alive and the musty smell was absolutely overwhelming to the point of being nauseating probably best not to book if you suffer from any breathing difficulties. plus we could not even freshen up as there was no hot water upstairs, despite the water heating being on. the two dangerous aspects to the cottage were pointed out to the owners of bodeinion cottage as well as the filth and neither had been an issue the previous week. that much level of muck and dust do not accumulate over such a short period of time. booking.com advised us to liaise with the owners, who advised we needed to lower our expectations, as it was a dog friendly establishment. i booked an old cottage, but i would expect a certain level of hygiene if i am to cook for my family. the place was soo grubby i could not even make the children hot drinks when we got back from a lovely pub tea. we also had to take ourselves off to a cafe for breakfast whilst waiting to get access to alternative clean accommodation. we asked the owners if they would be happy to pay over 700 for a 4 night stay, their response was that they only charge 100 per night, with the agents taking a huge slice of profit for anything above that rate. owners batted our issues to booking.com, who in turn blamed the owners and asked us to get in touch with customer services at cottages.com. photo evidence of the appalling state of the accommodation and the dangers within were all supplied to cottages.com, who have had well over a week to respond to our request for a refund. to date no response has been forthcoming, therefore we seek redress via small claims court.",Negative,0
popup after popup after popup with so many promotions popups the anxiety is overwhelming before even purchasing product and then they say item ran out no longer available with promotion. in the end i received the cheapest item of the 3 in the promotion plus it takes forever to get it shipped. china sucks,Negative,0
"best international card hey jlf! thanks for the love! with low conversion fees, real exchange rates, and free monthly atm withdrawals, we are so glad the wise card keeps your travel smooth. - wise",Positive,2
"dear all, dear all, i would like to formally raise a serious concern regarding the repeated email verification requirement in the nas app in the uae. the application is requesting email verification every few minutes, which is highly inconvenient and is causing unnecessary delays in completing and updating information. the frequency of verification is even more excessive than what is normally experienced with mobile banking applications. i have also raised this concern through a google review however, unfortunately, i have not received any meaningful response or seen any clear indication that someone is taking responsibility for addressing the issue. this level of inconvenience is not acceptable for a service that users are expected to rely on. i strongly request that the concerned team take ownership of this matter, investigate the root cause, and provide a proper resolution at the earliest. i would appreciate a clear response regarding the action being taken to resolve this issue. best regards,",Negative,0
"really uber you need to sort your drivers out !! omg !! ive tried to use uber cabs a couple of times can i please ask ,, why do drivers take funds from my account without authorisation they pass over the call to other drivers , the driver rejected the pick up and also put a cheeky 60.00 fair on for a longer journey i never took charged 26.72 aswell and it came out my bank . this isnt the first time this happened to me and ive only used you twice. another driver brought me home called colin for 18.00. so i payed over 100 for my journey of pending payments which are diobolical to get refunded as bank will not refund. blood pressure by now sky high you then have so much trouble trying to get intouch with uber who they make an excuse to check if you are actually eligible for a refund !! you stole out of my account simple. made it very hard as bieng collected from hospital ill not a thing i needed at this time delete my account please. this is a true account what happened. 3rd august 2026 tb",Negative,0
i booked a place it shows with in one i booked a place it shows with in one mile to me in croatia when i booked the book me same name 20 miles way and different country in bosnia when i discoverer i told them to cancel they didn t even bother and they asked for a review which i made one and they refused my review this the 3 time i hade problem with booking.com and the last time will no be booking with them,Negative,0
driver initially engaged driver initially engaged was polite but spoke briefly car ride was pleasant and comfortable,Positive,2
i have been using this company for 5 i have been using this company for 5 years and make quite a few bookings a year. however just lately i have not received a cashback i was entitled to after 3 months i have contacted customer services 3 times and i have just looked at my status i have gone from 4 bookings to reach level 3 to 6 this morning.,Negative,0
delivery related my biggest regret in life is order from temu i placed orders month ago and tracking status of orders still in transit when i ask their customers services for help they offer me a coupon and told me to wait after waiting alot they say parcel are lost i ask for reshipment they refuse and told me to place new orders their customers services are totally disappoint and shit zero respect for customers refuse to follow their own policies they have a policy related lost orders that is reshipment but i ask for reshipment using this policy they refuse and start insist on accepting that coupon offer my money my wait for parcels everything wasted and when i try to place same orders again they double the price after adding in to cart same orders in double price when i highlights this issue they says they are unable to resolve my issue and unable to deliver my parcels so i should close their so cold tickets because from their side issue us resolve as lost parcels as customers i am shifting from temu other shopping apps so my these parcels money is wasted,Negative,0
"dishonest practices, fake empathy, and refusal to refund missing items order po-053-05166624174713029 i ordered a package order po-053-05166624174713029 via cash on delivery. upon opening the intact parcel, several paid items were completely missing from the shipment. when i contacted customer support, they repeatedly refused to verify the actual weight of the package at dispatch versus delivery. instead, they kept sending automated copy-paste template responses, hiding behind vague statements like our records show everything was packed correctly. after i posted an initial warning, their support team reached out to me with fake empathy, pretending they wanted to resolve the issue and asking for details to fix it. however, right after i provided the requested information, they simply rejected my claim again using another scripted response! this is a deliberate exhaustion tactic to scam customers out of money for goods that were never delivered. zero customer care, zero transparency, and absolute disregard for consumer rights. i am now filing an official complaint with the european consumer centre ecc . stay away!",Negative,0
"not what i purchased purchased light blue denim shorts received dark blue shorts instead. asked temu to send what i ordered and paid for cosy 30, they offered me a 3 credit, have bought so many items from temu a and will not be buying from them again, very disappointed.",Negative,0
do not accept vouchers they give me a voucher for returning articles. i bought clothes with the voucher which the material was absolutely crap. then returned them and surprise they only giving back few pounds because it was bought with voucher. no voucher credit back. do not accept vouchers.,Negative,0
"extremely disappointing experience1 star booking.com left me 5,000 out of pocket after guest damage with extremely disappointing experience with booking.com and their handling of serious property damage. i had guests stay at my property, monkleigh house, who caused significant damage during their stay, including serious flooding. the total damage was in excess of 5,000. there were also issues with the number of guests. the guests arrived with more people than were included in the original reservation. rather than cancelling their booking and ruining their stay, we tried to resolve the situation reasonably and allowed the booking to continue after agreeing that the additional guests would be paid for. after they checked out, we discovered extensive damage to the property. we provided booking.com with photographs, evidence and contractor information demonstrating the extent of the damage. and what did booking.com do? they simply sent a payment request to the guest. the guest said they did not agree to pay it. and that was effectively the end of the process. despite the damage being supported by evidence and the costs being thousands of pounds, booking.com offered no meaningful solution and no effective mechanism for recovering the money. what makes this even more frustrating is that booking.com controls the booking process and charges commission on every reservation, yet when a guest causes thousands of pounds worth of damage, the responsibility appears to be pushed entirely back onto the property owner. their damage deposit system is also completely inadequate. the maximum deposit they allow for the property is nowhere near sufficient to cover serious damage. in my case, the actual loss was over 5,000. what is the point of having a damage claim process if a guest can simply say i do not agree and the platform effectively washes its hands of the matter? as a property owner, i accepted the booking through booking.com in good faith and relied on their platform to provide a reasonable level of protection when something goes seriously wrong. instead, i have been left with a substantial financial loss and a damaged property. this is not about trying to avoid paying for legitimate damage or making an unreasonable claim. the damage was real, substantial and documented. the problem is that booking.com's system appears to be designed to make it easy to book a property, while leaving the property owner carrying the financial risk when a guest causes serious damage. very disappointing treatment of property owners. if you operate a property through booking.com, i would strongly recommend understanding exactly how little protection you may actually have when a guest causes significant damage. for me, this experience has seriously damaged my confidence in booking.com as a platform for property owners.",Negative,0
"sad to see such sudden decline in aug 2026 from a briliant and reliable partner became unpredicatable and daily problematic. transfer checkups. forced topups, when balance is enough, sudden gbp arriving they dont know from where.... sad to see such sudden decline in aug 2026",Negative,0
i ordered food from them i ordered food from them. they sent a pic of where they left it. it was a pic of the restaurant. driver did not read directions. called cust service could not get a refund or have it redelivered. i order my groceries from them and they use doordash. they suck.,Negative,0
hey how about dont ask my minor child hey how about dont ask my minor child for their email and personal information for easier log in! they are under my account end of story!,Negative,0
"totally unacceptable service totally unacceptable service. got my data compromised for a booking i made. phishing message received on whatsapp and asking me verify my payment link using 3dsecure all over again. luckily used ai on my phone to spot its phishing attempt as for a booking made in sri lanka, i was getting a message from a business on whatsapp in peru! totally feel unsafe using their platform in the future as they are not putting protocols in place properly to comply with gpdr and data protection of their customers. i want to formally raise a complaint and happy to provide details on this. booking.com please treat this urgent!!! i have a ticket number only and your chat agent has no idea of the timeframe for the security team will respond by! completely unacceptable. i would never use your platform in the future if my data is not secure!",Negative,0
great service the service was on time,Positive,2
everything is easy and secured hey there that is what we love to hear! keeping your money safe while making your transfers quick and easy is always our top priority thanks a lot for taking the time to share the love and for choosing wise wise,Positive,2
very bad very bad not working good,Negative,0
"good experience good experience, nice app",Positive,2
odious company odious company. they take your money and then have the face to send you an email saying the booking is not confirmed. another disgusting morality free us corporation. always try to book direct where possible and cut out this revolting middle man.,Negative,0
cant contact their shi... cant contact their shi.... customer service,Negative,0
"its really hard to say that it was its really hard to say that it was refunded easy coz if didnt contacted google play, it may not get refundend or its just me. anyway, thankiess",Neutral,1
"well done uber well , driver coming n time , tariffes acceptable",Positive,2
"what i am most annoyed at is the time what i am most annoyed at is the time frame for returns to be processed. i pay up front and in good faith for items from temu, more often than i care, items are poorly made cloting inc sizing or poorly made wigs so they get returned... why when i pay up front do i have to wait for the ware house to check and process the items and takes over a week after recieving them. i return the items the same condition as i recieved them. one order was missing solar lights for the garden, i did not get refunded, why? because i could not put the item in the return package. make that make sense",Neutral,1
"i subscribed to a premium family plan i subscribed to a premium family plan on spotify and included three users in my account. everything was functioning normally until, without any warning or clear reason, i suddenly lost access to my account after just 13 days of use. when i contacted support, i was informed that my account had been closed. however, no explanation was provided, and i was explicitly told that no further information could be shared. this lack of transparency is unacceptable and raises serious concerns about how user accounts are handled. even more concerning is the way the support process was handled. i was kept in a support chat for nearly an hour, repeatedly transferred between different agents, and ultimately left without any resolution. the case was effectively closed without addressing my concerns. all of my playlists and years of saved music have become inaccessible due to this action. this is not just a minor service issue it reflects a serious failure in user data access and account management responsibilities. at this point, i intend to escalate this matter to relevant consumer protection authorities and pursue formal complaints through appropriate legal channels. i also believe this situation highlights the need for closer regulatory scrutiny of platform practices regarding account termination and user data access. this issue should not be ignored, as it reflects a broader concern about accountability and user rights on digital platforms.",Negative,0
i was at hospital on tyler texas 703 i was at hospital on tyler texas 703 south fleshiel ave tyler tx heart hospital i ordered from door dash they picked it up and they say they delivered it they did no we were at desk they took a picture of a corner of hospital no food in it i asked did anybody recognize the place they say they left it they would not refund my 45.00 do not use these dam crooks us uber eats much better fxxxthem will never do business with them again larry veal milam tx,Negative,0
"i ordered a socket and ratchet set and i ordered a socket and ratchet set and took 2 weeks to arrive.what i got was a cheap automotive scanner not what i ordered. what i read up about this company is lots beware and corruption. misleading customer's of free this and that crap stealing ip addreses ,putting extra charges on bills. i would stay far away from these cons.",Negative,0
this app is good if your playing thru this app is good if your playing thru your phone or tablet but is straight dog shit on pc it should be set up to your email and t the way it is set up to phone and tablet app so you can only listen to the songs you have saved and not random shit by the artist you dont like waste of time otherwise do t recommend on anything else,Negative,0
"uber left us stranded on 8 9 after we uber left us stranded on 8 9 after we paid and scheduled a 6 passenger to pittsburgh airport from vandergrift, pa. its a 1.5 hour trip and not ez to find a driver last minute.",Negative,0
havent received my package and i paid havent received my package and i paid fully online every time i contact them they are saying they will e mail and that s all disappointed and never recommend to anyone,Negative,0
"placed an order placed an order, paid. where is my order went around in circles. i placed another order same day. will wait to see. i want my money back or the order filled. will wait to see.",Negative,0
"thieves - refund not sent despite cancelled flights! had two flights booked - to istanbul and a return to gatwick . both flights were cancelled and refunded by the airline , yet i have been sent a partial refund and still owed over 100 from booking.com despite the airline refunding them the total amount . i have chased and chased via call , email and chat and nothing . repeatedly told to wait and be patient , promised deadlines that have repeatedly passed . thieves!! send me the rest of my refund!",Negative,0
"very disappointing experience very disappointing experience we will not use booking.com again unfortunately, our experience with this booking has been extremely disappointing. after completing the booking, we repeatedly requested the invoice, but we have still never received it . despite following up several times and providing all the necessary information, the issue remains unresolved. receiving a proper invoice should be a basic part of any professional booking, particularly when it has been specifically requested. the lack of communication and failure to provide the invoice has made the entire experience frustrating and unprofessional. based on this experience, we will not be using booking.com again . we expected a much higher level of service and support, and unfortunately, this experience has completely undermined our confidence in the platform. we hope this issue will eventually be resolved, but we cannot recommend booking.com based on our experience.",Negative,0
"booking.com allowed a completely fake listing onto its site and it has cost me dearly. do not trust this platform with your family holidays or your personal data. i booked an apartment in paris le grand paris apartments, reservation 6142145566 for a family holiday. shortly after, the scammers contacted me directly inside booking.com s own platform messaging system and via official-looking emails demanding payment and identity verification. because the request came through booking.com s trusted channels, i uploaded a scan of my driver's license. the scammers then immediately sent demands for external payments via third-party links. when i investigated further, past guest reviews exposed the horrific truth previous guests turned up to find they had no booking, and reviews showed a horse-drawn ive in waggon in an empty field instead of a luxury paris apartment, leaving families stranded. booking.com openly allowed a completely fraudulent vendor onto their platform and enabled them to use internal messaging tools to trap customers. because of booking.com s utter failure to secure their platform our family holiday is in ruins, and we are left stranded with no accommodation in paris. scammers now possess my full name, home address, date of birth, email address, age and a scan of my driver's license. i had to pay 30 for cifas protective registration to prevent fraudulent bank accounts from being opened in my name, over 20 for a replacement driver's license, and cancel my credit card. hours of administrative stress and i have had to spend hours filing criminal police reports with action fraud and setting up fraud monitoring. when i confronted customer support about this nightmare, the agent offered zero accountability, gave copy-paste advice on running antivirus scans, and abruptly ended the chat while i was still speaking. booking.com allowed criminals to exploit their internal system, handed over my personal data to fraudsters, destroyed our family holiday, and dumped 100 of the cost and stress onto me. use this site at your own extreme risk. hours after i made a complaint and was told they were investigating the listing, i went on to booking.com becasue i was curious. le grand paris apartments, with its fake photos and fake reviews, is back online and fully capable of taking bookings. after everything i went through, i find that unbelievable and unacceptable.",Negative,0
"you must live at one house. useless. i live between houses and apparently that's not allowed. i was paying 19.99 for multiple screens but unless my girlfriend moves in with me, or i with her, this does not help - so i have reduced to the 12.99 plan, and have to put up with the annoying process to update my household each time i swap homes. imagine being so vigilant about account abuse that you harm people using the service in an honest way. oh and even better, if i tried to add another seat for myself, at a second location which in itself is customer exploitation let's face it , i cannot do that without it being a new account, so lose all my history etc. absolutely ludicrous! like you could literally just always allow traveller mode if it is between 2-3 common, recognised locations. it is not hard. or let people have an account that is personal and has nothing to do with location - all it would need to do is track that there's only one device active using the account at any time. steam does this. literally no other service i am subscribed to has this issue. obviously the design team or managers of the design team are utterly clueless.",Negative,0
bloody useless bloody useless. took my money for an order and i patiently waited. only to be told after an hour of waiting that they cannot assist. so much for packing my order etc. bloody liars,Negative,0
"unfortunately and as much i like to see unfortunately and as much i like to see some many good music and up to date songs , spotify app is rubbish , and it seems got loads of bugs lately, being laggy and something like glitch where i am unable to login and app freezes do not update or and open in full and yes this is even after reinstall and clearing the cache",Negative,0
canva for life sia canva should be free to everyone and everyone should be able to use everything,Neutral,1
absolutely awful absolutely awful. complete waste of time. nothing worked properly. the ai tool was terrible. the customer service team were pointless,Negative,0
"best business apps worldwide. hey r., your words are like music to our ears if you have any suggestions on how we can continue to be be perfect business app, feel free to dm us on social media. wise",Positive,2
"temu became unusable. reviews with one star are correct. recent changes in temu.co.uk made it all bad. temu is unable to pick up a carrier. despite the fact that items from china were received in 2 days, in the uk the package is not delivered at all, with no tracking and false tracking messages. they delivered parcels for a year and were suddenly unable to find the address, though stating that several attempts were made.",Negative,0
"fast, great exchange fast transactions, great service, has one of the best exchanges i know.",Positive,2
i using canva! it is really fun to use and is helpful for any type of ideas or projects.,Positive,2
great!!!! very user friendly and top tools and canva ai on point.,Positive,2
the canva team were amazing the canva team were amazing. i had a small problem after printing and they were able to rectify it so quickly and help me meet my deadline!,Positive,2
doesn t even deserve one star doesn t even deserve one star shocking company with appalling customer service they never solve issues then block your account when you attempt to complain diabolical company 5 months ago they sent the same response below and we are no further forward in resolving the issue,Negative,0
local warehouse i just want people to be aware of buying from local warehouse on temu which they are now pushing. i bought a cushion for my deck chair and was sent the completely wrong one. i am house bound at the moment which i explained to temu the seller so i was unable to get to the drop point to return it i was offered no help from temu as they said it was down to the seller the seller kept putting it back on temu. so be aware if you do buy from local warehouse do not expect any help you are on your own absolutely disgusting customer service the seller is lanso casa do not trust them,Negative,0
recently uber has got very greedy by recently uber has got very greedy by take take take not thinking about the driver s or customer's. extremely sad if you ask me.,Negative,0
i watched many shows on netflix that i watched many shows on netflix that were cool but there are some movies that look exciting and are not that good overall,Positive,2
i don t appreciate that no notice is i don t appreciate that no notice is given before you are charged every month. canceling was not easy. would not recommend for short term use.,Negative,0
software and customer service failure their software had a bug and i was unable to pay for my hotel reservation with an updated credit card. they said they would help me find a different hotel if bug was not fixed before payment deadline. my reservation was canceled due to the bug not being fixed and they made no effort to help me find a new hotel.,Negative,0
would rate less than 1 star would rate less than 1 star. awful rates of pay for the orders they force on you. if you decline they give you less orders after. often making 20 hr and burning 10 just in gas. would not recommend.,Negative,0
dont ever booked flexible flights add dont ever booked flexible flights add on with booking.com the customer service is seriously so bad but asking them daily to change my flight with nothing being done then 7 days later i get a call and the flight had doubled within that time. honestly would never book flights with them again,Negative,0
"had 4 trips to from birmingham nec over had 4 trips to from birmingham nec over 2 days. drivers were helpful and friendly, arrived on time, cars were clean, definitely use again. worked out cheaper than parking in nec",Positive,2
"i try every single one of the methods i i try every single one of the methods i learn about, yet my songs keep getting skipped no matter what. i might have to switch to apple music. it is a good thing i have cds and vinyls though.",Negative,0
the worst delivery service ever the worst delivery service ever! they assign multiple orders to a driver and the drivers usually take very very long to complete the order as they have to deliver multiple orders and the food delivered is cold!!,Negative,0
second time i placed delivery order from the same restaurant. second time door dash delivered someone else's order. door dash customer service said all they could do was refund order - but not the w... see more,Negative,0
very fast very professional very fast very professional,Positive,2
"temu needs to stop using speedx temu needs to stop using speedx i have enjoyed ordering from temu, but i am extremely disappointed that temu continues to use speedx for deliveries. my package was marked attempted delivery no access even though my driveway was completely clear and accessible, and no one actually attempted to deliver my package. now, because of speedx s failure to deliver, i am being told i have to wait several more days for another attempt. customers should be allowed to choose their delivery carrier at checkout, especially when certain carriers repeatedly provide poor service. i would genuinely rather have my order sent by snail mail than speedx or as i call them, speed 0. if temu continues using speedx without giving customers another delivery option, i will seriously reconsider ordering from temu, and i will continue sharing my experience anywhere delivery-service reviews are accepted. temu, please listen to your customers. a good price means very little if the package cannot reliably make it to the customer's door.",Negative,0
trustworthy and very easy to use i downloaded the wise app it is very easy to use the company are very trustworthy i have used them a few times to exchange money and it is been easy and very fast,Positive,2
good service and excellent price good service and excellent price,Positive,2
"an inconvenient disappointment there's a peculiar irony in being told that, as a frequent traveller, i must use a payment method issued in whatever country i happen to find myself in. one would imagine that a company of spotify's scale had long since mastered the rather mundane art of accepting payment from customers who occasionally cross borders. instead, you have managed to transform a simple subscription into an administrative obstacle course. it is an inconvenience at best, and an excellent incentive for customers to explore competitors at worst.",Negative,0
do not turn up when requested do not turn up when requested. advise in minutes then cancel ride,Negative,0
scam with no refund do not book with this company they sell accomadation that does not exest and they make it so had for you to get a refund. keep asking for more information.i booked with you so why are you not giving me my money back.we had 4 familys turn up to the same accomadation as us to a sign on wall in rome to say it was a scam. shame on you booking .com for not looking after your customers,Negative,0
"i started using canva as an addition to i started using canva as an addition to capcut. i like the fact that canva is good for anyone who is new to video and image creation. i would recommend it for anyone that is just starting out , because it is pretty easy to use and navigate around in. there is also tutorials that help you navigate through the different products.",Positive,2
"unfulfilled promotional terms and unhelpful support loop customer service refund customer service refund. my recent experience with booking.com regarding a promotional partnership campaign was very frustrating. after participating in an advertised joint offer during a trip in october 2025, i was promised a benefit to be delivered within 60 days. today, more than 260 days have passed, and i still have received nothing. when contacting customer support, the process turned into an endless loop. instead of honoring or resolving the promotion advertised on their platform, the support team repeatedly redirected me back and forth to the partner airline without offering a solution. communication with their automated and human support felt designed to exhaust the customer rather than resolve the problem. i have my booking references and email correspondence ready to verify this experience. future customers should be cautious when relying on promotional offers through this platform, as accountability is severely lacking.",Negative,0
"great handy user customer experience great handy, easy to use features with very great customer support.",Positive,2
"really easy really easy, best designing option!",Positive,2
"do not drive for uber do not drive for uber. the company is so unbelievably incompetent. if your phone is stolen and you are forced to change your phone number, you will never, ever be able to regain your account because the people at uber are too incompetent to change a phone number. three weeks, 20 phone calls, 50 emails, and finally they said everything is fine and nothing was done. uber is one of the most incompetent groups of people i think to exist.",Negative,0
"booking does not deserve the volume of booking does not deserve the volume of business they get just by offering the best price occasionally. and it will catch with them soon or later and all those frustrated customers that were not able to reach booking when they most needed, will witness the fall of this company. there are plenty of other good companies to take over the business gap left by booking extremely poor customer service.",Negative,0
they keep kicking devices off they keep kicking devices off. we never exceed the number of concurrent viewing devices and really do not watch alot. i cannot just add my devices and leave them there. it invariably kicks them off. it is making me crazy for the few times we watch we should just be able to leave tvs signed in. i even got a message that the device i was using to manage the account was not authorized to use it. seriously ...,Negative,0
"wrong order received wrong order received, was cold and not edible. contact support for them to offer nothing not even a replacement. really bad customer service. will not be using doordash again. absolute disgraceful service",Negative,0
sorry sorry - it takes me a long time to understand anything new with computers. today will be my 3rd class i hope i understand a little more the women teaching the class are wonderful but i need someone to actually sit with me and work with me alone i am trying very hard to try to understand it but i do not even know how to download anything right now this is not working for me,Negative,0
"oh dear. oh dear. scammed by temu. after downloading the app on to my phonei was delighted to see that i had unlocked four free gifts from a choice they gave me. all i had to do was select my freebies and buy something of a certain value. this i did. then the scam rolled in, my purchase got me one free gift. to get the other three i would need to make three more purchases. not liking this kind of sales scam i removed the app andwont be falling for that again. not a good look temu, dont take people for fools.",Negative,0
i am not even ready to give 1 star i am not even ready to give 1 star also. they have a pathetic service. i lost 15000 product in auto and when i tried through app to call the driver no response. in uber support they did not provide me driver number saying it is privacy. i even shared my number on app. but still no use.,Negative,0
"if i could give a minus i would if i could give a minus i would. cancelled my partners hotel without telling him. on arrival home we chased for the refund as they still took half of the money. they tried to blame the hotel saying they cancelled it and would have to ask them for the refund. still a month on and no sign of any money and are trying to say that their cancellation policy is to take half of the initial charge, despite them being the ones to cancel. call handlers do not have a clue what they are doing and when we try to raise a complaint just get an automatic email saying error. absolute joke!! we will get our money back no matter what it takes. avoid booking com at all costs please.",Negative,0
the customer service is just terrible the customer service is just terrible. there is something not right about the sellers practices and if trustpilot needs proof i have photos. they always ask for you to verify your rating. sellers are offering low prices then when you buy multiple they do not ship and never respond. then you click on your item and it is priced so much higher. i think temu and it is sellers are definitely shady. and holding money up to gain interest in their banks. because if you do get refunds it is never interest or the full amount back. they shell out credits and you gave to spend even more to use them. it is a rat race. no more overseas online buying for me. . they tried to give me back twenty bucks back out of 38.00 . just terrible.,Negative,0
"it works fine once the account is all cleared, it works fine.",Positive,2
fraudulent company i ordered wingstop and then i an order at steak n shake. my steak n shake was never picked up. doordash refused to refund me for the steak n shake order. i escalated the issue and they said there was nothing they can do and then hung up on me without resolving or giving me my money so now i m filing a dispute with my bank in my bank said that they will refund my money.,Negative,0
"lost all my work 'there was an issue on our end' when loading. it was great to start off with, then when i went to edit something it kept saying there was an issue on our end and so i had no access to the things i was working on, over various days with different intenet connections. basically i lost all my work and all the time i spent on it, had to restart everything and lost so much time.",Negative,0
"i just need to vent my frustration with i just need to vent my frustration with the spotify app. it is soooooooooooooo slow!!!!!! like literally, every click takes minutes to process. i just stare into that blank screen of darkness, at the eternally spinning green circle as a quiet resentment builds within me a slow fury, as i begin to question the fabric of existence and wonder if someone is playing some cosmic joke on me, to allow such a pernicious evil as this into the world. i stand, frozen in place, contemplating the cumulative total hours, days, weeks of my life i have spent in this limbo just staring, eternally, at the spinning green circle. it is agonisingly infuriating! just clear your cache! does not work just delete your downloads does not work just reinstall does not work just stop using spotify! but how?! i cannot! there are no alternatives! i am their slave and they know it as they laugh maniacally from their ivory towers at my feeble desperation to download the next fantasy premier league gameweek 36 team selection podcast. fml please fix it spotify. i beg you",Negative,0
"public warning public warning check the real reviews before you buy rating star 1 star after more than two years of dealing with this platform, i have officially reached my limit. i am updating my review to 1 star to warn other customers. please, do yourself a favor and check the independent public reviews before you order anything. key reasons to avoid this platform terrible product quality the items sold are extremely cheap and poorly made. if you wash red clothing, the dye bleeds so badly it looks like a mess. if you buy blue items, the color runs like house paint. nothing is built to last. constant promotional loops for over two years, they constantly trap customers in endless cycles pushing coupons and credits instead of providing reliable service or quality control. incompetent support when things go wrong, customer support offers nothing but empty promises and zero actual help. a warning to all shoppers do not be fooled by inflated ratings or flashy promotions. take a look at what real customers are saying on independent review platforms the massive wave of 1-star reviews speaks for itself. save yourself the headache, protect your money, and avoid shopping here. a serious warning to new shoppers do not fall for the fake ratings rating star 1 star to anyone thinking about joining or placing an order do not be fooled by the 5-star and 4-star ratings. why you cannot trust their ratings the high ratings you see on the platform are heavily inflated because customers are constantly lured into leaving positive feedback with promises of free coupons and credits. it is a rigged system designed to trap new buyers who do not know any better.",Negative,0
"the doordash concept is good however the doordash concept is good however the people running it are horrible. im unable to get customer support. they locked my account and ive done everything to get a representative on the phone to no avail. to make things worse they keep sending me dash notifications with a locked profile. horrible customer service, definitely would choose uber over doordash anytime.",Negative,0
what went wrong was y all treated a what went wrong was y all treated a loyal customer that spends 500 or more with yall everyday literally. and this is how you treat me no just because i have to call in on business you are partners with or your dasher because my order wrong or messed up bull! and i sent you pictures of the messed up food and receipts and videos and you tell me you can t accommodate me because of to many call in or reports hell yeah i deleted my account as a human being no one deserves to be treated like that! y all are thieves stealing people money because if i send you pictures of dry ass pizza soggy fries pizza burnt and you start talking about to many reports. bull,Negative,0
"very good hey there, perfection is what we aim for knowing everything's working perfectly for you makes our day if you need anything else, feel free to reach out to us here or, via our social media platforms like x, instagram or facebook. wise.",Positive,2
"every third order is a nightmare with every third order is a nightmare with delays, cold food and when u complain generic here is your 5 dollar voucher . deleted my account and not going to feed these poor delivery apps.",Negative,0
"refreshing my connection to my bank was refreshing my connection to my bank was not working. my log in details were correct, but wise gave no reason why it was failing. also, could not find a customer service number to call. if there is one, it was not where it was easy to find.",Negative,0
"netflix charged me twice for one netflix charged me twice for one subscription over a long period of time. yes i should have noticed sooner but their attitude seems to be once they take your money, they will keep it even if it is clear that you have received nothing for it. be warned that this company makes up its own rules.",Negative,0
"why isnt there zero stars why isnt there zero stars? the dasher kept my food but showed it was picked up? so they kept my food while me and my kids were waiting on our food? and it was my birthday? the dasher didnt respond to my last message and i knew what was up..i waited over 2 hours for my food and the chat message kept saying there was nothing they can do at this point,,take it further!!!!im never using this service again,.there are way too many delivery services available to have to deal with this !!!",Negative,0
booking.com scam i use booking.com to book a 5 night stay at the brooklyn hotel. i experienced an unexpected family emergency and canceled the non refundable reservation before 24 hours. the hotel kept 897.74 of 1015.19 total. nearly 90 of my money. booking.com said there was nothing they can do about it. they advertise this hotel on their site with photo shop pictures. booking.com is apart of this scam. they get zero stars. i would never book a hotel reservation through them again.,Negative,0
love it it is so helpful i made tons of great stuff with canva not sponserd,Positive,2
stop blasting adverts at 3x the volume!!! netflix need to stop showing adverts at twice the bloody volume! literally just got given a migraine and nearly had my eardrum blown out by a dominos advert. sort your shit out,Negative,0
"namaskar namaskar . i wonder why it took us so long to review netflix ? we subscribed to netflix since about 10 to 15 years now . everything started out fine ! then the problem of viewing netflix on a smart tv began . it mostly would say that a certain selected piece cannot be shown .so viewership became localised mostly to mobile phone use . we used the chat box but they are telling that the local network in my country is blocking their signals . however , occasionally they allow you to view a selection but this is rare .",Negative,0
"i am technology challenged and adhd so i am technology challenged and adhd so i had to be coached a bit to create the buttons i wanted, but that said the program seemed pretty user friendly. i really enjoyed using it.",Positive,2
everything has been fine until last everything has been fine until last night the domino's order from hell. the delivery driver delivered 51 of food and drink to yhe wrong address not once not twice but three times. because apparently he cant follow gps. pizza was 2.5 hours late and ice cold. doordash could not find it in their heart to issue even partial refund. avoid this company like the black death they dont deserve your business.,Negative,0
"while temu has nice things while temu has many nice things, their shipping couriers are 3rd rate. temu uses gofo courier services. you cannot get ahold of gofo, even by phone even tho they have a number. speedx is even closer to worthless. no way to contact them whatsoever. both are difficult to track. temu refunded me when the delivery did not come on the delivery date and then days later speedx delivered. amazon has amazon locker. amazon blows temu away.",Negative,0
do not order from this company they are do not order from this company they are dishonest and will take your money even if you did not get the food or they cancal your order they will keep your money,Negative,0
"on my previous review on my previous review, i even left my phone , so why did not she call me? and to top that off she walked right passed me and denied working for door dash . she got my tip too. never again. i feel sorry y for that company ..",Negative,0
"awful service awful service, deliveries always seem to be missing items, customer service is not human whatsoever and never resolves issues properly, promotional offers that they email my account do not work when applied to orders even following t cs . just a scummy company overall.",Negative,0
"please do not book your car hire with please do not book your car hire with booking.com. i booked in good faith for car hire and full insurance only to be charged twice as much by the car hire company for the same services. booking.com were of no help in getting me any refund, i will never use them again.",Negative,0
feed up im so tired of verifying updating my household everytime i access netflix on a different tv in my home. it so darn annoying. i am seriously thinking of dropping this subscription.,Negative,0
"i really enjoy using canva i really enjoy using canva! it s super easy to use, even if you don t have much design experience. there are so many great templates to choose from, and i can quickly make presentations, flyers, social media posts, and more. it saves me a lot of time, and my designs always come out looking professional. definitely recommend!",Positive,2
"horrible issue resolution and penalizes customers. of recent the accuracy is poor ie every time i order meat from the grocery story they charge me for more lbs than purchased. the first time they refunded the price of the meat excessive-i only needed the difference and going forward no matter what s wrong they can t help. the meat was 9. smh. i ve paid for more things that i did receive, and charged once more for more meat than i received. smh. no thank you. best of luck.",Negative,0
"would not refund wrong items would not refund wrong items. this has happened before as well. also, they charged me for a subscription i did not sign up for and would not refund it. i would suggest not using door dash, but use grub hub instead, they have been great.",Negative,0
"biggest scam company ever this company should not be allowed to operate in the united states and should be sued and shut down. they are the biggest scam company ever and i knew that beforehand but i really wanted this one particular product so bad and they were the only ones that had it so i went ahead and placed the order then one week later i get an email from them that the order was canceled with no explanation then i get another email from them after another week saying you have received a store credit. i don t want a store credit i want a full refund so then i finally get to customer service on their chat and their representative was so relentless and trying to feed me a line of crap that you couldn t believe back-and-forth back-and-forth i kept telling them i want a refund. they kept coming back with stupid comments like you didn t receive the package or you want to return the package and they re giving me links to how to return the package and to have to go to the post office and i keep going at it with them saying i never received it. your company canceled it and back-and-forth back-and-forth and then finally they offered me a refund for only half the amount. can you believe a company like this can operate in the united states on such a large platform and be able to and scam people right out in the open like this i went back-and-forth again and finally i got a full refund and then i googled what happened to me and google ai comes back with that this is a known tactic that they tell their customer service people to try and go back-and-forth with them as much as you can so that they will get so disgusted that they will give up and just walk away leaving the credit or just accepting a half refund. i would never order from them again. no one should ever order from them, and they should be sued and prosecuted to the fullest extent of the law for unethical and unlawful business practices.",Negative,0
"i placed two orders each saying i had i placed two orders each saying i had eight free items, but i had to buy something for 5 on one and 8 on the to get the eight items free. i did that. i received both items i paid for, and one teeshirt each for the two orders where i was supposed to get eight free items. where's the rest of my two irders?????????",Negative,0
it took 3 says for a remittance veteran my accounts in usa and germany. it used to be seconds it to ok 3 says for a remittance,Negative,0
"excellent services but excellent services , do recommend to my friends , but prices need to be checked to high",Positive,2
"the absurd i have been a customer of booking.com for several years, but now i have experienced the absurd. now i find myself with a property not being booked any longer because the website says that the owner has cancelled the stay. i had booked time off from work in order to travel to the property and spend 10 days of relax. how can i find something at a similar price in such a short time? to make things more interesting and awkward, the app has stopped me acting because booking has disabled my account. i did not receive no emails, text messages or calls to tell me that the reservation had been cancelled. what if i would have not checked the app and on the presumed arrival day i would have crossed england for over 200 miles for naught?",Negative,0
what a rip off went to app looked at what a rip off went to app looked at local food restaurants decide what i and my friends order and it came to 166 but were a lot of us. checked direct to takeaway and total came to 110. then uber wanted fees to deliver. i understand it to be more expensive to get deliver but greed honestly,Negative,0
i pay to watch my shows movies not ads i pay to watch my shows movies not ads i m tired of it guess this is like regular tv now can t get away with not seeing ads,Neutral,1
"i had a great experience with canva i had a great experience with canva support. they responded to my refund request very quickly and handled my concern professionally. the process was smooth, and they clearly explained everything, making it easy to understand. i truly appreciate how fast and successful they were in resolving my issue. thank you for the excellent customer service and for valuing your users.",Positive,2
don t need to rent a car thru booking. don t need to rent a car thru booking.. learned the hard way. when i arrived at the car rental company. i didn t have all my docs and the kind agent said to me that he cancelled the reservation and i wouldn t be charged.. he referred me to his neighbours and ended up with the car. booking charged my cc and refused to refund me. greed!!! i agree that i booked but since no payment was made to car company charge a fee but don t keep it all.. rent directly with rental car co,Negative,0
"best site for my animations i have tried a few sources to create a animated video and have found canva to be the best. i only wish i could afford to pay for it, but i only animate for fun, so i will take my couple freebies on the free account.",Positive,2
"so much choice thee is only one problem with spotify premium as far as this sometimes indecisive person is concerned. with so much choice, what shall i listen to next. whether relaxing at home or out and about, spotify is my go to choice for music, podcasts and audio books. as well as tried and trusted favourites, i use it as a way to discover new artists and groups, by typing two or three letters and randomly choosing one of the things that appears.",Positive,2
helped me with my issue also helped me with my issue also responded fast after i contacted them with my issue i had. i will be recommending this app for everything!,Positive,2
"7 days to transfer hey matthew, do know that our transfer speed's dependent on factors like payment method, currencies involved, conversion up to 2 working days , bank processing times, security checks, weekends holidays. rest assured, we will aim to send out your money at the soonest possible. read more here we are here to help, please get in touch at or via social media on x, facebook, or instagram. we will be happy to look into it. wise",Neutral,1
spotify makes me mad spotify is awful i can t even choose what song i play anymore and the ads are longer than the songs! it only allows me six skips and won t let me sign into my family plan go to apple music,Negative,0
40 promo offer not given and could not tip driver my first ride on july 31st was fine except for two key things 1 - i was emailed a promo of 40 off 10 max that was never applied to my account! 2 - your app would not allow me to give the driver a tip! i have tried repeatedly! i am very disappointed with uber app for these two reasons. i do not think i will continue to use this ride share.,Negative,0
"this service is very good this service is very good, you can make international payments very easily.",Positive,2
uber sent a driver when we did not call for one the uber app somehow called for a ride i did not need and almost charged us a fee for keeping the driver waiting. we were changing flights in bogota columbia and i looked at my phone and it said we were to meet the driver for a ride to the local mall. we had to board for a flight to lima in 30 minutes! i canceled and became extremely angry.,Negative,0
"locked out, and no support from customer service while on holiday we were locked out of the house, and despite calling customer services numerous times no one would put us in touch with the owners. several times customer services just hung up. we had no way of contacting the owners and ended up being outside in a very high temperature with none of our things for over 4 hours. i am trying to contact customer services again since coming home and i still cannot get through. i will not be using this company again",Negative,0
"friendly driver friendly driver, nice car but long waiting time",Positive,2
needs more to fully manage cash i like the app. but i need some investment platform to manage cash think that wise lacks,Positive,2
netflix only allows 2 family members access at a time in my home without charging extra i have had netflix for many years. tonight i got a notice that there were too many people watching on my account. i discovered that i need a premium account if 3 people in my family want to watch at the same time. i have other streaming services that all allow all members in my family to watch at the same time. some even allow 5 people. why should i have to pay extra to watch netflix in my own home family members only ? i am thinking about dropping netflix completely. i would understand if it were another residence but all 3 of us are here in the same house and are in the same family! you just became the worst of the streaming services and i plan to spread the word!,Negative,0
worst customer service ever worst customer service ever - struggled to get online rather then app to cancel the free trial and then was charged and finally they replied and said they wouldn t refund as given plenty of notice within the trial to cancel - explained i couldn t access account as email didn t work and could renew password and had reached out to them prior and no response - i even escalated the complaint twice and told no refund as my fault,Negative,0
used netflix for a recent purchase andokay experience used netflix for a recent purchase and it was alright. communication was clear and i always knew where my order stood. unfortunately one item arrived damaged and the replacement took a while. would consider them again if the issues get sorted.,Neutral,1
gave me all the tools i need for school use graphics. gave me all the tools i need for school flyers and my pitch decks.,Positive,2
"awful deterioration of price and service this was a really great platform. something's gone horribly wrong in the last 6 months though. prices doubled at least on many products. and in the uk they have now engaged a courier j t express who do not even have a fully working delivery network! they are accepting delivery commitments without actually knowing how they will deliver. and the tracking updates make it look like they did try to deliver and you refused to take the parcel!!! absolute shocking downfall of service levels, prices up, penny-pinching on delivery, and there's nothing you can do about it because couriers are unresponsive, and cannot get your money back from temu until it is horribly overdue. i hope they fix this, but i feel that the consumer is just getting crapped on yet again in the name of profit.",Negative,0
what is this edit system i cannot move what is this edit system i cannot move my songs anymore in my playlists like what is this new update i am starting to think if i want to swap to a different app now because of this it is just pissing me off now,Negative,0
getting fed up getting fed up of paying for rubbish to watch going to cancel next month,Negative,0
it s a great place for creation a lot of useful elements! amazing,Positive,2
its far too complicated and i was its far too complicated and i was unable to transfer money to my sister in australia.,Negative,0
"subscription cancelled things have been getting worse for a long time. it s becoming more expensive all time and on top of that, instead of making it easier to access the platform customers pay for, access is being made more difficult. is this encouraging people to watch legal movies or series? also no! for soft power kremlin propaganda and cartoons promoting soviet army. subscription cancelled.",Negative,0
"just a general review of how spotify works and how it affects people s usage of it. everytime you stop me from playing the tracks i want only i shut the app down and go and listen to music on other app. the reason i still keep using your app and not get rid of it, is because i like the layout and functionality, but as soon as i can t listen to the songs i want to listen to, you lose me a a customer to watch your adverts that you get income from for the rest of that day until the metrics reset. you really need to change your business model if you want to increase your revenue, focusing on keeping non-paying customers on your app for longer and you ll increase your advertising revenue.",Negative,0
netflix are robbers how there you to take my money from bank account without my permissioin i did not do any subscription this is the second time you are scamers and thieves i want my f..... money back,Negative,0
"inconstructuve refunds quite disturbing how temu denies your return package. happend twice now and i can not understand how it is possible. after following the clear instructions giving, replacing the item as you recievd it now they stating no barcodes attached to the product. really the garments do not even have barcodes and i used the same packaging that they sent the item with. this is now the 2nd time temu withheld a refund and within in minutes when u log a claim it gets denied. quite sad po-184-14928897992310009",Negative,0
"thank you for jian so professional thank you for jian so professional. so kind. love canva,love its support .",Positive,2
"purchased several flights through purchased several flights through booking.com. one with animawings and the other one with flyone europe. both scam airlines. flights were paid in full then cancelled without notification neither through booking nor directly. booking.com is washing their hands sending me to deal with the airline which does not respond nor intends to refnd the money. booking.com is gone down big time becoming unreliable and untrusted, disloyal service provider. thank you booking.com for treating a 20 yr customer with the outmost disrespect",Negative,0
"i think thats enough i cancelled my subscription, the quality of the content has dropped drastically. nothing good has been released recently, just some low grade nonsense! id try something else that dosent treat users like fools!",Negative,0
would not let me activate my student would not let me activate my student account,Negative,0
"ridiculous very disappointing experience with uber. drivers put in long hours and spend money on fuel, maintenance and running costs, yet the pay for many trips feels ridiculously low. the fares often don t seem to reflect the time and distance involved. uber needs to start paying drivers fairly and value the people who keep the platform running.",Negative,0
"zero support when problems arose en route booked an accommodation through booking.com and paid fully in advance. when issues arose while we were en route and the accommodation turned out to be unreachable by phone, we immediately contacted booking.com customer service for mediation and assistance. booking.com simply stated they could do nothing for us and merely referred us back to the unreachable host. as a result, we were left entirely on our own while traveling and were forced to incur additional costs for alternative lodging ourselves. terrible support in emergency situations.",Negative,0
i dont like that u have to buy so many i dont like that u have to buy so many templates.,Neutral,1
"scammers charging uber one membership with no transparency! good service from taxi drivers but today horrified to see two uber one membership charges on my credit card when i never knowingly subscribed to an uber one membership - this stinks of a scam! i had no idea what uber one membership is, that was until i saw two charges on my credit card! the app is cunningly designed to sign you up to uber one without you realising, there is no transparency at all. agents are trained to be highly sympathetic and say this has happened to them, so their agents are trained to be part of the scam. these scammers must be making a fortune from unsuspecting customers. rotten unethical scammers! shame on them!",Negative,0
i order from temu regularly and have i order from temu regularly and have never had any major problems. but since they started using j t express for deliveries its been a nightmare! my tracking has been stuck on out for delivery for 9 days now and still no parcel. nobody from j t express replies to messages or emails and temu just tells me to wait longer! if temu continue to use j t express i will no longer order from them.,Negative,0
"love the family account love the family account, my 4 children can also enjoy their playlists",Positive,2
"a strange start i made a contract on june 26 and paid immediately. last night netflix kicked me out. there is a problem they said as i would use a vpn or something. i have no vpn but could not continue watching, anything. i looged out and in again, then i had to set up my account completely, which was weird. then i received an email that they charged me again. i wrote to the customer service but the email bounced back. i do not like that. if there is no help there is no trust. this morning i had an email saying i would have used another device - which is completely nuts as i only have one computer. this is really a strange start with netflix.",Negative,0
"no real customer service, horrible if you need any changes foreign company. no way to call us based agents to change reservation. they force to a chat that takes forever and after a long wait they state you need to wait for another department to review your request. will never use them again. it is like anything i have ever experienced.",Negative,0
i have had two different orders i have had two different orders delivered to wrong address or stolen by driver even after texting or calling the driver they made no attempt to rectify the delivery. i had to deal with constant run around getting my money back for my orders they are the worst and delete my account they told they couldn t refund my money on my last order to to their refund policy. they will not ever get my business again.,Negative,0
"they are a truly unaccountable service they are a truly unaccountable service. they stack deliveries on drivers and the drivers are horrible. they end customer service chats, even when you have no resolution. just try something else. uber eats, or just ordering from the restaurant. it is not worth it at all.",Negative,0
"booking.com canceled my reservation without my permission i booked a two week reservation at a stay usa hotel in hot springs, sd. i had some scheduling issues, so i called the hotel ahead of time and told the employee on the phone i would not make my first night of vacation. the hotel put in the notes i would not make it in on friday, august 7th. when i showed up on august 8th, the hotel employees did not have a room for me. this is unacceptable, and i expect a full refund and all of my venture credit card reward points back. the fact that booking.com can update my reservation to a no show without getting in touch with me first should be illegal",Negative,0
"starts with the last episode! this is the second time i have started watching a thriller series and the app auto started the last episode, not the first. half way through, after trying to piece it all together we realized it was the last episode. great job netflix! why bother making tv shows if you are just going to ruin the ending?",Negative,0
i recently watched immortal man and was horrified to discover tommy shelburn was killed. the actor who plays is son is a dreadful actor. please dont make anymore episodes. you have ruined the series f... see more,Negative,0
"original booking for property was original booking for property was unexpectedly cancelled. as a gesture of goodwill, booking had offered partial refund. receipt of an alternative booking for the same period needs to be uploaded to provided link send in an email. guess what, link does not work. if you try to contact them, ai agent picks up - no other alternative. since it is useless, it directs you to send message to customer service - but guess what, message cannot be sent. then it offers you to call customer service, but less that 1min into the call, it drops it. i tried multiple times, every time it ends the same - you simply cannot contact anyone. god forbid you have mayor issue with accommodation booking - you will not be able to contact a living soul or resolve anything. probably you will have to say goodbye to your money or take them to court. in any case, you lose.",Negative,0
"a huge disappointment i was sorry to have to write such a negative review. i opened a new uber account which i have now deleted. the first taxi ride was positive with being on time and a friendly driver. then i booked a taxi and the driver never showed yet they still tried to charge me. customer services kept me going round in circles and then simply ignored the issue so i blocked them from any further transactions and deleted the account. my advice avoid , look elsewhere or at local companies instead.",Negative,0
one of the worst online platforms ever one of the worst online platforms ever i visited. i order an item and it s 15 days and still says that port need to clear. pathetic,Negative,0
"absolutely terrible experience absolutely terrible experience. i placed a 104 pizza hut order and never received it. instead, the driver delivered one random chipotle box that clearly belonged to someone else. i sent proof and explained that i received the wrong restaurant s order, yet uber eats still refused to refund me after their so-called investigation. i paid over 100, received none of my food, and was left with a generic denial instead of actual customer service. completely unacceptable.",Negative,0
"horrible service and property if i could give them less than 1 star i would! 1st, the property they represent at 2500 pennsylvania ave washington dc is terrible. dirty, poorly maintained, and a c barely working. we we discussed with front desk personnel who were high and reeked of pot were not only unhelpful but were rude. when we called booking.com customer service, they also were completely unhelpful and disconnected the call multiple times. we filed a dispute which they have denied with no means of contacting them. do not use booking.com.",Negative,0
"it is easy and fast to manage. it is easy and fast to manage. my money grows while i sleep. i also appreciate that they do not constantly bombard me with questions like other platforms, whether about taxes or other regulatory matters.",Positive,2
"erroneous billing i started a purchase, but never confirmed it. i was then debited 48.12 and 63.47. these purchases do not show up on my temu account under history. i contacted them and could not get a live person. the chat was useless. i then had to block them from my bank, so this is the last time i will order from them. not recommended.",Negative,0
never trust this service.. never trust this service... they charge more than what is shown in the app before the trip. they charge lot of money after the trip. it is a fraud. please do not use this service. i lost my money through multiple rides.,Negative,0
"reservation 6387445410 utropolis 2r1b reservation 6387445410 utropolis 2r1b on 18.7.26 to 20.7.26. very bad booking.com advertise a property that is not available, cannot be contacted. no refund from booking.com. no responsibility by booking.com. excuses from booking.com is complaint after booking date. this is a scam. booking.com is not a trusted platform . unverified properties listed. scam",Negative,0
"great way to travel with the wise card great safe way to travel i love using my travel card, and i love the freeze option. and how wise offer great exchange rates.",Positive,2
"will not let you use what you have paid for banned me from using a service i have paid for while in a different location to my home. this is a joke, i will be getting my money back and i will refuse to ever use this rubbish service again!",Negative,0
i think it is a shame that a corporation i think it is a shame that a corporation as big as netflix would charge extra for family members they should be thanking them for watching netflix and not crucifying them with extra money just to have netflix all of it corporate greed netflix a billion dollar company and still their rude to their own customers bye charging all family members about 20.00 dollars extra unbelievable and disrespectful. like i said it is corporate greed we get poorer and they get richer unbelievable.,Negative,0
"i received an email asking for more i received an email asking for more information. i logged in to my account and it says i have an email i have to action, but the page doesnt open. i dont know if my money is transferred or not. confusing service",Neutral,1
great streaming service great streaming service the pricing may be the downsides but this is a great way to watch shows and movies,Positive,2
"issue signing up title doordash verified my identity, but system locks onboarding due to old account glitch.review the doordash operations team explicitly reviewed my submission and sent me an email stating we reviewed your submission and were able to verify your identity. you can now head back to the app, finish signing up, and submit your background check. however, when i go back to the app, it is completely locked by an error saying it looks like you already have a dasher account. it is matching my verified id to my old, inactive email address j.....................i previously requested doordash to cancel and remove that account, but they failed to purge my data from the backend database. i need a corporate specialist to manually unlink my information from j.................... so i can submit my background check like their email says.please contact me and update my file at my current email address d..................",Negative,0
murderous demons honte la chine jieyong ! torture et mise mort d'animaux. chien tortur et br l vivant. shame on china jieyong ! torture and killing of animals. dog tortured and burned alive. justiceforwangwang boycottchina,Negative,0
"never use booking.com ever i booked flights to canada through booking.com before reading any reviews which is my first regret. my flights were cancelled by airline at short notice and i was unable to speak to anyone. after booking my own flight direct with another airline and arriving in canada safely, i attempted to call westjet and booking.com over days with no solution except each company pointed to the other. staff at booking.com, when i eventually got through to a human being, were extremely rude and lacking in any care whatsoever. they repeatedly gave me false information and ignored my plight. it s nearly 24 hours since i was promised a call back from a supervisor in a couple of hours . even after repeating their legal requirements they pointed me back to westjet. this has left me completely stressed out and spoiled at least 2 of my holiday days. do not use booking.com ever. they just scam you and nothing for their customers",Negative,0
netflix is ok not enough american movie netflix is ok not enough american movie do not really like to read when i watch a movie or word do not match the voice they be good but more americans movie unless netflix not a american business.but i still pay every month.not saying i do not like the movies just want more americans movie.,Neutral,1
"0----rating 0----rating! absolutely atrocious customer service. i have used the site many times before to book accommodation which has been fine. on saturday i booked a hotel in copenhagen and was offered flight through the site so i booked them. i then got a message stating 'your booking is pending airline confirmation'. this was over 48 hours ago and i have tried to contact customer service several times but their ai bot cannot help with flight bookings. absolutely no humans to talk to, no way of contacting them on the phone about a flight booking and the email responses ask for more information that is already in the email and then do not come back to you. i have no idea if i am booked on a flight or not as money still pending in my account. stress and time wasting chasing i could do without. i will never use this site again. its scandalous!!!!",Negative,0
"the desktop app works fine for playing the desktop app works fine for playing my daily mix while i work, no real complaints there. lately, the mobile version keeps dropping my downloaded podcasts when i am driving through areas with poor signal though. hopefully, they patch this soon.",Positive,2
"things have been getting worse for a long time. it s becoming more expensive all time and on top of that, instead of making it easier to access the platform customers pay for, access is being made m... see more",Negative,0
no contact number they take your money no contact number they take your money and will not talk to you wtf,Negative,0
"be very careful with uber! i had a terrible experience. the driver simply drove away, and despite the fact that i did not receive the service, uber still charged me and then added an additional cancellation fee. this is completely unacceptable. customers should not have to pay when the driver leaves without completing the trip. in my opinion, uber's handling of situations like this is extremely unfair and feels like a complete scam. the worst company i have ever dealt with. stay away from uber and always check your charges carefully!",Negative,0
"customer support does not exist here their rating 1.5 5 on trustpilot is well deserved. customer support does not exist here at all. it took me more than a month to find a solution to my case. it was a straightforward case, but since their support never cared, i had to waste so much time with them. i was on twenty very long calls with them. maybe even more than 20 calls. long story short, stay away from booking.com.",Negative,0
"i m really disappointed with netflix i m really disappointed with netflix. the prices keep going up, but it feels like the quality keeps going down.",Negative,0
door dash will scam and fraudulently go into your account door dash charged my account for a monthly 9.99and a yearly 96.00and which i never signed up for when i called and further when i put my card in it asked me did i want to use my card for my door dash pass i said no an made sure but after i ordered doordash not only took 9.99 out my account but then took 96.00 also for the same thing when i called they told me that they could refund me 9.99 for my monthly but not the 96 for the yearly in which i never wanted or signed up for i m very disappointed and upset why in the hell would i want a yearly pass over a monthly an further tell me when we cancel both but you can t get your money back for the yearly so i have a yearly door dash pass that i will not used because doordash fraudulently went into my account in took money for something i never signed up for nor did i want and i do not recommend nobody to use doordash at all they will scam you and this is real facts.,Negative,0
they gave me clear instructions on what they gave me clear instructions on what i need to do in order to get access back to my paid account,Positive,2
"i would score 0 if possible i would score 0 if possible, placed request told confirmed then 5 minutes later told bust and they cancelled this happened 4 times whilst price increased every time. all cancelled by them.",Negative,0
"go woke go broke... nothing wrong with the service or quality of streaming. what i take issue with is with all the woke directing that is being forced down our throats. for example, the witcher season 4. there is no need to have multiple homosexual relationships in a show that is supposed to be about geralt and ciri. also, the casting is clear woke ideology that is not true of the original material. i can see why henry cavil was not happy with the direction of the show. there are other examples of ruined shows such as the last airbender that has terrible casting and actors. simply, stick the source material and keep true to it. go by what the fans want not your female hr department and it is dei agendas.",Negative,0
"attrocious temu temu kept on making mistakes when refunding me. first they added to my account as credit, then they tried to transfer the money from the credit on my account to my credit card account. they put it in, but it is showing as pending. customer services are frustrating.",Negative,0
"excellent customer service! i recently had an issue with a subscription charge that i was not aware of. i contacted canva support, and they responded incredibly quickly and resolved the issue within minutes. the refund was processed without any hassle. i really appreciate how helpful and responsive the canva team was. thank you, canva!",Positive,2
"netflix literally turned into a scam. netflix literally turned into a scam. they but promotion spaces, for movies they dont have. if you google and ask if a movie or serie is on netflix it appear so, untill you try watching it, and you can get a reminder when they movie is on netflix its false advitisement and highly illigal, but somehow no body is doing anything about it. is it that hard to make them comply with the law ?",Negative,0
ordered a cheesesteak that was never ordered a cheesesteak that was never delivered. dd would not refund payment,Negative,0
"occasionally good, mostly awful ive used temu a few times, you can get some decent items from there. it is a chinse marketplace, so you get knockoff goods, some poor quality stuff, but also get access to some decent stuff too, at prices which are reasonable. any problems, and returns and refunds are simple. until they are not. i recent bought an item that was not as described at all, and went to complain. i was offered a 10 voucher, which could be used to take the price off any 10 spend. thats any spend. i accepted it. it was 3 less than my items value, but i was able to keep the item which i have since binned because it was more useless than i thought . so i checked some items i wanted, added them to my basket. knowing there was a 15 minimum spend. i got 15 of items... and got told i still needed to spend 10. because my voucher removes the payment before checkout, so checkout does not meet 15. bit of a scam for a refund aint it? my refund of 10, is now locked behind me needed to buy 25 of items, and spend 15 of my own money. so i have to give them 150 more than my refund, to get my goodwill apology i complained, and got given an upgraded 15 credit voucher. which i added, and went to my basket... now i need to spend 15 more. because my voucher wiped out before checkout again. so its not credit, its a scam to get me to give them more money. i explained this again, and how i am pretty sure that offering a refund that is then paywalled, must break some sort of laws. i got sent a breakdown of how lucky i am to receive offers and coupons from them, and they are sad that my coupon didnt meant my expectations, but to keep looking out as they give new coupons daily. again, this was not a bonus coupon, it was meant to be a refund! i told them again, and got told sadly there is nothing they can do. i now have no coupon timed out whilst waiting for an answer, because you only have 48 hours to use the refund coupon, probably to force you to rush into a nonsense purchase and i cant refund the item anymore, because it is already been processed for its one off bonus refund which was the lame voucher and even if i could, once i was told to keep the item and i would get the voucher, the item was binned like i said, i have had good experiences with the company. plenty of useful items for the house, that are genuinely cheaper than other options. but this experience has just left me uninstalling the app, not that its stopped them from sending me 10 texts and whatsapp messages daily.",Negative,0
"very bad experience overall very bad experience overall. i hosted a property on booking.com and this website overall is so bad. you cannot see guest profile rating at all to ensure guest is safe to host or not neither you get the chance to approve guests as it is automatically approved by booking.com which means almost anyone even a criminal or an over drunk can book and walk in your property. host has no option to review a guest even if the guest is a criminal over drunk and damages your property. the only option is to complaint and basically you are not hearing back anything from booking.com. the website is also too difficult to use. the process of contacting them is really complex, making changes to the property is also the same thing. i would prefer airbnb any day over booking.com for hosting the property for a safe and smooth process.",Negative,0
very bad they promise to give 9 gifts very bad they promise to give 9 gifts but they only give 3 gift this is unfare,Negative,0
customer service hung up on me 8 times customer service hung up on me 8 times and a manger hung up on me twice. take your business to uber eats trust me,Negative,0
"horrible account security and even worse customer support uber locked changes to my account over an unexplained 50 usd charge. i repeatedly told them i believed it was related to a fraudulent gift card transaction i had reported in april, which my bank fortunately blocked. instead, uber support repeatedly claimed the 50 was for a trip on a day i did not use uber, in usd even though we are in canada and i have not been to the us in two years. there was also no record of this supposed trip in my uber history. i asked 7 times for basic details about the transaction. instead of answers, i kept receiving generic responses telling me they were happy to help and that i simply needed to pay the 50 to unlock my account. eventually, i had to call uber's emergency support number just to speak with someone who would actually investigate. the charge was finally removed after their security team determined my account may have been accessed illegitimately. they suggested someone had obtained my login credentials, despite my account already having a complex, randomly generated, unique password and 2fa. then uber contacted me again and finally confirmed what i had been telling them all along the 50 was the fraudulent gift card purchase from april that i had already reported. it was never a trip. the fraud itself is concerning. the fact that my bank protected me when uber did not is worse. but spending hours dealing with support agents who repeatedly gave me incorrect information and asked me to pay a fraudulent charge was what really destroyed my confidence in uber.",Negative,0
"they were so kind and patient they were so kind and patient, taking the time to help me understand what was wrong. they did not take long to answer, and i really appreciate their teamwork.",Positive,2
anything!! please can you let me watch the credits!! jeez. amazing film or series and i cannot stop you playing something else or exiting from the entire show. absolutely infuriating. such an awful end to an experience. please please please bloody change this. it is so simple. it is so bloody infuriating. i cannot give any feedback other than saying i hate a show or film. let me watch the ending without scrambling for the control and desperately trying to clock buttons to keep it on. stop this!!!!!!,Neutral,1
"great app great app, but paid version, free version has too many ads and destroys the sense of music.",Neutral,1
"wise is fast and reliable wise is fast and reliable, it was never let me down",Positive,2
"easy to use easy to use, excellent design platform.",Positive,2
stay away from this company stay away from this company twice i ordered and twice the item did not arrive and they would not refund most rude,Negative,0
tubi had a lot of the same and if u tubi had a lot of the same and if u start watching a show don t exspected a end because they cancel everything,Negative,0
"ghost customer service you could improve by being able to contact customer service when you make a simple button push mistake!!! after trying to cancel an order from uber eats, but getting no where on the 'chat' uber said is for support. it is really to test your patience people. there's no support. i called the place i ordered from to day oops i pushed pick up, not delivery, since i could not get uber to help, and the move woman at the restaurant called uber. she called me back, giving me a number to call, instructed by uber. i called the number and it said sorry er no longer have customer service via telephone! only that terrible chat. so i was out the 20 bux and wasted a deal. the next morning i finally got a live rep on the chat. i explained it all, and she said, sorry i know that's frustrating, but i cannot refund you since the store has to be paid for the food they made. i said then why could not i get anyone last night to cancel the order? nothing. crickets. i said cancel my membership.i was sent a prompt on how to cancel. i am extremely disappointed and switched to door dash. they have great customer service, even if the prices are a lil higher. i am sticking with a higher cost for less headaches. sure was hungry last night. uber is just a scam. picking longer routes than needed to charge more, the inability to get help when they screw you over.... it is obviously all about money, not customer loyalty at all. what happened to integrity people?",Negative,0
"why are the ratings so low? why are the ratings so low. netflix is used every day in our house, selection and quality of tv series is really good. price plans have steadily increased but that's ok by me",Positive,2
"i was brought two identical dresses in i was brought two identical dresses in different sizes . the larger size was smaller and totally different colours. showed them photos and they said return via evri . we used royal mail as don t have evri shop . temu cancelled royal mail so can t return. so they won t it s broken and they won t help . they say send back by evri hope you understand. also got a light that won t work , got the same reply. so selling faulty goods but unless you have evri they won t help . kept saying don t have evri . they won t listen. so will now not be using this company unless it s sorted. shame i can t add photos or their correspondence.",Negative,0
worst company in the world poor service worst company in the world the customer service is complete crap. i had a friend give me a door dash gift card bc i had to put my dog down this week and i had four confirmed orders in my door dash this week and get to the restaurant and they say they never received it and this is a common issue with doordash. i call doordash and they go we will get you a refund within 24 hours for your credits. i say what can you do as this has ruined my dinner for four nights this week and they go i get how you feel but there is nothing we can do for you. this company can burn in hell.,Negative,0
"very good service very good service, reasonable service fees, very quick transactions and delivery to the destination account.",Positive,2
they listened to me and changed a they listened to me and changed a decision. i am grateful for the ability to use canva education.,Positive,2
"great customer service great customer service, canva policies are good but with understanding and courtesy to people. great app, will surely use again.",Positive,2
"spotify is getting worse as a spotify user of several years the app is becoming increasingly frustrating. it repeatedly pauses during play, plays tunes that have not been selected and generally seems sluggish. ant queries to spotify are met with the usual uninstall reinstall reply. i also still have to listen to adverts on podcasts despite paying for premium. the service has been deteriorating for quite some time and i am now actively looking at other options.",Negative,0
"misleading and illegal appalling customer service. illegal practices. completely misleading. i have now had a holiday ruined by booking.com and lost hours of my life trying to complain and get my money back. i put a complaint on line which was ignored, then a formal complaint. they said they were refunding me but after 3 hours today that's not true and they have removed all traces of my complaint from their on line system. they are completely unprofessional, illegal and misleading. i will never use this company again. i will be persuing through the courts.",Negative,0
"i spent 6 hours trying to fix being i spent 6 hours trying to fix being overcharged and ended up cancelling the whole order. i will never, ever buy from this deceptive company again. it is no longer all that cheap for what i buy which is beads. i am disgusted. temu claims it needs more information from me. if, after hours of trying to deal with them, the do not understand, there is no hope for them more disgusted than ever. they keep emailing me although i made it very clear that i do not want to hear from them i would never shop there again. i even unsubscribed but the emails landed in my mailbox anyway. with all the one star reviews they have gotten, they should understand that you cannot treat customers badly and expect them to keep buying.",Negative,0
"i tried to subscribe to spotify and it i tried to subscribe to spotify and it replied saying that i did not meet their age requirements. since i am over 50 years old, i cannot get an answer as to, how old is too old for spotify? since i am clearly not too young. i got sent to a robo chat to inquire as when are you too old for spotify? i balked when they wanted my cc number to charge m 5 to talk to a technician. i have lived this long without spotify, so i guess i will be good living out my remaining continuing to do without.",Negative,0
new customer no more new customer to doordash had 3 orders total. first 2 were great experiences. i even left a great review for each order and the driver. last night i was feeling snackish and i ordered some cookies and cheesecakes from 7-11. the driver arrived in a timely manner and asked me if 7-11 had contacted me to which i replied no. he told me they did not have any cheesecake in stock so there is none in the bag. he asked i sort that out with doordash for a refund but to let them know it was the store not the driver. i then escalated the issue through the app. there was no option to take a photo. i reported the missing cheesecakes and it went under review. i then after that discovered they also sent me the wrong cookies as well but could not report that because they were already reviewing that. i wake up this morning to find out my refund was denied. i called customer service ans was denied a refund again after explaining everything above. i let the lady on the phone know she ws very pleasant but seems to me that doordash has some really poor procedures and policies and i would no longer be a doordash customer after this. so i just paid 25 for 12 worth of cookies. such bs,Negative,0
it is a huge mistake getting anything it is a huge mistake getting anything from this place. i ordered a few items so far either it is junk or wrong size. and forget the free stuff they never sent what you chose. horrible service . waste of time i would not have left one star.,Negative,0
uber steal your money even when looking uber steal your money even when looking at a menu. i would not recommend them. thieves. unauthorized transactions.,Negative,0
"lying scammers using artificial lying scammers using artificial intelligence. on august 8, 2026, i booked an apartment in karlovy vary. the money was debited from my account, but i did not receive any confirmation, pin code, or other documents from booking.com. no booking information appeared in the app either. despite the fact that these liars claim their customer support operates 24 7, i received no response to my numerous inquiries over the course of three days. instead, i received two emails titled new information regarding your request, which read verbatim dear guest, greetings from the booking.com customer support team. we d be happy to assist you with your reservation, but first we need some additional information from you. please reply to this message with as many details as possible, including confirmation number and pin email address used for the booking name and location of the property check-in date and check-out date it seems that booking s customer support not only can t read but also can t distinguish between letters at all. because i ve sent them all this information at least four times in my inquiries. moreover, i repeat this information in my replies to emails from booking. and i receive the response address not found. the message was not delivered because the address cs-noreply-booking.com was not found or does not accept incoming emails. in other words, my money has been successfully stolen!",Negative,0
"my order from wendy's was 32 mins late my order from wendy's was 32 mins late and cold. the burger,chicken sandwich, fries, and cookie was cold. i watched the driver sit at a location for 20mins not moving. i kept implying by text to dalton about my order with no reply, so i called twice and got sent to voicemail. i contacted support and they asked for a picture of all the food, so i showed it. they denied me a refund for my food being 32mins late and cold because of driver. mind you wendys is only 10mins from my house. i am an army veteran and never been treated like this before.",Negative,0
"i used to think netflix was brilliant, now it is just terrible, what's happened to making brilliant documentaries like making of a murderer. and do not f k with cats to name a couple and tv series like... see more",Negative,0
i work for them as a driver we get treated like garbage and paid like trained monkeys .. peanuts. i work for them as a driver we do not get paid much average pay is 3 dollars for 6 mile drive. customers tip their waitress for walking to the kitchen but not the driver we drive 10 15 miles in the heat cold rain day night holidays and we get almost nothing from customers. i had one tip me a penny and because of that he was labeled a good tipper. any mistake regardless is blamed on the driver. restaurant leate smile and take it you are late you lose you rank and lose jobs regardless of why. slow traffic traffic congestion traffic construction late resteraunt it falls back on the driver. we get treated like shit from both customers and the company. the staff usually treats me good is the only up side.,Negative,0
canva is a great resource for creators canva is a great resource for creators. it s a treasure trove of helpful templates and intuitive features. much appreciated and highly recommended.,Positive,2
"my experience with booking.com was very my experience with booking.com was very disappointing, especially when it came to customer service after booking. i had a very simple issue with the passenger s name just one incorrect letter. i contacted the airline, and they told me that the correction had to be handled by booking.com because the ticket was booked through them. when i contacted booking.com, they told me to contact the airline instead. i was basically sent back and forth between booking.com and the airline, with neither side taking responsibility for resolving the issue. the problem itself was very simple, but the lack of support and the poor after-sales service made the situation extremely frustrating. based on this experience, i would not recommend booking flights through booking.com, especially if you may need any assistance or changes after making the booking.",Negative,0
"i wish i could give negative stars zju i wish i could give negative stars to this company! i ordered almost 300 and stuff, but they sent it to my old address. and they kept on sending it no matter how many times i corrected them and tell them they were sending it to the wrong place. not only did they send it to the wrong address but since i no longer live there they were left on the road and somebody picked them up and stole them and the couple that they actually threw over the fence were destroyed by the dogs of the people who live there now. this is a horrible company. if you wanna take your chances that you will actually get stuff when you send them their money go ahead but i have already played that roulette",Negative,0
"ordered some kettle de scaler and they ordered some kettle de scaler and they delivered oven cleaner instead, then sent me an email saying the claim to change it was denied! was my first ever purchase for delivery like this and will be my last.",Negative,0
"always good rates always good rates, and an easy to use app.",Positive,2
"3 months no refund no proof and rude customer service title 3 months, no refund, no proof, and rude customer service i booked a flight through booking.com which was cancelled by the airline air tanzania . it has now been over 3 months and i still have not received my refund. when i contacted customer service to ask for proof that the airline is even processing the refund, i was told they cannot provide any proof and my chat was disconnected without resolution. i was spoken to rudely and given no clear timeline, no documentation, and no accountability. for a company that takes payment instantly, this level of delay and lack of transparency for refunds is unacceptable. i would not trust booking.com with a cancelled flight again once something goes wrong, they offer no support and no evidence of progress. i am now escalating this through consumer protection channels since booking.com support has failed to resolve it.",Negative,0
"is a milestone hello, thank you so much for the 5 stars! helping our customers reach their goals across borders is what we re all about. we re honored to be a part of your journey wise",Positive,2
fantastic system saved me a lot! fantastic system saved me a lot of money in a dollar company. new features make it speedy to change money from us companies or send anywhere else.,Positive,2
i love canva i love canva. i designed two book covers and found the program super fun and creative. the sky is not the limit with canva. i highly recommend it!,Positive,2
"netflix pulled a movie before its end date! netflix published a last day to watch date for a movie the creator which was today june 20. i confirmed the date with google and also checked that a movie leaving the netflix platform should be available through 11 59pm pacific time on the published end date. well, netflix pulled the movie before that cutoff so i ve spent about two hours and did not get to see the end of the movie. i tried chatting with customer service but that was also a waste of time. netflix is not recommended.",Negative,0
"too many ads too many ads, i wanted to listen to jiafei.",Negative,0
"avoid temu avoid temu! huge scam with local warehouses and delivery times!!! i want to warn everyone against buying on temu because what they display under their products is pure manipulation and misdirection. 1. the mythical local warehouse and 2-day delivery promises of 2 working days delivery or shipping from a local warehouse are an absolute fantasy. in reality, everything comes from china. there is absolutely no way the delivery frames shown under the products are realistic. the truth is the package travels from the other side of the world, and the actual waiting time is a week or even longer. the best part? you only find out where it is actually shipping from after you pay. 2. my personal experience i ordered a pair of trainers that were supposed to be in a local warehouse with promised 2 working days delivery. what actually happened? exactly what i just mentioned they shipped them directly from china. i have been waiting for 5 days now, and they are still in transit. 3. the worst possible duo temu evri to make matters worse, they use evri for delivery hands down the worst courier out there, who is never on time. my other parcels are constantly delayed because of them too. honestly, it s just a complete waste of time. summary comparing temu s service to amazon is like switching from a mercedes s-class to a fiesta. total disappointment. do not waste your time!",Negative,0
"if i could leave a -10 star review if i could leave a -10 star review, i would. by far the most horrible experience i have ever had with a third party booking site, there was a change in schedule of our flights, and they did not accommodate enough time with the extra layover. so our last two flights departed at the same time, causing us to completely miss our third flight. they have been impossible to reach for a refund or fix for this situation, so we forked out another 2000 to get an immediate flight, doubling our cost this trip.",Negative,0
shuffle play just plays the same songs shuffle play just plays the same songs all the time and even repeats them! so frustrating and i ve had to delete certain songs ha that i love because i m sick of it picking those ones and it s actually put me off certain songs i used to love!,Negative,0
i ordered food thru doordash earlier i ordered food thru doordash earlier this afternoon to be delivered between 10 and 10 20 p.m. and got it closer to 10 40. the messed up part is i ordered the food from right across the street and instead of receiving my food right away they go several minutes away for another order instead of taking 2 minutes to just drop my food off so my food was cold and my chocolate shake was basically chocolate milk. i spend alot of money through doordash a d this is ridiculous to be treated like this. i contacted customer support and all they pretty much kept saying was my food will be there in just a few minutes and sry they cannot help me yada yada yada. you would think considering how much money i spend thru them and being a loyal customer they would give me credit or refund or something considering the situation,Negative,0
"so called free trial' i signed up for a free trial' on spotify's audiobook subscription and i made a date on my calendar to cancel the trial before it became chargeable. unfortunately this cancellation mysteriously vanished and they charged me the full amount, despite the fact i had not used the service for even a second. i spent the best part of 2 hours trying to remedy this without success. they said they send an email out confirming cancellation but having cancelled for second time i still have not received this email. just rubbish customer service and avoid their so called free trials at all costs!!",Negative,0
"shocking content standard - hosting offensive racist tropes i am deeply shocked and disgusted by the movie a remarkable tale lo nunca visto on netflix. it is absolutely unacceptable that a global platform like netflix approves, hosts, and promotes a film with such tone-deaf, racist themes and offensive stereotypes. treating black characters as flat caricatures belongs in the past, not on our screens today. netflix needs to take accountability, review this content, and uphold higher standards of respect and diversity. matilde mendes aremarkabletale lonuncavisto netflix contentcompliance",Negative,0
horrible customer service! horrible customer service!! i ordered food advertised as vegan animal product free and received the meal...filled with dairy and cheese !! something im allergic too. customer service was no help. gosh false advertising!!!,Negative,0
food from shakeshack had mold on it food from shakeshack had mold on it which is a serious health hazard. i was denied my refund because it was first order. the supervisor olivia told to dispute with my bank and get them to refund my money.,Negative,0
just ordered dinner just ordered dinner. the guy was taking forever and saw he was at my location. so i went downstairs to the lobby to see if he was lost only to find a massive mess in my lobby and huge trail of food on the ground pozole . he didn t tell me he dropped it. i had to find out for myself and that s what i spent my friday night doing.. cleaning up his mess and mopping my lobby floor. he ended up going back to the restaurant and getting a new order.. but the food took 2x as long. for the inconvenience door dash only gave me back 5 i feel like it should been more but they said that was the max they could do. terrible customer service! use uber eats instead.,Negative,0
"i dont trust im not getting robbed i dont trust im not getting robbed , the purchase says it goes threw then tells me to verify payment method but one 5mins later is fine. was supposed to get a 100 credit for buying all this shit and never received and most of my items are worthless junk. nothing i actually want ever actually shows up but never any record when know i bought it every so often find something thats worth buying but over all dont waist ur time",Negative,0
i had the wrong order delivered i had the wrong order delivered. i called doordash twice. i was. harged 47. what i received eas a disgusting item costing 13 which had to be thrown out. doordash said they talked to the metchant who would issue a credit. i never got the credit.,Negative,0
"awful costumer service awful costumer service i have tried many several times to cancel my hotel bookingnumber 6678518214 but it seems impossible. i have called and got a number to a danish agent who never answered og called back. i have wrote mails too but nothing worked. when everything goes smooth, it is ok to use booking.com but when things goes wrong you get no help from a person, only a machine who do not understand what you are saying. do not use this company....",Negative,0
"this experience was awful this experience was awful. i ordered a grocery delivery, and my dasher was extremely rude from the very beginning for no apparent reason. she them delivered my groceries to the wrong apartment. when i reached out to her asking where she left them, she immediately started blaming me and saying they were left at my apartment and if they were not there, then i put in the wrong address. even though i have been using doordash for awhile and gave never had them deliver to the wrong address, i still double checked, and my address is 100 correct. i asked her to at least come back real quick to show me where they were and she just kept yelling at me and telling me it is my fault and that i was interrupting her night. so i reached out to doordash, and their solution was a 15 refund. my order was 52, and they are going to refund me 15? so they finally said they could redeliver, which i was basically forced to do so i did not lose 40. which means i had to cancel my plans to stay home for the order. so the redelivery goes smoothly, delivered without issue. so i contact doordash again to see if they can give the tip i gave to the first driver to the second driver instead. they said they could do that and it would be taken care of. all of a sudden i get an email that they have charged me an additional amount for the tip! instead of transferring it like they said they would, they charged me for it, which i never authorized. then when i reached out they said they could refund that additional charge, and when they did they only refunded part of it!! overall, a 3 hour nightmare and i am officially done with doordash.",Negative,0
someone used my credit card twice to someone used my credit card twice to make their own purchases.,Negative,0
"1 5 1 5 extremely disappointing experience my experience with temu was absolutely terrible. i feel that many of the advertisements and offers on this platform are designed more to push customers into buying than to provide a transparent and fair shopping experience. the supposedly amazing prices, constant discounts, limited-time offers, and various promotions can make you feel like you re constantly being pressured to purchase. in my opinion, it s very difficult to trust this platform. if you re thinking about buying something, make sure you carefully check the actual price, return policy, additional costs, and reviews from other customers before paying. personally, i m extremely disappointed with my experience and i do not recommend temu.",Negative,0
stupid commercial on tv stupid commercial on tv - says it is free - duh - costs 100. to get a doordash before you can order their jacked up prices,Negative,0
"bad design slow launching, not allowing to share liked songs, not being able to copy and paste lists of songs.",Negative,0
"uber never again. uber permanently deactivated my driver account, accusing me of being linked to fraudulent activity through a duplicate account. they provided zero evidence, zero explanation, and zero information about which account they claim is duplicated or what policy i allegedly violated! when i asked specific questions, i received nothing but copy-and-paste template responses that completely ignored every single one of them. making a serious allegation of fraud without providing any facts or allowing a meaningful review is unacceptable. if this is uber's standard of customer support and account investigations, it raises serious concerns about fairness and transparency! by the way, in my experience, uber consistently paid me around 3 5 less than the fare shown when i accepted each trip. if you are a driver looking for a platform that values fairness and provides real customer support, choose bolt instead. based on my experience, i cannot recommend uber. extremely disappointing experience.",Negative,0
easy to use very good exchange rates and very easy to use. highly recommend.,Positive,2
"falling standards, widespread scams, and zero corporate accountability my wife and i use uber frequently, but the service has dropped significantly while driver scams continue to rise. after speaking with our daughter and reading threads on r australia and r australian, it s clear thousands of commuters are facing the exact same issues. while uber allows you to report a specific driver or trip in the app, they make it virtually impossible to contact corporate management about systemic platform failures. there is no listed corporate email or direct line to lodge a formal complaint. uber hides behind automated app menus, shielding itself from accountability while quality falls and driver scams go unchecked. riders deserve transparent platform oversight and direct access to actual customer support.",Negative,0
great great very perfect communication.,Positive,2
i believe they are fraudulent i believe they are fraudulent. they have been charging me for the past few months and i didn t know i was being charged. the customer service agent i was connected to seemed to have issues with reading what i had written - when i asked if he or she can read it - they blocked me because i now can t log back in. i have been charged for over a year without even knowing i was signed up. very bad and wrong. it s going to be expensive for me to call them because i m based in the uk and can only see a us number online.,Negative,0
lots of interesting fonts lots of interesting fonts. helpful grammer corrections.,Positive,2
"do not shop or buy from the temu do not shop or buy from the temu website! do not buy! do not buy! the appliance damaged my floor, and temu has been giving me the runaround since 25 june order id po-210-13870034422390369 main ticket id 1782391393210902 date reported 25 june 2026 i do not recommend either this product or the way temu handles serious complaints involving property damage. after the first and only normal use of the superlex steam mop on my kitchen vinyl pvc floor, clearly visible white, cloudy and matt patches and marks were left behind. the appliance was used exactly as intended, with the standard floor attachment and using only clean water. no cleaning products, chemicals, fragrances or other additives were used. i reported the case to temu on 25 june 2026. since then, i have provided numerous photographs, a video recording, a detailed description of how the appliance was used, a professional on-site inspection, a technical opinion and three separate quotations for the replacement of the floor. independent professionals confirmed that the upper protective layer and gloss of the vinyl flooring have been permanently damaged by the hot steam and that the marks cannot be safely removed through cleaning, polishing, sanding, resin or a protective coating. the only reliable solution is the complete removal and replacement of the entire kitchen vinyl floor with a new one. partial replacement is not suitable because there is no way to guarantee a match in colour, pattern, gloss and level of wear. despite all the evidence and professional quotations provided, temu continues to delay the case. different customer service representatives keep asking me for information that i have already provided and continue to send the same general responses stating that the case is being reviewed, that they are awaiting feedback and that i will be notified. since 25 june, there has been no specific resolution, no confirmation that temu will cover the full cost of replacing the damaged floor and no specific deadline for concluding the case. i have also asked temu to provide and confirm the full legal details of the company responsible, the correct address for sending a formal letter before claim and court documents, as well as the details of the seller, manufacturer, importer and responsible economic operator in the united kingdom. i require this information so that i can commence court proceedings and claim compensation for the damage caused. however, temu still refuses to provide or clearly confirm which legal entity the claim should be brought against. this treatment is completely unacceptable. a product purchased through the temu platform caused real and serious damage in my home. instead of taking responsibility and resolving the problem, the company has forced me to waste an enormous amount of time writing complaints, collecting evidence and repeatedly communicating with customer service. the case has already been reported to citizens advice consumer service, trading standards and the office for product safety and standards opss . if temu continues to fail to provide a specific resolution, refuses to cover the full cost of replacing the floor and fails to provide the necessary legal information, i will send a formal letter before claim and commence court proceedings. i do not recommend this appliance. i warn customers not to use it on vinyl, pvc or other sensitive flooring. do not buy anything from temu! do not buy! do not buy! do not buy from temu! name kunka kuncheva order id po-210-13870034422390369 main ticket id 1782391393210902 date reported 25 june 2026 do not buy anything from temu! do not buy! do not buy! do not buy from temu!",Negative,0
everyone need to stop ordering on door everyone need to stop ordering on door dash because they have drivers that dont deliver peoole food and then they do not refund you because you have reach the threshold on how many times they refund u so basically they saying if driver steal your food your still gonna pay then need to be boycotted,Negative,0
if i could give zero i would. if i could give zero i would.. bought a pack of 4 outdoor solar security lights and within 4months of use 3 have failed.. 1 failed within 4 weeks. that one i received a partial refund for. the other 2 have failed within the last 2 weeks. response from temu and seller? well they lasted 4 months so that ok by us.. shit company to deal with as for the temu reply .. well i tried that but your word for helping getting the situation resolved is worthless.,Negative,0
"absolutely terrible service trying to get refund absolutely terrible service. an order was returned to the store as i did not realise the dasher had arrived and they did not phone or knock on the door, they sent an sms i did not see. a lengthy discussion with door dash as they said i have fortfieted the cost of my whole order including delivery fees. happy to lose delivery fee but the cost for the goods also was outragious. a night and day of arguing and i received a credit. i would hate to think of how much money has been pocketted by door dash by people accepting there 'term and conditions' that include some that do not match australia's consumer laws.",Negative,0
"delivery was okay delivery was okay, items were less than impressive, at least they are not missing.",Negative,0
"thanks for the excellent service. i don t have much words i m just saying thank you wise for excellent service you have provided to me, my friends and my relatives, years after years. the best services!",Positive,2
"insane insane! they can just block your account and freeze your money that you re holding in different currencies. no reason given. only way to get your money is to have it transfered in 10 days in one single chosen currency they will exchange it for you, oh beautiful, exactly what i wanted into one single non-wise account. unbelievable! no way to appeal the decision.",Negative,0
booking dot com not worth it. no savings booking dot com has a decent collection of hotel options. however there are no price discounts or points gained by using booking dot com regularly. over this summer my family and i paid expensive room rates in canada with several different bookings and there was no discount enjoyed. what then is the benefit of booking dot com ? i think you are better of adh ring to the hotels directly,Negative,0
will never use doordash again will never use doordash again. charged me full price for items not delivered . dasher even called to state only partial order could be fulfilled. customer service is a joke and denied my request several times. was promised call from a supervisor and they never happened. doordash will take your money and not make it right. lost a customer permanently,Negative,0
"absolutely terrible customer support absolutely terrible customer support experience with uber. i lost an item during a trip and was trying to confirm whether an item the driver found was actually mine. uber sent me an email asking me to confirm the item, but there was no message or picture visible, so i had no way to identify it. i spent hours trying to get a clear answer through support. i was repeatedly told that my request would be transferred to a specialized team, with no clear explanation of what that meant or how long i would have to wait. i specifically asked whether i needed to keep checking the app or whether someone would contact me, but still could not get a straightforward answer. the final support agent acknowledged my concern, repeated the standard warning that uber and the driver are not responsible for lost items, and then closed the chat while i was still trying to get an answer. that felt incredibly dismissive and rude. i understand that uber cannot guarantee recovery of a lost item, and i was not asking them to magically find it. i simply wanted to confirm whether the item was mine and understand what i was supposed to do next. instead, i was transferred around, left waiting, and ultimately had the conversation closed without resolving the actual issue. for a company of uber's size, this is an unnecessarily frustrating customer support experience. the problem is not just the lost item, the lack of clear communication and the way the support interaction was handled is what made this experience so bad.",Negative,0
"promptness, flexibility, wide coverage of counties it was very simple to join",Positive,2
"doordash steals customer money after having doordash for 4 years, suddenly i had an order cancelled by the dasher after posting a pic of the receipt. no explanation, so doordash charged my account and would not give me a refund. oh well probably on to better health. i do not recommend being a customer of this service.",Negative,0
"netflix netflix netflix due to your sick movies and scenes, more and more sick behavior is being noticed in people. you are seriously poisoning society! i hope people will realize this soon and say goodbye to the netflix brain and soul poisoning! !",Negative,0
"frustration with the current state of spotify s ad-supported tier i am leaving this review to express my deep frustration with the current state of spotify s ad-supported tier. while i understand that ads are a necessary component of a free service, the current implementation has become incredibly invasive. i am being subjected to the same promotional advertisements for specific albums 24 7, which has completely ruined the listening experience and made the platform feel more like a forced marketing channel than a music player. as a listener who cannot currently afford the monthly cost of a premium subscription, i feel trapped by the aggressive ad flow. i should not be forced to listen to content that is completely outside of my musical taste on a constant loop. the lack of variety in the advertisement rotation makes the app feel repetitive and stifling, significantly degrading the quality of time i spend trying to enjoy music on the platform. i hope the developers reconsider this strategy of saturating the free tier with such repetitive and unavoidable promotions. there needs to be a balance between monetization and the basic functionality of the app. until the frequency and the intrusive nature of these specific artist promotions are addressed, i cannot recommend this app to anyone looking for an enjoyable, personalized listening experience.",Negative,0
temu emailed me wanting me to video temu emailed me wanting me to video product solar light which had a fault.it was put in bin and collected.beware there expensive solar lights dont work.,Negative,0
"i lost more than 70,000 from my wise i lost more than 70,000 from my wise account in august 2022. that was my life savings. years of work, gone in minutes, with no warning and no security check on activity that was completely unusual for my account. three years later i still have nothing back. i want people to understand what this actually did. that money was not spare money. it was my security, my family's security, and every plan i had for my future. since then every month has been shaped by a loss that was not my fault. i stopped being the person my family could rely on. i have spent three years writing letters and chasing deadlines instead of rebuilding my life. here is the part people should know. when my case went to the financial ombudsman service, wise submitted documents as evidence. those documents came from the person who took my money. wise has now confirmed to me in writing, after the case was already decided against me, that this material came from the recipient of the funds and was never verified before it was submitted. think about what that means. unverified documents supplied by the scammer were placed in front of the body deciding my case. i only found this out through a formal data protection request under uk gdpr, years later, and only after wise missed multiple legal deadlines to answer me. my money is gone. my account is closed. my case is closed. and the decision was made using material nobody checked. i am not writing this out of anger alone. i am writing it because i have it in writing, and because anyone trusting wise with their money deserves to know how a dispute can be handled when it goes wrong. i have not forgotten. i am not going to.",Negative,0
"tried to order an uber tried to order an uber, for 15 min they could not find a driver so i cancelled and they charged me 5 for cancelling. never again",Negative,0
"1 star 1 star doordash is not what you think it is after using doordash repeatedly, i have to say that my experience has been extremely disappointing. food frequently arrives late, cold, damaged, or poorly handled. and when there is a problem with the driver, getting meaningful help from doordash can be incredibly frustrating. we have had drivers leave food without asking for the required delivery code. we have also had situations where the driver was late, the food was cold, and the pizza arrived crushed. one incident went far beyond a bad delivery. we contacted doordash while the driver was still involved, and the driver became belligerent and cursed at me while doordash was on the phone. he was more concerned with leaving to make another delivery than addressing the fact that our order had arrived late and damaged. the situation became serious enough that a police report had to be filed. what made it even more frustrating was doordash telling us that they couldn t do anything because the driver was working through a third-party arrangement. that raises a very basic question who is actually responsible when something goes wrong? doordash charges customers delivery fees, service fees, membership fees, and encourages tipping. customers are essentially being asked to absorb more and more of the cost while the delivery experience can still be terrible. and then there are the confusing options where you re asked to pay extra if you want your order delivered immediately rather than having it bundled or delayed. if i m already paying delivery and service fees, why should i have to pay even more just to receive the food i already ordered in a reasonable amount of time? the biggest problem is accountability. when everything goes smoothly, doordash gets paid. but when something goes wrong, suddenly everyone has an excuse the restaurant, the driver, the third-party company, or the customer. doordash needs to take responsibility for the entire delivery experience, not just the transaction. at the end of the day, doordash doesn t feel like a reliable delivery service. it feels like a middleman collecting fees while customers are left dealing with the consequences when the system fails. my advice think twice before ordering. the fees aren t worth it if your food arrives late, cold, crushed, or you can t get meaningful help when something goes wrong.",Negative,0
you are billing me for a service i did you are billing me for a service i did not request. you gave me a free service and then sent a request for payment on paypal!!! i never signed up for that either!!! you better not request that payment and rescind the request!!!!,Negative,0
unbelievable response time unbelievable response time,Positive,2
"greedy greedy will not reduce prices for over 60s but cheap for students who supposedly has no money but can purchase pot. i listen to it on spotify so here is a little trick adverts come on,alexa mute then a minute or so, alexa u mute.",Negative,0
"easy accsess easy accsess, fast, widely accseptable. easy handeling of the account.",Positive,2
"promotional rate promotional rate. new customer. i have not used doordash in years! for very like experience situations. i choose to not use doordash. this time i ordered a dinner for my family and picked it up. using doordash and a promotional 40 claimed a whopping 10 discount. charge applied in the app stated 67.12, and i might add, is exactly what i expect i would be charged, the total came to 67 12 i paid 80.54. i did contact support only to be shoved through an approval process i did not even request. at no point during my conversation with support did i request a refund but after denying thier free doordash for a month was shoved through a full refund denial. it took a whole 30 secs to, mind you after going through about 15 mins of fighting with the ai and general chat agents, to a refund denial in 30 secs. like, are you guys serious? this is exactly why i will never use doordash again and recommend anyone just order the food yourself, on the phone. what a complete waste of my time. i am on vacation and i spend 2 hours of my day trying to get 15 or so back what i was registered for. i have screenshots and will gladly talk to whomever cares. this had not been so difficult. i literally never go this far to complain about a company but damn. if i do not get it, do not let me apply it at check out. who's fault is that? mine? or yours? update low and behold.. the difference in promotion credited by the restaurant. so damn stupid. doordash, you lost a customer for good! horrible, horrible experience.",Negative,0
"i gave up with wise. they exhausted me. i gave up with you. emptied the account and will not reuse it. i have tried repeatedly to complete the verification of the account, after i received months ago a notification that states that the account need verification again. all the documents i sent are not good enough for wise. the communication with you guys is terrible, the commissions for transferring money to my bank account in israel are very high, and i have not been able to receive money for the rent of my apartment in athens for more than a year. finally gave up. i sent all the money out of my wise account, and our cooperation is now over, as far as it concerns me.",Negative,0
"never use booking.com for flights absolute scammers with atrocious customer service avoid booking.com for flights. our 19-year-old son was left stranded in the usa after booking.com told us his return flight had been cancelled and that the only option was to buy another ticket home. delta later confirmed the ticket had actually been converted into an ecredit, meaning there was no need to purchase a new flight. we spent hours on live chat, were repeatedly promised callbacks that never happened, given contradictory information, and even provided with the wrong email address to make a formal complaint. the lack of competence, accountability and customer care was shocking. an incredibly stressful experience that cost us time, money and unnecessary worry. i would never trust booking.com with flights again.",Negative,0
"thieves i consider this unacceptable. netflix has been charging my credit card 18.99 per month for over 12 months without my consent. i have always chosen the 11.99 package and never opted for the premium plan. however, my subscription was somehow restarted on the premium package, despite this never being my choice. the only other person with access to my account is my son, whose profile has parental controls in place. for that reason, i do not believe he could have restarted or upgraded my subscription. i have also experienced difficulties trying to permanently delete my netflix account. in addition, i have been unable to remove my son s profile. i have taken screenshots documenting everything i have attempted. please be assured that i will be checking my account every day until 23 08 2026, the date netflix has stated that my account will be permanently deleted, to ensure that no further charges are made. for the record, i understand the difference between cancelling a membership and permanently deleting a netflix account. i have requested the permanent deletion of my netflix account. thank you.",Negative,0
nice too have wise nice too habe wise. just if i can send cash to egypt will be more fine,Positive,2
"utterly appalling customer service i purchased a set of 50 coat hangers and when it arrived, i received one. i checked the page from where i purchased it and the pictures show 50, the buttons for the item show 50 and there's no drop down bar to order one, i contacted c s and the first agent just fobbed me off and cancelled the chat, the second agent showed a lack of empathy, also, and when said i am considering cancelling my account, he just gave me the link to do so . other items i received dont match the product advertised on thepage. the c s is appalling. order cheap and receive the same level of service. beyond a joke! do yourself a favour and avoid the bunch of clowns",Negative,0
"this bank is tied to the corporation this bank is tied to the corporation crimson, who is in partnership with doordash. doordash hired starion crimson as the administration for their debit card services. i filed a case with doordash crimson 2 days ago. i am a platinum dasher for doordash. there was a promotion that took place from april-june 30th that resulted in 10 cash back refund on a weekly basis for gas services used. i received cash back refunds for the promotion on a weekly basis all the way up to the last week of their promotion. therefore, i called crimson to seek my cash back refund for the last week of june which resulted in the dates of june 28-june 30th. i had several transactions i made for gas. i have always used my doordash crimson card for gas in store and at the pump. i filed my case with crimson and on several recorded calls i was assured i would receive my refund and i would receive an email confirmation with the details. my case initially was supposed to be resolved in 24 hours and it was not. i called crimson approx around 4-415 pm est on july 14th. i had a horrible experience between representatives and supervisors setting expectations that were not fulfilled, being hung up on, and being told i would get a callback and nobody calling me back. i am very frustrated and exhausted because i had to make callbacks myself and still did not receive the resolution i was told i would receive. a couple hours later after my first few calls, i was told my case was denied because the transactions filed were not eligible based on their terms. this has never prevented me from receiving my cash back refunds during the promotion before as i advised crimson. i also advised crimson management that multiple reps and supervisors informed me i would be receiving the gas cash back refund. i am huge on morals like integrity and honesty. i was lied to and pushed around for several hours with no resolution. i am now seeking full cash back refund for transaction damages. case 4e760ebe-e475-46bb-bbfa-7d721e92644a",Negative,0
"my parcel left in the street! temu and evri policies to send to and deliver to building addresses only??? in this review i need to mention both temu and evri, since they are closely linked as the seller and the delivery service they use. given the seriousness of this situation i believe, not just evri, but also temu has to take responsibility too, for contracting evri. i was expecting a parcel from temu. i had not received information on the delivery day, nor a tracking number. yesterday, i got a call from a neighbour who had found the parcel addressed to me in our busy street, outside the 34 flat building where we live. the delivery service had not rang my flat via intercom, nor had s he contacted me via mobile, for me to open the main door. this is not the first time i have experienced it. once the main door is opened, without informing the recipient, evri leaves the parcels unattended in the lobby, where at least 100 people between workers, including cleaners, gps, nurses, domestic assistants, and family visitors transit every day. soon after evri sends a message saying your parcel has been delivered i wonder to whom?, trusting what?. does temu have a policy to send parcels to the building address only? does evri have a policy to deliver to a building address or to the lobby only? if so, they should informe it to customers. this unreliable delivery service, affects addressees, creates anxiety, and extra work. do we need to be checking the street, and the entrance constantly? or providing that one had been lucky that time, running down the stairs, as soon as they say parcel for you via intercom. many parcels have been lost in this way. temu should change the delivery service or evri contracts honest, dependeble workers.",Negative,0
absolutely awful customer service. trying to confirm my flight. they have taken my payment but apparently it takes 2 days for the confirmation email to come through. once they tell you they just cut the... see more,Negative,0
i wouldn t even give them 1 i wouldn t even give them 1 star but it made me! i placed an order on 7 5 and the money came out of my account but i never got a confirmation number or order number. so on the 11th of july i messaged customer service. i was told they will investigate what s going on and why they can t find my order. so after 3 weeks of arguing back and forth and send in attachments of the proof the money did go to them and all the messages back and forth and they came back with out decision stands. your order must be under another account and you will have to log into that account for the info! i told them 5 times i infact do not have any other account and the proof of the transaction from my bank! i wouldn t order from this company! they are crooked thieves! i will never shop here again! i also got 144 of my friends and family to stop ordering from there as well!!!!,Negative,0
temu is a big scam fraud!!. temu is a big scam fraud!!. with there promotions for paying you the client to paypal payout. my wife did a lot of temu they promest payout to her paypal acount never resived anything. talked to a help desk did nothing !!!. now i know they will react to this but let me just say in for hand temu do not bother we have your ip adres!. but even that is a total cover up for what is really going on!. all they want 1 your money 2 your data and the rest lour you the client in to buy more of there bs. murteandice that is so dangerous it could kill you in the end !!. so temu everybody that works there to help temu grow. i hope you get what the grimreaper got p i dont know what it was but he aint here anymore iff ya get my drift . and dont bother awnsering to this reveuw because you know what you are a big scam fraud componay !!!. i hope you will have a nice couzy place in hell for your hole fam to,Negative,0
"service is anathema to spotify! once one has paid its high-end subscription fees for so-called premium , and spent days browsing youtube and various ais to learn how to use its complex and difficult tech, let alone get your money's worth out of spotify, you are left entirely on your own. service is anathema to this crowd! emails are never replied to. the chatbot is an utter waste of time effort flinging out stock, off-the-shelf guesses. humans try to resolve, but are completely at sea. months of back forth will leave you wanting. each interaction will gobble up at least three hours of your time at enormous effort - without resolution. you cannot get your costly account or library to synchronize across various devices. even the so-called community cannot resolve many issues. you are doggedly ignored on social media - spotify offshoots on x. to prevent negative feedback, so-called feedback surveys are deliberately posted at obscure hours before ultra-tight deadlines expire . but, hey, spotify debits your account at the speed of light each month, does not it! definitely not a nice, caring, supportive, considerate, enthusiastic or service-oriented streaming platform to invest your faith or money in!",Negative,0
do not use this website got a room through them back in june. when i get to the hotel i was told the card they had on file had 804 on it and they needed 96 to complete the payment. after 5 attempts and getting the run around on both myself and the general manager of the hotel. i had to pay extra because they did not fill the card entirely. and good luck trying to get your money back i filed a complaint and tried for a refund but they do not care. do not this website do not use it.,Negative,0
very good the trip is very good.but the system is different from chinese.,Positive,2
"here's a clearer and more professional on july 29, i used a 40 discounted uber ride promotion. before confirming the ride, i checked the fare, which was 20.50 before the discount. based on the advertised 40 discount, i expected to be charged significantly less. however, after confirming the ride, i was charged 19.35. when i contacted uber support, i was told that the 40 discount only applied to specific vehicle types, specifically item delivery rides, and not to standard passenger rides. however, the promotion did not state this anywhere. the discount was clearly labelled as applying to a ride, with no mention of any vehicle type restrictions or exclusions. i explained that the restriction they referred to was not disclosed in the promotion, but instead of addressing my concern, the support agent ended the conversation and closed it, preventing me from discussing the issue any further. i believe the promotion was misleading because the eligibility restrictions were not clearly communicated before i booked the ride. i would appreciate a proper explanation and a review of the fare charged.",Negative,0
"the advertised a closed hotel and took the advertised a closed hotel and took payment, looks like the hotel been closed for years its been 2 days and still waiting to hear from customer services",Negative,0
"1 star 1 star i placed an order through doordash and later noticed on my bank statement that i was overcharged. when i contacted customer service, they gave me the runaround and tried to blame my bank. i ve never had my bank overcharge me when using doordash before, so that explanation made no sense to me. instead of actually helping resolve the issue, they just kept passing the blame. terrible customer service and a very frustrating experience. i will never use doordash again. i deleted the app and will take my business elsewhere.",Negative,0
"never in my life will i use booking.com never in my life will i use booking.com again. charged me when trying to book a stay, got a message saying that the booking went wrong but the money has been charged ?! . no problem, next message was an option with the question do you want a refund? - yes, i do. it then said you will be refunded in 7-12 days ?! . okay. funny how you can charge in a blink of an eye but need 12 days to pay back. but okay. it has now been a month and no refund has been issued. customer service is a bot, i messaged them there, got the answer that i will be receiving an answer within 24h. 7-10 days went by, then a got an answer asking me for some kind of pin so that they could look into the refund issue. comical to be honest, this is one of the worlds biggest online platforms. never again simply.",Negative,0
"it was ok it was ok, rides were expensive but the scooters made it worth it. drivers were a plus point, friendly and helpful. it was easy to book and use, but nothing amazing as this service is now the norm",Neutral,1
just go smack your head against a wall will achieve more!!! genuinely the worst company hands down i am surprised how bad a company can be you would get better response and feedback from a donkey and i am not even exaggerating if you have an issue wether you are a driver or rider forget giving them a call there's no point nothing will get resolved. staff respectfully lack basic training understanding which is ubers fault you will speak to 10 different customer service operatives and get 12 different responses. because of this company i actually believe we need to introduce a different rating system instead of 1-5 star system we need a minus -5 to a 5 star and of course i would give them a -5,Negative,0
"refund denied when they made a mistake i placed my order and added instructions that all items not to be replaced without my approval, and if not available, refund. yet i get the wrong size of a picture frame so it is completely useless to me . i was not asked about the different size to approve it, the shopper probably did not pay attention or just did not follow my instructions. it is clearly a mistake by their shopper. yet refund was denied for absolutely no reason, and my time was wasted chasing it. not using door dash again.",Negative,0
doordash tampering with food i ordered a pizza and cinnamon rolls that was delivered by doordash. my pizza had been eaten out of and the cinnamon rolls were turned upside down. both deals of both boxes were broken. i contacted doordash but they refuse to give me a refund. i spent 40 and got nothing back for their dasher tampering with my food. i refused to eat it or give to my children. beware because doordash does not honor the quality of the food that they deliver. use another platform.,Negative,0
"locked account held funds for 20 days with zero support updates member id p12844916 wise has locked my wife's account and is holding our money with zero explanation or customer support communication for over 20 days. i uploaded all requested verification documents through the in-app prompt nearly three weeks ago, where the status stated we have got everything. despite this, i have received no emails, notifications, or timeline estimates. today, the system prompted me to re-upload the exact same documents all over again. holding customer funds for almost a month without providing updates, a ticket number, or access to support is completely unacceptable. account reference membership id p12844916 i require an immediate compliance escalation and manual review of my account to release my funds.",Negative,0
we ordered a taxi and received a we ordered a taxi and received a message saying it s on its way followed by the trip is cancelled then they charged us for there cancellation never using this service again,Negative,0
associate professor i like the experience.,Positive,2
"i used wise for more than 3 4 years and i used wise for more than 3 4 years and had been a long-term customer with a significant amount of money in my account. after i started making some crypto investments to my own binance account, wise suddenly decided to close my account. i was told i could appeal the decision or get my money back. i completed the appeal process they requested, but more than a month later, i am still waiting for my funds to be returned since 13 july. as well they said they can take up to 60 days on the costumer service for the money to be returned. no bank can keep this money from you, it is such a horrible experience, they act like you are a criminal with your own money! having a large amount of your own money stuck while receiving no clear resolution is extremely stressful and frustrating. after being a customer for several years, i expected much better communication and support. i would rate my experience 0 5 if that were an option. based on my experience, i cannot recommend wise to anyone who may need reliable access to their money.",Negative,0
urber been taking subscription out urber been taking subscription out without my permission i done cancelled it when i want to check on a ride and i do not use them i end up using lyft. days later i am getting charged cannot talk to a live person they was doing it with one card now my other card. sucks,Negative,0
"proof of out of stock item, refund denied anyway was given proof by the store that the item i ordered was out of stock. doordash still refused to refund me and wasted hours of my time. absolutely criminal that they can just steal from you and refuse refunds.",Negative,0
i do not wanted to give one star even. this my second time i am experiencing the same problem again and again. the driver is simply accepting the trip without thinking they can make it. they do not giv... see more,Negative,0
i have an issue with an accommodation i have an issue with an accommodation from there site. the accommodation told me that they are were wrong but that i couldn t get the money back. the accommodation wasn t possible to come there. booking.com should help me but in 24 hours they told me without any reason that can t help me. that s all. so be careful when you book something !! there is no help,Negative,0
"booking.com lied this happened a couple of months ago.it is absolutely disgusting that a big company like booking com.treats their customers just like this. a couple of months my best friend and i travelled to melbourne from brisbane for a holiday for a week. we purchase and paid for a 2 bedroom apartment. in the heart of the city, what we got when we arrived was i heard child that was quite pushy, asking us exactly what time we would be in, because i am not from that area.i said, i do not know, but probably about one.they said, check in is not till 3 and i said, why ask in the first place. when we arrived, we were shuttled upstairs to the room.as we walked in, i realised that it was one bedroom apartments instead of two bedroom apartments that we actually paid for.... we spent closer 2 hours trying to talk to somebody from booking com, and when i finally got to speak to somebody, they said that they will call me straight back, they never called back. it was just an email explaining that they will fix it, and nothing was ever fixed. i do have photo evidence. the hotel themselves and booking.com. did not help at all, so i had to sleep on a couch. for the duration of the stay.... only because i kept hounding them for appropriate answers.and why they made this mistake?they were giving us next to bear minimum of a twenty percent refund that we never have seen at all. i have so much evidence taken on my phone and both hotel and booking com. as i said before, did not help and actually made the stay worse.it was a horrible hotel that is meant to look glamorous and wonderful, and it is not. do you know not stay there? it is disgustine. you could hear people next door the walls with that thin, the only thing that worked well was the heater. the people that work as a hotel were very rude, and they did not care, they are news that they had our money and was not going to return it.",Negative,0
"rented a car rented a car, when we got their they couldn t charge our card for the deposit or any of the 5 cards we had with money on. so they cancelled our car but no refound from the booking.com where we paid for the car . ended up paying for 2 cars. i will never use booking.com again.",Negative,0
one of the worst platforms to exist you one of the worst platforms to exist you are now litrally paying to watch adverts. bye netflix bye bye.,Negative,0
throw monies out the window rude driver who didn t even attempt to get me correct icecream. said didn t have in stock when i know they did. got 2 gallons of icecream i had to throw away cause weren t sugar free. customer service was horrific denying me a refund. stay away from doordash unless u like throwing monies out the window,Negative,0
uber won t cancel my membership as you uber won t cancel my membership as you have to have an account with them and they won t let me cancel as they have no record. that s what uber does they let people down by lying saying they will help. it s disgraceful and unprofessional,Negative,0
so now netflix costs more so now netflix costs more. but they have done nothing to improve the quality of movies. also there was a crappy movie. and almost every three minutes. commercials pop up. what is it with them? they dont appreciate the customers that pay? it is like they are punishing you and me for having netflix.,Negative,0
"easy and clever application easy and clever application, i can use well.",Positive,2
"free shipping on orders over 30 free shipping on orders over 30. ordered 6 of one color rechargeable wine bottle lamps. added 2 of a different color and was charged for shipping on those. cancelled that part of the order. since you are not shown an invoice before they run the credit card, you have to go through the refund process. seems like it would make sense to be able to approve the transaction before paying. i would probably have added more items to the second order to get free shipping.",Negative,0
"the most horrible and unstable app ever made. the most horrible and unstable app on planet earth for windows, android, and any other operating system ever made on god's green earth. i tried installing 3 different versions on my windows11 desktop. every time it gives me error 103. i cleared data, reinstalled, tried running as admininistrator. cleared and flushed my dns, my ip address. formatted and fresh installed it again on my harddive, hell i even got in touch with microsoft support since it keps telling me my firewall was blocking it but i never changed my settings and even disabled my firewall but nope. nothing. every other applicaiton on my desktop is working just fine without a hitch. i would rather listen to elephants farting than any music track on this dumpster fire of an app.",Negative,0
safe easy reliable thanks safe easy reliable thanks,Positive,2
"doordash employs meth addicts supervising a worker, they d take breaks to smoke meth and then continue working for doordash. leaving food outside of apartment buildings rather than at the door. app is buggy.",Negative,0
"i am getting sick of some temu sellers i am getting sick of some temu sellers doing false advertising, case in point, bought a 300 pack of butt solder shrink joints, they show a packet of 300, but you only get 100 butt shrink joints, the other 200 i just black shrink covers, which are small and probably will never use. temu needs to do something about this, there needs to be better transparency by the sellers, unfortunately i cannot complain direct to the seller, as you can on ebay. basically temu cannot be trusted",Negative,0
i ordered 24 bottles of strawberry i ordered 24 bottles of strawberry water only received 6 so i put in a request for a refund and was denied so that's 12 gone!! goodbye temu i am now going to shut down my account! the order number is po-210-02558378404470015. ordered on the 3rd august,Negative,0
"booking.com compensation fails to meet expectations two times it happened that our booking got cancelled the day of arrival, after a lot of hassle and calling with the booking costumer service we have received our money back. the downside is that we now had to book a different accommodation very last minute and pay more for those accomodations. booking.com would compensate up to 60,- for this, which we thought was quite good costumerservice. it turns out that this is the amount paid out to the booking wallet. you do not receive the money it self, if you do not use it quickly enough it will disappear and its extremely hard to find an accommodation that accepts wallet payments. all in all, traveling with booking.com has been the worst, most time consuming and stress full experience in my years of travel",Negative,0
"netflix is a con i have had a premium account with netflix for the past 10 yrs, i am cancelling as it wont let me watch a series through a vpn. i turned off the vpn and it still will not let me watch. it is the biggest con going at the minute",Negative,0
"netflix lost its way netflix has lost sight of what makes a network worth supporting respecting the viewer. they are trapped in a cynical, metric-driven cycle where high-quality storytelling goes to die. they treat great series like disposable bait, cancelling fantastic shows after 2-3 seasons right when the storylines mature. why? because it is cheaper to fund flashy new season-one shows to pump up subscriber growth. they alienate loyal users for corporate greed and profit. i am done paying for half-told stories.",Negative,0
"sharing my true experience sharing my true experience, help ppl understand this company. i made a hotel reservation on booking.com in may 2025. on the webpage, it showed booking was successful. but after that i never received any notification email text to confirm. but transaction was posted on my card. i reached out customer service and they said i cannot get refund. i had to go through the dispute process which took more than two months to get my money back. it s wasting time and worst experience. i will never use it again.",Negative,0
"i tried to get my vacation home listed i tried to get my vacation home listed on booking.com without sucecss because i was asked for a bank account number with 5 or 7 digits. mine has 9. i tried and tried to get hold of some sort of customer service help, but i only got mindless ai robots who spewed silly unrelated responses. seems like there really is nobody home. i have yet to get any sort of personalized response. it is one thing to be concerned that the robots are taking over. it is another thing to leave before it has happened. perhaps that is idea? set up a fully automated cash machine.",Negative,0
"we had 2 horrible experiences with we had 2 horrible experiences with booking.com. we booked a place in italy, that did not appear to exist. called, emailed, could not get a hold of anybody. then had to fight booking.com and the credit card company to get a refund. then we booked a stay in marathon, fl called rainbow bend. they had somebody in our room that we booked that did not know their reservation that they thought they extended with booking.com was not legit. huge mess. we had to book another stay somewhere else, and we are currently fighting with booking.com for a refund again. i will never use them again or recommend them to anybody, and i will be reporting them to the appropriate government agencies.",Negative,0
"not a service that delivers, just money grabbing. i cancelled my netflix had been using since 2019 and never looked back. after numerous shows advertised and got me excited were never renewed for a 2nd season. so feel like my time has been wasted and i am left with unresolved cliffhangers. this keeps happening to shows that are very popular too. feels like netflix just wants to churn out whatever content that falls into their lap rather than deliver what people really want. i feel used.",Negative,0
i ordered from this scamming company i ordered from this scamming company. nobody would pick up my order so i canceled it. they would not refund me. they charged me even though i didnt get my order. never order from this horrible joke of a company,Negative,0
"uber submitted claim to my insurance uber submitted claim to my insurance for an incident that never occurred, due to rider providing false information. now i ll have go back and in get my insurance cleared up.",Negative,0
"perfect perfect, fast and professional",Positive,2
products do not bye from temu i bought 2 air fryers by mistake as i thought i bye through paypal and it did not go through it was just taken by temu but paypal told me that it was on automatic payment and paypal removed it. so do not tust temu at all they are crap i have tried to get a returns address but failed and i do not think i will send them back anyway because of some one else doing that and was told they had come back damaged that's why i do not trust temu where is the proof they are damaged i ask myself that's why i will not send them back please do not buy from temu as i will not again,Negative,0
"this is for uber driver app,so uber is this is for uber driver app,so uber is so racist,they do that like an art ,discrimination, harassment, different rates for same job, favoritising some drivers, keep you hours waiting for jobs,no one to help when you need,most of jobs are underpaid,very low rates,uber is total disgrace,if you are a taxi driver do not sign with them you will be sorrow,local taxis a lot better than uber be aware on these cowboys",Negative,0
"do not user uber do not user uber. they are unfortunately dishonest and could not care less about the rider. i have been triple charged for a ride when the driver was dishonest about the trip - he started it without actually fetching me. when i cancelled it in order to rebook a real trip - i was charge for his non-existent trip as well as a cancellation fee, not to mention the actual trip i took and tipped handsomely for. there is no customer service - you cannot get hold of a human being for assistance. uber clearly condones dishonesty and theft. i am very happily deleting my account today.",Negative,0
"paying for a service i could not access hello, i have been charged by netflix for the past three months, even though i cancelled my subscription and have not been able to access the service. when i contacted support, i was told that there are no payments associated with my account. however, i have bank card statements showing these charges. i would like you to investigate these charges using the billing information, including the dates, amounts, and the description that appears on my card statement. since i have been paying for a service that i could not access and believed was cancelled, i would also like to request a review of these charges and information about a possible refund. please let me know how i can provide the relevant documentation and proof of payment. thank you.",Negative,0
account hi uber is not good .please dont trust account my account 1 year and 7 month 47.96p,Negative,0
wait driver in malaga airport wait driver in malaga airport 35min.driver 5min 1.9km parking 35min and chat i am in way. but when i cancel trip driver collect next person.,Negative,0
horrible - avoid worst 'customer service' experience ever!!,Negative,0
"urgent refund i have responded with the order number and i am to get a response hello, i m honestly quite frustrated with this response, especially because this issue has already been going on for quite some time. how does it make sense for me to spend money returning an item when the cost of returning it is significantly more than the value of the item itself? i should not have to incur an unreasonable expense just to receive a refund for an item that was already problematic. if you are unable to process the refund without a return, then i would prefer that you reship the item to me instead. i have been trying to resolve this for a while now, and i m becoming increasingly dissatisfied with how long this has taken. i would really appreciate a practical solution rather than being asked to spend even more money to resolve the issue. please let me know if you can either process the refund without requiring a return or reship the item. thank you.",Negative,0
"i feel like this website is a scam sometimes the items on from temu are very hit and miss as far as their quality. my biggest complaint with this website is that they promise you things like eight free gifts 9 free gifts etc put in writing that there's no way anybody could read conditions. i bought a cat tree from them and then when i put it together it was not as big as far as the size of for the cats as what appeared on the website. when i mentioned this to them they gave me a 3 credit. wow, that was so generous. problem is some of their stuff i truly like but is it worth the games? i am thinking not.",Negative,0
"booking.com bordering on illegal. booking.com is clearly fraudulent. i booked a hotel room for one night and very shortly after i realised i had entered the wrong date by 24hrs and put a submission in for a change of date. this submission goes directly to the hotel. in the morning i had a message from booking.com to say the hotel had confirmed that no rooms were available for the previous night. even though i d checked before submitting the request and there were 5 same room vacancies. so i called the hotel who told me there was evidence of a change of date submission. before they had had a chance to accept this change booking.com had intervened and rejected it. the hotel said there was nothing more i could do. so in short booking.com rejected my request on the hotels behalf even though they have a free date change policy within 24hrs of booking and there were plenty of rooms available and would have accepted my request. booking.coms customer support is non-existent and their app just keeps referring me back to the hotel, who in turn refer me back to booking.com booking.com are clearly acting fraudulently and retaining my money and going against the hotels own policy by intervening the system quickly to reject my request. it s insane. that s called fraud! i want my money back.",Negative,0
"it is one of the worst apps in the world, you cannot listen to your songs until you pay, which is pretty bad when you are under 18 and your parents are saving every penny.you cannot listen to songs, you c... see more",Negative,0
stealing money i had a free plan and after that i thought i had more free premium but no then i got charged 10 without my authorizsation and for me with no job and income and a thight budget its bad,Negative,0
they hide the total fees our hotel ended up being 75 more than listed and did not show up until i hit submit. tried to cancel right away but they would not even within 1 minute realize if they ripped... see more,Negative,0
"the shirt fits like a small the shirt fits like a small, not a medium",Neutral,1
netflix has a limited selection of netflix has a limited selection of movies for what started as 6.99 somehow became 31.00 monthly then it took considerable time n effort to unsubscribe,Negative,0
"no room no refund reserved a room, got there it was a dorm, a male dorm i am female. had nowhere to stay, it was 36 degrees, 2 months still have not been refunded because apparently i did not have a flexible policy. impossible to speak to a person with sense, they just want me to give up pay for a place i did not stay in. i advize not to bother.",Negative,0
horrible service horrible service! we never received our order!,Negative,0
"absurd customer service that is appalling and robotic. sending automatic replies, never replying properly to messages. when you called, they tried to avoid you and say they will get back to you. that never happens. i felt quite scammed a couple of times where i paid for uber one and i didn t get any perks as i was promised and they didn t absolutely care about it.",Negative,0
"extremely poor customer delivery extremely poor customer delivery partner support uber eats australia my experience with uber eats australia has been completely unacceptable. my delivery partner account was restricted without providing me with a clear reason. i followed uber s instructions, submitted all documents they requested, and completed the required verification. despite doing everything asked of me, my account remains restricted. what is even more concerning is the way uber support has handled the situation. i have repeatedly contacted support through chat, yet i have received no proper explanation, no meaningful investigation, and no actual solution. i am simply left waiting while my issue is effectively ignored. this is not what anyone should expect from a company of uber s size. if uber has a genuine concern about my account, then tell me what the issue is. if there is a problem with my documents, tell me exactly what needs to be corrected. if there has been a mistake, fix it. instead, the current approach feels like restrict the account, provide little or no explanation, and leave the person repeatedly contacting support with no resolution. this is particularly serious because this is a work account. restricting someone's ability to work and earn money without clearly explaining the reason is not something that should be treated casually. uber eats australia needs to take responsibility for this poor support experience. i am publicly raising this issue because normal support channels have failed to resolve it. i am requesting an urgent manual review by the appropriate team, a clear explanation for the restriction, and restoration of my account if i have complied with all requirements. uber eats please stop ignoring the issue and actually investigate it. a company that relies on delivery partners should also respect the people who provide that service. i expect someone from uber eats australia to contact me and provide a genuine resolution, not another automated or generic response.",Negative,0
"spotify use to br great for streaming spotify use to br great for streaming, now it sucks! i have been a member for over 8 years and now i will be canceling service. glitches, songs downloaded removed, and the price steadily rising, is not worth it.",Negative,0
worst customer service i have ever come across this is the worst customer service i ever encountered. i fell for a three month free trial via the trainline app. however i did not use it so cancelled within about six weeks. got a screen message confirming that i would revert to the free version and thought no more about it until i saw payment taken from my credit card in july. i had not even used the service or i guess i would have noticed i was not on the free version. but i was seriously ill in hospital at the time. i have just wasted nearly an hour trying to find customer service to be told refunds are not in their policy. then they offer to cancel now as if they are doing me a favour. an utter disgrace and a cynical way to exploit customers,Negative,0
use trivago we use booking.com a lot home abroad . i am writing this review after trying to speak to a manager also emailing the ceo . given over a week and they still have not bothered to contact me. again proving that their customer base is not important. well booking.com you do have a few rivals who will be getting our business in future . so we booked a pub stay in a small market town . drove 3 hrs expecting to have a lovely relaxing weekend. when we arrived the pub had a sign saying closed under new ownership . we tried to contact the pub but the phone just kept ringing . we then called booking.com took awhile to get past ai in the street with bags around us eventually spoke to a young man what a joke extremely poor if any training given he said all he could do was apologise a good trainer will tell anyone that's a big no no it is not all you can do he said he could not contact the pub but they were open still taking bookings passing the book then the new landlady came out explained that she had been onto booking.com for 2hrs saying they were not open only just moved from scotland that morning . she had asked them to contact the many people that were booked in . the young man kept putting us on hold for long periods of time . he said there was no manager in the building anyone running a cc will also know this is utter rubbish he could not give us a managers name . in the end he promised to get one to call us back . well this never happened. he made out he was doing us a favour by cancelling the booking and refunding us . he could not make another booking but we could ourselves if we wanted to. the customer service and policy's are shocking . we either slept in the street - returned home or tried to find somewhere else with no further help from them . we had gone for a purpose to this market town and nearly everything was booked up as it is only small . one hotel at over 400 a night was free . we called a bnb never our first choice to stay in one she luckily had just had a cancellation more than the pub we had originally booked . we were grateful that this lovely lady accommodated us in her lovely home . i will never trust booking.com again . yes mistakes errors things like this happen . it was extremely stressful my husband's ill . but the cc agent was not given any support by his manager . no real empathy to our situation. staff should be able to make things right when mistakes are made they should be able to log on book the customer a new place to stay and stand any price difference. shame on the managers working there that day clearly have ceo s who do not care either. anyone who has got an upcoming booking i suggest you call the place before leaving home . if this had been vulnerable person on their own it could have a bad outcome . we will not use them again they have not apologised or refunded the price difference either as promised . disappointed disgraceful service,Negative,0
"expect heartache well, they ve done it again! after accepting a 9.95 ride, i was yet again fined 8 for not being at the pick up site . . false - i always book my ride from the pick up spot, with my location option activated the driver advised me that he was about 200 yards away, and could i come to him? so i did this, then he asked could i pay him 10 in cash for the ride, to which i agreed, even though this instantly jacked the price up to 17.95. original quote of 9.95 8 fee for not being at the pick up spot. anyway, i checked my bank statement when i got home only to find that through the magic of technology. i had been charged the 8 fee, twice! so i messaged a complaint to the good folk at uber who have advised that yes, i am correct, and the money will be returned to my bank account shortly - up to ten working days i m gobsmacked to see this behaviour is so common place amongst drivers this exact scenario has played out before, and i did not have my money reimbursed until i mentioned to them if you don t believe my story, then feel free to contact the police reception desk in the inala civic centre, and you will see for yourself on cctv, me standing there, with no uber ever coming near me my 8 no show surcharge was refunded immediately - and not up to ten working days i use ride share extremely sparingly now, because expect to be ripped off at every turn by these cowboys, and if i m not diddled i usually give a 5 tip, for honesty, anyway",Negative,0
"worst customer support of any company i worst customer support of any company i have ever dealt with. it is just money, money, money, money that they are interested in. just appaling",Negative,0
"want to be scammed? use booking.com booking.com had a data breach months ago, as reported on the bbc in april 2026, with scammers targetting anyone who made a reservation. but they have not fixed this problem. i just received a whatsapp message from a scammer who had my correct name, email address, hotel and reservation details. i did not fall for it, but will never use booking.com again.",Negative,0
very misleading very misleading. new customers are under the impression that they are receiving free credits when in actuality when they go to check out their shopping cart the company asks for a credit card. i had to cancel several items and request refunds for things my teenage daughter purchased. it s not worth the headaches as they take their time to reimburse you.,Negative,0
"horrible customer service! horrible customer service!! i realized i was being charged twice monthly for uber one memberships. trying to figure out how to talk to someone at uber is next to impossible, even just a way to start a conversation to figure out what was going on. eventually i found a chatbot and my issue was escalated after some type of csr let me know that there was a person whose name i didn t recognize had opened a second acct using my credit card. from there, supposedly it was being moved up the food chain, but the responses i received were either ai chatbots or some clueless employees who didn t read the chats. there is no way to talk to a human being, and eventually, after talking to my bank and reporting the fraud, i just decided to close my entire uber account mainly due to my frustration with the lack of customer service. for the prices uber charges, they should have a human available. never again!!",Negative,0
"140 order was never delivered to hungry family my family ordered dinner from gates bbq costing over 140 plus fees and tip. this was a full family meal including 2 slabs of ribs, fries, sandwiches and overall the works. the order was picked up by the driver but never delivered. the driver sent a black screen instead of the actual picture of our food at our door. the driver was allowed to keep the tip and no explanation of what happened to the food. my family was hungry and upset and we had to drive to restaurant and spend another 100 plus dollars this same night. in this economy this was a nightmare. never again we will order a large family meal through doordash. they did provide a refund for the meal, not the tip, but this takes many business days. while doordash is convenient at times, be careful and mindful of what happened to us.",Negative,0
"never use them- they do not refund we booked a hotel that we found on trip advisor, through booking.com. trip advisor indicated the hotel was pet friendly. when we showed up at the holiday inn and suites in meriden we were told it was not pet friendly. booking.com refuses to refund us as they blame trip advisor. trip advisor blames the holiday inn and suites for not monitoring the trip advisor site. booking.com is who we paid so they should be reimbursing us. we were a family of four left to find alternate accommodation in the middle of the night. very disappointed. will never use booking.com again.",Negative,0
why is law not enforced? why is law not enforced? they use illegal methods like clicking in a field next to the button to cancel your cancellation. after that you cannot cancel and customer support is not existent in my account.,Negative,0
"my honest review the rides on uber are cheaper than the rides on lyft. i like how the app makes it easy to spot your uber driver's car. however, i do not like how uber takes a large sum of the driver's earnings.",Positive,2
point a to point b very quickly!! i was picked up quickly and the driver seemed to be a very nice guy. everything with the app went smoothly!,Positive,2
"the call center talked to me and put my the call center talked to me and put my mind at ease, and explaint the workings on the weekend. thank you.",Positive,2
"never use uber eats! never use uber eats!! their customer service is either a computer or staff are trained to ignore and irritate customers. we ordered two orders of fish tacos for 14.95 each, a service fee and a tip on the amount. we discovered after he left that we only had one order. i contacted uber eats and they automatically refunded me 13.65, less than i paid for the tacos!! i chatted there s no phone customer service that i could find with three or four agents and asked for the manager, each time their only response was, your refund has already been given so we can t change it!!! i was so frustrated that they not only didn t compensate me for their error, they didn t even pay me the full amount i was cheated out of!! and they didn t care one bit about me the customer, it s all about making more money at our expense even money that doesn t belong to them. never again!! i m using door dash from now on.",Negative,0
"very easy to transfer funds in very easy to transfer funds in different currencies, good exchange rates and low fees.",Positive,2
good music and playlists but im so good music and playlists but im so annoyed by advertised music,Neutral,1
"easy easy, your money anywhere you go with international debit card. pay with any currency you want and easy to move your money.",Positive,2
"temu is a scam temu is a scam i got charge with 25.57 for the 5 items that they said is for free plus 4-5 small items on top of the 5 free items. i bought another 9-10 items and got charge 64,69 and i also bought few more small items and got charge 12,30. the thing is they gave me over 200 cash but i have to spend a few items for me to get that 200 and i did but i got nothing after i bought all of that. i still dont see the main items that i have order.",Negative,0
"impossible to talk to a person! spotify is double charging me. they put charges on my credit card two weeks in a row. it is absolutely impossible to talk with a real person. you get robot answers and they are ridiculous. spent a load of time online trying to straighten out the problem with no success! to stop them, i have to close down my credit card and get issued a new one. buyer beware!!",Negative,0
"why am i paying netflix for chinese why am i paying netflix for chinese , thai japanese movies , and there is more and more appearing , which are neither dubbed or have subtitles ? and for most of the movies that do have subtitles , like spanish ones or ones from latin america, they subtitles are up and away before you get a chance to read them . how can you watch and enjoy a movie if you have to continually stop and rewind then pause it to read the subtitles ? when i pay a subscription to a platform like netflix i expect to be able to watch all of the content not just some of it and why does it take so long for new content to be added . its getting ridiculous now , i think its time to cancel .",Negative,0
i spoke in phone line 3 times they i spoke in phone line 3 times they don t know what to say,Negative,0
what a joke what a joke. they cancelled our trip with no notice. they actually double booked us. do not use them. absolutely useless,Negative,0
i would rather stick pins in my eyes than deal with them again i wish they offered minus stars because i have had one he.ll of a frustrating afternoon with netflix trying to just get them to accept sky on my account. 2 agents satendar terlapu - who have to take the brunt because netflix will not train them properly or invest in proper customer services.,Negative,0
worst experience ever called customer worst experience ever called customer service about getting a discount or price consideration since i would be upgrading my membership to premium and adding two additional users to my account have been with netflix since 2016 so i thought i could speak to someone that could help me save some money being a good member and had never even spoken to anyone at their customer service since i opened my account so as a good customer thought maybe they can give me a discount spoke to a rep by the name of g she was rude as could be she said there are no discount no matter how long you being so i asked if i could speak to manager she said nothing would change because asking for manager was not going to give me a discount so then she transferred me so she said buy another person got on the call and said she was the manager called q and her response was this is a month to month app we do not give discounts nor offer better prices and that their is no membership her and that if i did not like it i could cancel anytime and go somewhere else to be happy with a prince to my liking and that i can give them a bad review because netflix don t care about customers and that they don t have will to cancel at anytime,Negative,0
"fraud i booked a reservation through booking.com, only to find out that it was fraudulent 4 weeks before travelling. i contacted them to ask if they could confirm and they continuously told me it was ok. i carried on looking only to see more than 30 people writing that itnis fraud and that they turned up in rome to no accommodation. despite this, booking.com told me it was fine and then when i went then screenshots they told me that the reservation was cancelled. i am now 6 days away from travelling and finding it impossible to find anything within the same budget and that has space and they will not respond to my emails",Negative,0
"drivers cancel on you drivers do not turn up. their contract says you cannot cancel until one hour after they were supposed to be there. extremely unfair. they allow you 5 minutes waiting time, you have to give them one hour. a paltry 25 euros in compensation. i missed my bus and only caught my flight as i got a local taxi all the way to the airport. for 141 euros. app deleted.",Negative,0
what's wrong with the laggy music like what's wrong with the laggy music like i swear it stays paused for like a whole minute and it only goes back to normal when i go the app its self its just so annoying. also they decided to think it was a good idea to add 1 and a half muunute adds!!!! like can it get any worse. alr that's all,Negative,0
avoid this company and china altogether avoid this company and china altogether until anti cruelty for animals are enacted.,Negative,0
prices of the subscription went sky prices of the subscription went sky high in the last year also the app still doesnt support loseless audio.,Neutral,1
do not use this app it is a scam do not use this app it is a scam. they send drivers who lose your orders over and over again . they buy items even when you say refund . they replace it with stuff you never wanted. dealing with customer service is a joke. it is a huge waste of money.,Negative,0
always a very good service. always a very good service.. money sent over to australia straight away ..,Positive,2
don t publish negative reviews very easy to use and we ve had no problems. use it a lot. losing a star because they only post positive reviews. negative reviews don t get published. do they even let the property know so they have an opportunity act on the issue? check on other sites for true reviews.,Positive,2
"poor, opaque service said the person would get an exact amount then took additional money out of her side without saying why. customer service did not help. in response it was not a swift transfer and the wise screen told me the person would be getting exactly that amount. so everything you have written is false.",Negative,0
"all good all good, just a great service!!",Positive,2
"nightmare for hosts for a host, booking.com is a nightmare. we have a private partnership in greece which is not registered in the commercial register only at the tax office . for almost 2 years we are struggling with booking.com that they accept our proof of existence. obviously they want only the business from the large chains and companies. not recommended.",Negative,0
they reached out in a timely manner they reached out in a timely manner. i was able to get my cards reprinted! thank you,Positive,2
i pre-booked a xxl and last minute they sent xl car which does not fit all the members in the group. stranded with no options end up using that car to send young and elderly people and rest had to use... see more,Negative,0
fun and useful! canva is fun and useful!,Positive,2
"the customer service is terrible the customer service is terrible, i have been waiting 2 hours for a delivery while online to the chat if i cancel it they said i will be charged 10 i have asked for the complaints procedure and to cancel my uber one account every time i do so they end the chat",Negative,0
"absolutely terrible service absolutely terrible service. half the time it just tells you it cannot load and requests you to go to offline mode, despite full cell and internet service, and when it does not do that, it just drops songs podcasts. i refuse to pay for this service. use youtube premium instead. much better product for your hard earned dollar.",Negative,0
if i could give zero stars i would if i could give zero stars i would. im sick and tired of the woke blasphemous shit they put on there. im also sick of all the gay adverts. why am i paying to watch stuff with constant adverts cutting in. i am canceling next month. amazon is not great but its abit better than this platform.,Negative,0
"easy easy, economic, helpful",Positive,2
"i do not shop on temu and this is why here's what i hate about temu. when i want to shop i do not want to play games and pick cheap items for cheap prices, and spin a stupud wheel. it is for people who have nothing else to do i guess. i get so sick of all of that when i go into the temu app i just leave it. i have never purchased anything from temu for that very reason and i never will.",Negative,0
"spotify is honestly the best app on any spotify is honestly the best app on any of my devices, the personalized sets of playlists each day. i hear something new i love every week, especially new music friday and release radar. i wish i always had access to all of the music basically ever produced. i forgot how i lived before this app.",Positive,2
very good plenty of editing tools i have photo editor very good plenty of editing tools i have tried a lot over the years but this is unbelievable,Positive,2
"censorship from my perspective their biggest fault is that they censor negative reviews on their members. a couple of years ago i gave a very negative but objective, and absolutely polite rating on a hotel which level was horrible, and which room had just nothing to see with the photos on booking's website they kept my vote 2 5 , but cut and trasformed completely my review so that it looked like an almost good one, instead of the terrible one it was meant to be. seriousness is something else again.",Negative,0
"uber charges fraudulent charges uber canada allows their drivers to charge fraudulent cleaning fees. i was charged the next day 127 uber refuses to discuss the charge. im warning anyone i can to avoid being scammed like myself. not sure how theyre getting away with fraudulent behavior. there's many similar cases ,some even worse as per the comments on thier social media and yet no repercussions.",Negative,0
"it was fine it was fine, after i figured out how to use it.",Positive,2
i have been waiting since the 23rd of i have been waiting since the 23rd of july for a refund i been told multiple times that it has been processed now it s august 8th way past 10 days n im yet to receive the refund. the person on the phone is now saying 7-12 days. that is unacceptable horrible customer service . takes so long to get a refund even when hotel confirms they approved it. worst website ever,Negative,0
"door dasher has food thieves twice now someone has picked up my food from wawa, and decided they needed it more than me. either have some standards or pay your people better. this is ridiculous",Negative,0
thank you for being in this stars and thank you for being in this stars and we truly enjoyed,Positive,2
"all very practical, costs are lower now. the costs for all transactions are minimized, and the tools on the mobile phone and computer are very practical.",Positive,2
"spotify is a vgreat for listeners, frustrating for independent artistsery strong platform from spotify is a very strong platform from a listener s perspective it is convenient, easy to use, offers a huge music library, and has become one of the main places where people discover and listen to music. from the perspective of an independent artist, however, my experience is much more disappointing. spotify gives the impression of reach and visibility, but in practice very little of that turns into real support or sustainable growth. streams generate extremely low income, older achievements quickly lose visibility, follower numbers feel unstable, and without additional marketing money almost nothing happens. the problem is not spotify alone, but the whole system around it. artists create the music, invest time, money and energy, while platforms, distributors, labels and marketing services benefit far more from the structure. for independent musicians, this can easily become frustrating you keep working, hoping and investing, but the system rarely gives much back. for listeners, spotify is excellent. for independent artists, it can be deeply discouraging, unfair and exhausting.",Negative,0
"i appreciate the ease of reserving a i appreciate the ease of reserving a ride, tracking and detailed info regarding the car and driver photo. overall, a great experience!",Positive,2
i could not do it without canva! canva has helped me make beautiful flyers and creative invitations with ease. i recommend canva for all people who need help with creativity.,Positive,2
"classic bait and switch, the desperate low lifes... first time i used these scammers today, and i encountered the most carefully constructed, cynical, and vile, bait and switch scam. choose 3 free gifts they say... but they are not really free, and there are not really 3 of them... after spending ages picking the 3 alleged free gifts and even though i had already spent over 100, i was told i had to buy something to qualify, so i bought something, and i qualified for just 1 free gift, then i was told to buy something else to qualify for the next free gift, so i did, but then i was told i had to buy more to qualify for this second free gift... at this point i realised that i had been scammed, and that temu are absolutely despicable. as i said, before i entered into this scam, i had already spent over 100 on a product, so in future, if i want anything again, i would rather pay more and get it from anywhere else. temu, you are so sharp that you would cut yourselves! you could have gained a valuable and loyal customer, but for the sake of a few bits of cheap trash, and a few quid, you have lost far more profit than you could imagine! had you actually just sent the free gifts that i chose, instead of baiting me with them, and switching to trying to get me to spend more and more, i might have thought you were a great bunch, but now i think you are desperate low lifes! good people, take my advice, and that of most reviewers on here, steer well clear of these horrible people. and before some copy and paste fake named temu rep responds to this review, i already chatted to your useless customer support, told them all of this, and they said dear customer, i sincerely apologize for the issue you have experienced. i completely understand how you feel, i would feel the same in your situation. we truly appreciate your valuable feedback, and we have taken note of it to help us improve our service. they 'completely understand how i feel' and they 'would feel the same in my situation', but all they can offer is insincere patter and total bs... in other words they are saying, 'oh, we know full well we scammed you, and we do not actually give a damn, poor you'! they are amoral and cynical short sighted scammers!",Negative,0
utter ancors for cancelling kaos utter ancors for cancelling kaos. you will never see a dime of my money again. infact this final straw was the reason i invested in a ripped firestick. down with netflix,Negative,0
"steer away from this website i used booking.com twice, ended up being a horrible experience both times. the first time, i booked a place to stay at in toronto. it was nothing like described. the listing had used fake pictures, the place had bugs, and we were told only 3 people can come in even though our reservation was for 5. the second time, i give it one more chance and rent a car on it. when i show up to come pick up the car, i get told that they dont have my reservation on file and that i shouldnt have went through booking.com. my advice would be to absolutely steer away from this service because they turn simple bookings into stress tests.",Negative,0
"there s no help on the support bot there s no help on the support bot chat, god help me get my premium back.",Negative,0
evil corp app does not work more than it does and customer service is unreachable even the ai bot which is like beyond me and they want me to give them 14 a month while my user experience is in the gutter and they fund ice? cancelling!,Negative,0
"doordash customer support is aweful and not responsive its not surprising that doordash get's 1 star from 14k reviews. my experience was terrible. restaurant was 30 min late delivery, and half the order was incorrect and we could not eat it. i spent 80 on an order and doordash support was completely useless. will be using uber eats grubhub instacart going forward.",Negative,0
"awesome service above and beyond rapid, prompt. customer service great",Positive,2
biggest hoax i ve ever ordered from biggest hoax i ve ever ordered from. buy one get one til they charge you. door dash biggest enabler. they re all in it tg. you know what i mean! uber eats till i collapse. atleast that s an honest american company shafting you.,Negative,0
the worse service you ever have!! the worse service you ever have!!! i placed an order for the groceries for costco through door dash. they delivered to completely different address and refused to take a responsibility out of it!! i spent 300 for this and got nothing!! their help desk are useless!! even the the supervisor are useless!! the map clearly shown they dropped it off to the wrong place!! and all they need just to retrieve it and sent it to the rite one!! how hard is that be??? so unfair from my end but they literally do nothing about it!! pls don t ever use this useless service!! they are more like robbing u!!,Negative,0
worst platform to exist worst platform to exist. ads every 10 mins while watching a series or movie. paying a subscription and they want you to pay 6 extra just to avoid. absolutely embarrassing,Negative,0
"booking.com is the most terrible site booking.com is the most terrible site to book anything. there are no contact numbers to reach them. i needed to change my flight booking. there are no phone number and the manage my flight tab on the app is not responding. hundreds of pounds lost. never use them, scam,scam,scam",Negative,0
"wow, could not even use the app let alone book a taxi wow, utterly useless app so i could not even book anything. created an account on my laptop then the app on my phone went in circles demanding email, whatsapp codes and then passkeys. then it wanted me to scan a qr into my laptop to look at a passkey there after doing text code, email code triple factor authentication? useless and then said it could not would not and to contact support - app deleted and i will never try again.",Negative,0
wont give a refund wont give a refund when refund was promised. disgusting filthy company,Negative,0
"all you information gets retained when you delete your account, do not trust, just dont buy from them i had a problem with a product that i was returning. they fought me for over a month and a half and gave me temu credit instead of going back to my card. i decided to delete my account, so i asked what information of mine they would retain and for how long, they would not tell me. do not get involved with this unethical, untrustful company! answer to temu they have not followed up on the matter. i asked for what was kept and for how long and they would not answer. said they put an urgent ticket in to the higher ups to get me an answer, that was 2 weeks ago, there is no answer coming. i filed complaints with government agencies just to cover myself if something happens to my credit or someone steals my identity, i want it in print what temu is doing. all they have done the last two months is lie to me about a return i had to fight for and they ending up giving me a temu credit instead of cash and now they just keep delaying giving me an honest answer. i cannot tell you how frustrated i am, and how you need to just stay away!",Negative,0
"an indispensable service for sending an indispensable service for sending money, managing virtual cards, i can no longer do without it, flexible, fast, competitive and it works at any time of the day",Positive,2
what a waste of time complaining about product that was faulty. cost was about 17.00 but temu and klarna are not very good at issuing refund or accepting product faults. do not purchase from this cowboy outfit. i no refund for faulty product product fault when can i get a refund or credit for product that was reported as faulty and poor customer service,Negative,0
i think the subtitle menu is to fast to i think the subtitle menu is to fast to catch up on especially if u are a beginner deaf and also the write ups about the film doc drama . it goes away to fast please let us have time to read it,Negative,0
"unreliable unreliable! i pay for this platform and they have two fundamental problems 1. they often change usability, things move, change, get deleted and 2. outages!! their servers cannot cope. i often have issues with uploading, continuous circle trying to upload and getting no-where. it could be a brilliant tool, but the unreliability makes it difficult. suggest adobe express, never an issue",Negative,0
"wise currency card we used the wise currency card while travelling to vienna, bratislava, budapest onto azerbaijan, georgia armenia. the exchange rates were very good we loved the ease with which we could add money to the card use it for payment in all the different countries.",Positive,2
"hidden unreasonable cancellation hidden unreasonable cancellation policy, difficult refund policy still begging for a refund and non-existant customer service",Negative,0
just sooo easy hey there hearing this completely made our day thanks for taking the time to drop us a review we are so glad to have you with us! wise,Positive,2
stay away from uber at all costs did not stay away from uber at all costs did not realise until my partner pointed it was paying drivers cash when booked cash rides but also taking it from my bank account aswell so been paying double on 3 separate accasions now was uber interested in solving this problem no not all i ended hanging up on them stay away people may be cheap rides but they gain back buy taking it out your account aswell as paying cash when i booked a cash ride disgusting,Negative,0
"my netflix account was hacked they my netflix account was hacked they changed my credit card info, i spoke with someone from netflix but they couldn t get me any information. i decided to put the account on hold, changed my password and signed out of all my devices. still just about every day i get messages that someone is trying to get on my account. the only question netflix asked me when i called them to inform them about this issue was, would you like to reinstate your account. if they can t keep my account safe why would i want to do any subscription with them.",Negative,0
"too expensive for bad content and restrictions the app interface is still the best and smooth, but the price increases are getting out of hand. now they lock 4k resolution behind the most expensive tier and blocked me from sharing my account with my brother. plus they cancel every good show after one season. not worth the premium price anymore.",Negative,0
"every time i click my song it does not every time i click my song it does not work and this has been going on for over 2 weeks, youtube is better then this. please fix this problem or i think i may not use it.",Negative,0
"awful awful, instantly canceled my order after taking my money and then they wouldnt let me get credits and instead made me wait 5-7 business days for my money back.",Negative,0
if i could give it a minus review i if i could give it a minus review i would. door dash delivered our meal 1 hour after ordering from a restaurant 4 kms away. it was left in the driveway with no notification it had been delivered. will never use door dash again. it 47 for a cold meal. was my first time using door dash and will be the last.,Negative,0
"driver threw us out of the car because he wanted a longer fare i booked a trip to a medical center because i tore a ligament in my knee. when i booked, i entered the address. he only drove us a block and insisted we get out of the car. he said he could not take us there, it was close and we should walk. i told him that i cannot walk, that's why i was going to a medical center. he said he did not care and threw us out of the car. unbelievable!!!",Negative,0
good for songs but what s the point of good for songs but what s the point of advertising for people to advertise and then advertise for premium so they don t want to listen to ads it s beyond me,Neutral,1
"limited new content i noticed that the selection of new shows is getting stale. many of the titles i searched for were simply not available. the suggestions often miss the mark, leading to endless scrolling that feels like a waste of time. occasionally, the app slows down, and i have to reset it. it frustrates me that i pay for a service that doesn t seem to be evolving. i thought netflix would have more engaging content by now.",Negative,0
"password change no access to account i changed my password, now i cant login for 24h, if i want to contact customer service i need to login ...wtf!!insane that huge companies like spotify have the freedom of doing wathever they want to their customers",Negative,0
"unreliable servic ordered an uber 2 days in advance for 11 40 am. there was no driver in my driveway at 11 39 am. then got a notice at 11 40 am my pickup time that the ride was cancelled. got charged. looks like the driver did not like the short 3-mile trip. his name is chamara. also, it takes uber a long time to respond to such instances. i have put in multiple complaints with the bbb, state and federal authorities. uber is not reliable.",Negative,0
avoid temu avoid this company at all cost they subtract 25 percent and any discount they have applied to you when refunding items they seem like a con they show pictures that are not accurate and when u return you dont even get the money u paid for the items they win again. seller send u wrong items and they do nothing tell u to speak to seller which refuses and your left shrouded.,Negative,0
"what the heck is wrong with them what the heck is wrong with them? booked uber, waited 20 min. finally got the booking. bang, booking cancelled. another driver responded, bang, cancelled. it is a circus. avoid if you can",Negative,0
"uber feels like a scam uber feels like a scam. they charged me through paypal for a service i never used. well yeah,we can vent out our frustration here but uber didnt care at all.",Negative,0
"booking.com does not verify host terms... non-refundable despite hidden requirements booking.com does not verify their hosts' terms and conditions. we paid on booking.com and then got sent an obligatory check in agreement from the hotel with crazy terms blanket authorization to charge my card if they see fit, removal of all liability for any issues with the accommodation including injury or death , among other concerning things. spent literally hours emailing and calling customer support trying to cancel. was forced to pay for a hotel where we never stayed because the reservation was non-refundable, even though these terms and conditions were required by the host and present nowhere on the listing. booking.com processes your payments but accepts no responsibility whatsoever for the accommodation booked and will not refund you when it does not correspond to what is advertised.",Negative,0
quick response to questions quick response to questions. how long can i keep free canva .,Positive,2
"netflix is the worst platform now ever netflix is the worst platform now ever. instead of making it easier to enjoy and view your subscription, now it is a pain in the . it sucks if you are a digital nomad, terrible movies, terrible service. it constantly is kicking you out. i had to pay in another country as well to be able to watch it, and then it does not let me watch it worldwide. i am about to close my account. i am not even missing out on good content to be honest.",Negative,0
worst customer service and no person to contact. worst experience never using again. i m celiac. i am also a dash pass member. i ordered from aldi. there was a list of items that was able to choose substitutes for. the gluten free bread i ordered was not in the list. i reviewed every item available and chose only gluten free swaps. my gluten free bread was unavailable and the apparent likely replacement was bread with gluten. i can t keep this in my house never mind eat it. and doordash will not refund me. have cancelled my doordash dash pass and will never use door dash again,Negative,0
"not everything is bad, but you have to be careful you really do have to be careful cheap doesn t necessarily mean good. there are certainly some good, affordable products, but there s also a lot of rubbish where the products look good in the photos and the description, but then don t work as well in practice or are not of that material as you d expect. also, be aware of the many 5-star reviews the comments often reveal whether the buyer is giving a genuine or useless review of the product or if he has really used the product. at least the refund process is straightforward if there is a problem with any product.",Negative,0
"what type of app makes you pay for subscriptions for adverts what type of app people make you pay for a subscription and then still give you adverts fix up netflix no one will buy this app. investing money into your app so you can juice us with the adverts atleast apps like spotify, youtube and so many other movie apps too have the common decency to not give adverts and they are cheaper than netflix!",Negative,0
everything is easy everything is easy. rates are fair. no bereaucracy. trust.,Positive,2
netflix you are the worst subscription netflix you are the worst subscription supplier out of everyone. this constant asking for clarification is beyond a joke. no one else does this every week you have to do it people don t waste your time go to stan or one of the others,Negative,0
"booking.com's customer service is appalling booking.com's customer service is appalling. following a major problem in seoul for which booking.com is responsible, i sent numerous emails and a detailed letter to booking.com amsterdam on 25 march 2026. as of today, 10 august 2026, i have received no acknowledgement of receipt and no reply. it is appalling. i will never use booking.com again. if you have a problem with booking.com, you are completely on your own. fernand ch",Negative,0
"bad service on all the platforms, they promote that the transfer should take less than 24 hours. when we proceeded with the transfer, it has not gone through even after 10 days. they are asking repetitively the same questions and delaying the process. now, they are not ready to refund my money which they have taken from my account 10 days back.",Negative,0
"beware. booking.con makes all bookings non refundable i booked a hotel by the airport using booking.con 2 weeks before my trip. 24 hours later, i tried to cancel my hotel but booking.con told me that my booking was non refundable. i did not check any box or even remember seeing an option to make it non refundable. i had to cancel my hotel anyway which cost my me 168 for absolutely nothing. never again will i use booking.con. i will use expedia from now on. i would give them 0 stars but trust pilot will not let me do that",Negative,0
"simply pathetic i have never used uber for food delivery. only used it a couple times in my life for rides to and from airports. apparently, they started deducting 10 every month from my account for no reason. i have removed my card details from the app but i am still getting charged. i am trying to contact them but there is apparently no contact number. they have found new ways to fraud and take people's money unethically. i picked it only because i never use uber. imagine other ppl who do, would think that that is one of their own expense. for such a big company to find new ways of ripping ppl off it is so low, shameful, pathetic and disgusting.",Negative,0
"charged without a reminder and difficult refund process i was surprised to be charged for spotify premium because i did not receive a reminder before the renewal. when i tried to cancel and request a refund, the process was confusing and it was not immediately clear who was handling the billing. i think customers should receive a clear reminder before renewal and have an easier way to manage cancellations and refunds",Negative,0
i ve had very good experiences with all my transactions so far. processing has always worked straight away or within a very short time. you are kept fully informed of every development. customer servi... see more,Positive,2
peak seeing the amount of 1 star reviews is frying me bcs idk what drugs ur spotify is on i personally love my spotify like it does what it needs to do... all the ai playlists are really annoying me but some of them are actually so funny like why is there a legit playlist called 'the adventures of tung tung tung sahur.' anyway love spotify and im glad that mine is not tweaking...,Positive,2
"rude and inadequate uber customer service i pre-booked a xxl and last minute they sent xl car which does not fit all the members in the group. stranded with no options end up using that car to send young and elderly people and rest had to use public transport to reach destination on time to attend pre-booked event. when called customer care no empathy what so ever and they disconnected the call mid-way through the discussion suggesting they cannot do anything and i have to rebook on my own descretion. when tried to raise this issue through chat option also, case being closed without any explanation or solution. i used uber before many times but i see their customer service standards are going down to rock bottom as they are growing into monopoly in this field. really bad experience and bad customer service. similar experiences to few of my friends as well, pre-booked taxies got canceled last minute and struggled to reach airport to catch flights. probably people need to raise their voice and teach this rude company a lesson. nouber",Negative,0
cancelled order cancelled order doordash charged afterward on account ask to cancel transaction on account for order was cancelled instead they put a credit on doordash account i didn t ask for on message to them they just passed me to different people do not leave accounts open for them to use absolutely untrustworthy,Negative,0
"verified student still being over charged, no refund. i verified my account as a student account and should have only been charged 6.99. instead i got charged 12.99 and when i tried to get a refund, the policy says will not refund for charges already paid . yeah is not the whole point of a refund to get your money back? on top of that the faq help section is useless and confusing. under the charged too much tab, all it shows is how to view your receipt and thats it, does not address how to solve getting charged too much. scummy business and policy. canceled subscription and looking for alternatives.",Negative,0
"bruh bro, the songs will not even play",Negative,0
good service and convenient good service and convenient,Positive,2
"netflix is getting to greedy netflix is getting to greedy. 20 a month? seriously? , they need to go broke. or 9 with commercials. its worse than prime, and prime is also getting greedy.",Negative,0
good customer service roxanne marie was quick to solve my issues. thank you for your help!,Positive,2
"fraudulent selling tactics fraudulent selling tactics. the listing claimed it was an entire place with a private kitchen, but it turned out to be a shared apartment with no cutlery, a smelly room, a dirty washroom, and no toilet rolls. additionally, there was no fan during the summer, and i received no response from the contact number provided. when i complained about it to booking.com they just added approx 8 to genius account. i wanted answer in writing but nothing done. i wanted to know how fraud can be done like this. no reply to online chat for multiple reminders which supposed to answered within 24 hrs as per their automated reply. tried to contact over phone twice but useless and even dropped the call without any followup. complete waste of time and money. even till today that advertisement for rooms with similar fraud information is there on booking.com website. its is like booking.com promote support fraud selling.",Negative,0
"misrepresentation of discounts, no temu staff contact ever 1 i was building an order invoice to get past 90 in order to get a promised 25 credit when i passed 90. temu shut the order down after i amassed about 55 so i was shut out from getting to the 90 level needed. apparently i added 20 of extra items to the order which reached 74 when i stopped because the original credit was no longer offered. i kept this order, but i was upset. 2 when ordering there are some orders that are filled locally and others from china. apparently only chinese orders can be pooled for extra credits. the buyer is not told or made aware which items qualify and so a 90 limit may not be reached i.e. ordering can be stopped early. 3 i decided to run up a second large order po-037-21921422510711531 and after each item was posted temu ran a banner that the 90 limit was in effect and when reached a 25 credit would be applied to the whole order. after each item a message even flagged how much more had to be purchased to get the 25 credit applied to the cumulative order. temu s rolling tactic pushed me to reach 96. a page was displayed to effect process the whole order and that taxes, shipping free and credits would be displayed on the closed invoice to come on the next page. i pushed submit and the final sale was consummated without the earlier promised 25 credit. further, my highest accumulating invoice total had been 96 but the final invoice showed 115 with no explanation for the discrepancy. i was billed for that high unexpected amount when i expected 96 minus 25 for a 71 total. 4 my complaint temu chat ended up with temu s reps in the philippines rose, very knowledgeable , not actual temu staff. rose quickly understood the reasons for my call and said she would escalate it to where? . after an hour i said that if temu did not contact me by 4pm i would cancel the order. rose called me at 3 30pm and helped cancel the entire order which temu had placed into 3 separate suborders unknown to me . it was not possible to cancel the payment and keep the order on the side for later reprocessing with temu s corrections. 5 rose informed me that not all temu clients get the 25 credit offer and that she had no way of proving what i was offered during my ordering items, one by one. while she at first said i had been given the 25 credit she quickly acknowledged that the credit i had accumulated came from each item as it was ordered separately. these smaller credits had nothing to do with the promised 25 amount. 6 i had taken about 90 minutes to amass the order, a time-consuming process. later contacts with rose ran more than an hour. my time is valuable temu had me running around for 3 hours for nothing. the order can be restituted from temu s system. i await a call from a senior temu staffer to resolve temu s deceptions not only for me but all canadians. 7 if temu does not resolve its fraudulent actions in an expedient manner, i will have no recourse but to contact canadian government ministries involved in the control and monitoring of import export scams of foreign companies.",Negative,0
i just wanted my damn wings placed my order at 11 pm. i am a night shift nurse so i cannot go get food and the cafeteria is closed. restaurant is less than 5 minutes from the hospital. order was cancelled by 3 drivers and charged twice before the fourth driver told me at 1 am it was already picked up and the store was closing. i did not receive food. i asked why someone was allowed to steal my food that i paid for and now i am out 115 until the refund comes back in a week. i have payments to make on top of having to pay back the other people who had ordered something. drivers like the last one are great but the pieces of shit that steal other people's food should be fired and i have no sympathy or respect for anyone who steals and thinks it is okay or laughs about it. i was hung up on for voicing that and the driver still got to keep the tip. i am supposed to be refunded everything but the tip so we will see. there should be consequences for actions but obviously there are not anymore. doordash should be shut down or the drivers should be better monitored and actually given reprimanding or fired. but no they hire anyone and everyone and allow them to do this as much as they want and refuse to give any information on the person to cover their own ass.,Negative,0
secure and efficient i discovered wise many years ago when living abroad and needed and easy and secure way to make transfers between my accounts. since that i have been using wise both to make transfers and as a visa card using eur or usd. it proves secure and efficient over the years. not like n26 that did not provide any support when i got tricked using my card with an apparent charge of 15usd that became 350 eur with a tricked terminal. i cancel my n26 account and i am only relying on my wise card.,Positive,2
netflix is a problem every single day netflix is a problem every single day! this app stays cutting off all the time and not worth the money! i will find better apps that actually play so that i can get thru a whole move! live tv is better at this point! definitely deleting!,Negative,0
i had a wise card for over 2 years i had a wise card for over 2 years. it was a wise decision for me to aquire the wise card. much more convenient and cost less than it would if i use my normal bank and credit cards.,Positive,2
it is uncomplicated and easy to use it is uncomplicated and easy to use. the whole process is very quick and you are kept informed of your monies progress at all times. their rate of exchange is fair.,Positive,2
"temu has harassed me leave me alone i do not have help from my us government if i had i would have taken you to court so long ago cease and desist subject final demand immediate cease and desist settlement dear temu, i am writing to issue a final attempt to resolve this matter before taking formal public and legal action regarding your ongoing misconduct, contradictory statements, and continued contact despite my explicit requests. to be clear contradictory statements lack of accountability your team s story has continuously shifted, demonstrating a clear refusal to own up to standard protocol failures and mistakes a dynamic documented extensively in public reporting on your organization s escalation practices. inadequate remedies offering a 3.17 good faith credit an insultingly nominal amount that does not even cover basic shipping, let alone address the scope of the issue is entirely unacceptable and fails to demonstrate genuine good faith. continued harassment i have repeatedly asked your company to cease contact, leave me alone, and close this issue. your refusal to respect a simple cease-and-desist request, paired with aggressive attempts to gaslight the situation, has escalated this into outright harassment. my position i have been willing to walk away, but your actions have made that impossible. consider this your formal notice cease unsolicited contact stop contacting me with empty rhetoric, moving goalposts, or insulting offers. proper resolution either present a meaningful, realistic resolution that accounts for the stress and disruption caused, or honor my request to close this matter entirely and cease all communication. if you choose to continue harassing me rather than resolving this or walking away, my immediate next step will be to post the complete, unedited record of this interaction including all emails, dates, contradicting agent statements, and your 3.17 good faith offer across major social media platforms, consumer watchdog review sites, and standard regulatory outlets such as the better business bureau and state attorney general . use this as a learning case for how not to treat customers, and direct your escalation management team to respond accordingly. sincerely, jacqueline lewis 4372 beaverton circle loganville georgia,30052 you have only to the end of the day to respond and to proceed with what you promised that you were going to do and if not i promise you that i will not stop until something has been done about this and i mean every avenue that i can go down and fulfill my commitment to me i will no longer stand around in allow you guys to abuse me to harass me even after you have robbed me you have unauthorized purchases with my credit card you have false advertisement which i have proved time and time again you have a carrier who stole my product and you refund the product but you fell to fix the issue knowing that your customer waited a long time for that product and was not given a promise that you promise of late would be 5 given to your customer you did not honor your own mandate i have had enough and i will not stop until i plastered all the information that you have sent me every last one of the management team's names who emailed me time and every issue that went before myself and your service agents showing that you are not willing to answer any questions that i have had and you are not willing to resolve this matter in a timely time i have had it enough this is it you only have to the end of this day to honor what you said you were going to do do it and cease and desist just matter walk away o",Negative,0
"i feel safe every time i do business i feel safe every time i do business with wise. safe, secure, reliable wise is the best!",Positive,2
"issues with downloads, and customer support is absolutely useless a couple of weeks ago, i downloaded some episodes, they showed up as downloaded in the app, but when playing them, a couple of min in, i d receive a message saying you ve reached the end of what was downloaded, connect to the network to keep watching . now, some episodes i had downloaded simply disappeared from the app, despite the fact that i didn t uninstall it, clear cache, or touch anything else. the tv series is still there, so it isn t a licensing issue either. in both instances, contacting support was absolutely useless, the only answer being download the episodes again . if i had downloaded them in the first place, it clearly means that there was some reason why i could not download them after??? like limited data?!?! it s just absurd how a key and basic!!! feature like downloads can be so unreliable and customer support so unhelpful, considered the premium prices we pay for this subscription.",Negative,0
useless talking to ai robots to sort useless talking to ai robots to sort issues out asking me the same s h i t e repeating myself . they just a fraud no help what so ever . finally got to speak to someone and they were helpful instead of talking to robots so annoying this ai stuff . well had a message yet again and telling me the same rigmaroll basically love wasting my time as usual . want the money but do not like when you complain of how some of the products are not as described . avoid .,Negative,0
their customer service is an american ai agent their customer service is an american ai agent. do not use,Negative,0
the biggest company and they needed to the biggest company and they needed to steal of a single mum. i ve been being charged twice for my account. called to cancel and refund and customer service is now cheap bullies abroad. underpaid and over worked no doubt as they couldn t solve an issue if their life depended on it!! and instead of helping they just become belligerent and rude. genuinely just trying to make sure my account was safe and just got hung up on three times!!,Negative,0
"excellent across the board easy to use, great templates, wonderful idea-starters",Positive,2
wow .initially as there were first starting initially as there were first starting off they were a little bit cheap and some of the things were a little bit jeep and cheerful but now they have up their game and they are providing much better quality stuff for the price do not get me wrong you could probably buy better but you would be paying like four times the price. what do i like about them they give you refund or credit instantaneously no questions asked as long as you do not take the rise out of them. the algorithm will spot you immediately if you keep sending stuff back arbiterally. and kudos to them .! lol 2 . if you buy or buy 15 quid worth of stuff they throw in the postage totally for free and return postage is free if it is damaged or faulty or not fit for purpose which means probably faulty. 3 same products on ebay but cheaper very often if not identical. vs the same quality of course. 4 app is super easy to use once you get the hang of it otherwise use your own pc which is easier to manage any returns hope that helps anybody ross uk,Positive,2
"charged for food from a place that is out of business, and would not provide a full refund my first time using doordash. we were staying in a holiday apartment, and it listed a restaurant a few minutes walk away. we ordered some food and i selected to pick up the order. after the app said it was ready to pick up, i walked to the address and the business was shut down and the space empty, with a for lease sign on the window - it obviously had not happened overnight. i used the support chat to try and get it sorted, as i had been charged 62 for food. after getting through to a human, they could not understand that the restaurant was not in business, and would not refund any money. i offered to send them a photo i had taken of the building. after two days of trying to get it sorted, i was told they would only refund 42, with no explanation and no further review from their end. i ended up challenging the charges with my credit card company, who have reversed them. needless to say, i will not be using them again.",Negative,0
"the parisian agency the parisian agency, the rap music doesn t fit the type of show it is. it seems like a family friendly show, but then you hear n igga, p ussy, and other unfriendly words. the black music doesn t fit the french experience.",Negative,0
"this company is literally scamming this company is literally scamming people and no authority is taking note. they offer car rentals, they charge your neobank without hesitation, knowing that the car rental company will not accept these types of cards. do not even try to contact their customer service because they have the guts to put you on hold, just to come back and make you click on countless of links until you find the small letters... needless to say none of these found in your reservation, so no refund possible, and in top of that, a reservation for 2 days, they tell you they will charge you for 3 days, technically making you owe them money. hope there's a group of people willing to press charges against this guy's, i am willing to assist on this quest!",Negative,0
my driver or dasher did fantastic my driver or dasher did fantastic,Positive,2
"good good, n great in speed transactions",Positive,2
"failure of consumer protection and lack of accountability i am writing this to highlight a significant failure in booking.com's role as a service provider. we recently stayed at an apartment where the physical reality bore almost no resemblance to the digital listing specifically regarding furniture quality, advertised amenities outdoor furniture exercise bike , and even the promised view. this was not merely a minor discrepancy it was a fundamental difference in the standard of accommodation we paid for. despite providing booking.com with a detailed report containing extensive photographic evidence comparing the listing to the actual property, we have received no meaningful response. there has been no attempt to address our complaint, nor any offer of compensation for the significant loss in value and the distress caused by these discrepancies. furthermore, booking.com has failed to take any steps to ensure the host updates their misleading information, leaving future travelers vulnerable to the same false advertising. we spent a significant portion of our holiday managing maintenance issues including a non-functional heating system instead of enjoying our stay. when a platform like booking.com ignores documented evidence and leaves customers to bear the full financial and emotional cost of misleading advertisements, they lose all credibility.",Negative,0
cannot log into uber driver. cannot log into uber driver. the staff at uber are terrible and have no clue what they are actually doing. i cannot log into my uber driver account and the did not care. it was just easier to delete uber driver and never drive for uber ever again.,Negative,0
"help for small churches with no online presence like many small churches with no real online presence we were turned down several times when applying for the non-profit membership, despite qualifying for it. however once i contacted the customer support team online they guided me through what documentation they needed to approve my application and we are now signed up. it was frustrating at first because we kept being knocked back by the automated system but the support team could not have been more helpful - they were great.",Positive,2
horrible do not use horrible do not use! never got my food after a 2h wait time,Negative,0
asking for info that does not concern u asking for info that does not concern u then asking for more after i gave it to u locking my account,Negative,0
"terrible ordered a cab turned up very terrible ordered a cab turned up very quick , i said hold on i will be 5 minutes , got my food and he had left. i ordered another so i paid twice for the same journey . i want my money back on principle",Negative,0
"booking.com is not trust worthy zero customer service, they claim price match guarantee, while they cannot even commit with their own website listed rates, i would not trust booking.com again",Negative,0
"i would give 0 if i could i would give 0 if i could. got kicked out of my husband's account, then tried to create my own account, only to be told that my card has issues. it does not - checked my bank. i have more than enough. wtf.",Negative,0
"it is just awful if you are not willing to shill 17.99 a month, do not even bother. spotify raises the prices whenever they feel like it, never take them back down, and would rather die than treat free users with any sort of respect. there are ads, genuinely, every three songs. the ads themselves are nothing short of eardrum-destroying psychological torture weapons that are designed to be as annoying as possible, on purpose it just is, ok? . to reiterate, do not bother with this awful platform if you are not a posh fella who can afford to shill 18 smackers a month on a mid streaming service. and if you are wondering where all that money goes it is not to the artists, that's for sure, as artists only get around 0.0022 per stream, without even considering that they need 1000 streams to even be eligible for payouts in the first place. tl dr website sucks go download some flacs.",Negative,0
easy 2 use 4 older people who are easy 2 use 4 older people who are hopelless with technology,Positive,2
"i have a returned package from june 21 i have a returned package from june 21 that has been delivered to temu company since june 21 and is now august 3, but i am still in the process of searching for the package and has not been refunded yet. when i complained, i only got the response that i was waiting to find the package there was no deadline for handling the case, i felt like a scam",Negative,0
please be aware i placed an order total please be aware i placed an order total 50 items were delivered i did not receive the order i contacted customer services only to be told repeatedly that my order was delivered successfully they showed me a photo of the delivery which was obviously an ally way nothing like my property or area i live in they refused to replace items or refund me i will never shop with temu again disgusting,Negative,0
"it s very loaded it s very loaded, too much with the deliveries and rides on it. it s fine",Positive,2
"terrible company terrible company, first time using booking.com and the host tried to keep my deposit, no mention of a deposit until i had paid for the property. booking.com did not help me in the slightest to get my money back, i had to go through paypal in the end. do not recommend.",Negative,0
"my name is bjorn. my name is bjorn. i strongly dislike uber - bjorn hi there, my name is bjorn. a long time ago, i took an uber. it was a mistake i will never make again. uber is very very bad, my car showed up 10 minutes late and could not even find the right place. the application and booking process are horrendous, and do not even get me started on the cancellation. i hope you do not ever make the same mistake as me. sincerely, bjorn",Negative,0
spotify 100 sucks spotify 100 sucks! it always stops playing! it is annoying. you would think they would fix it by now with having so many one-star ratings. if i could give it a zero star i would. i would rather pay for youtube premium..,Negative,0
i love my spotify and have built it up i love my spotify and have built it up over years. im now paying for premium without the services and have been for months. there is no way to contact to fix this. how do i fix this as i ve paid for approx 6 months with no premium.,Negative,0
problem with transfer 5 days later 5 days after transfer i received an email saying my transfer is delayed due to my address not being in my profile? i checked and i had entered it before my transfer?,Neutral,1
i do not recommend using doordash i had to deactivate my account cause doordash only wants to refund you what they want. then they want to give you credits instead of your money back. i paid 5.99 plus tax for my baby kids meal from wendy's that never showed up with the rest of the food. they gave me a 1.47 credit which they did not want to give cause they said the food was weighted and showed all of it was together. dasher did not speak enligsh and was no help. i have had to many problems with doordash and not receiving my food or it was made incorrectly to only lose out on money.,Negative,0
i do all my foreign exchange through i do all my foreign exchange through them,Positive,2
"the worst customer service support the worst customer service support ever. they hired people in india that could barely speak english. i had been trying to reach customer service to unlock the account for 2 days. total number of calls were 10 to no avail. they drop the calls, don t understand the problem and unable to solve the most easiest things.",Negative,0
"super easy service de livraison bonjour, merci d'avoir fait vos achats chez nous et d'avoir partag votre exp rience 5 toiles! votre feedback nous est extr mement pr cieux, car nous nous effor ons constamment d'am liorer la qualit de notre service. si vous avez besoin d'aide, n'h sitez pas nous contacter via temu.com ou le chat en direct de l'application temu. meilleurs v ux, l' quipe temu",Positive,2
this is the second parcel the delivery this is the second parcel the delivery driver has just thrown over the fence! the gate is open but no.... he insists on throwing my parcel over a 6 foot high fence!. just damn lucky nothing was breakable! not happy!,Negative,0
"very quick service clean vehicles very quick service clean vehicles, very personable drivers. courteous. and cost efficient compared to other transportation modes..",Positive,2
this company is a rip off this company is a rip off. charges you a lot more than other companies at certain times of the day. this is theft. the price should be the same every day. use your local taxi services.,Negative,0
"item out for delivery 7 days and still not here an absolute pile of shite who ve taken my money and delivered nothing. and now trying to get the review deleted. here you go. order ref. po-210-17564164424310876 my experience is real unlike your dedicated assistants here to help . thanks for your copy and paste reply. like everything you ve done to date you do not investigate anything. it s all hollow meaningless words. i have already used the messaging service you mention below and provided the response from evri verifying that they have lost the parcel. you ve been given this information and yet still you don t organise a replacement or issue compensation as per your t cs and a full refund. like i ve said several times in my communications in the last few days, this will be my last ever order and urge everyone to take note of your behaviour and follow suit.",Negative,0
new to the system and still learning. new to the system and still learning.,Positive,2
"absolute rubbish absolute rubbish, pay bare money for a subscription and you end up watching more crappy adverts than the actual movie you want to watch! two hour movie turns into a three odd hour, at one point 5 ads in the space of 20 minutes. joke! what a useless app now",Negative,0
very easy to use at home and abroad very easy to add new currencies and manage existing ones. good exchange rates and low fees.,Positive,2
"it is hard to see where we are going so put pictures of tourist sites with addresses. it is hard to see where we are going during the ride. the app lacks when asked to do this and works at times, but most of the time it did not. also, if as a passenger, we chose the wrong location and the driver clarifies that, it is very hard to figure out what to do to change the destination. for example, in mexico, df, we wanted to go to the basilica of nuestra senora de guadalupe, but when we inputted that into the destination, it sent us to the street with that name, which was a further distance than the actual basilica. uber should have an option to zoom in or a picture of such tourist sites when we are looking for rides to them. you should have tutorials on what to do in situations like this. it seems like we cancel the ride and get charged for it and then have to input the correct location to start moving to the correct location. so, as soon as you are talking to the driver, you will get charged.",Neutral,1
deleted the doordash app.there are deleted the doordash app.there are complaints everywhere about issues and lack of ethics. now i have experienced first hand. i contacted the kebob shop for a refund after receiving burnt food. it took a few days to catch up with the manager. the manager said that he attempted to refund my money through doordash and doordasjh refused to refund the money saying it s past their 5 day refund policy. both doordash and the kebob shop say there is nothing that they can do really? just stealing our money.,Negative,0
"gift cards no longer since spotify has stopped offering prepaid gift cards in retail stores, you have left me with no choice but to switch to another music streaming service. i do not want a subscription, and i appreciated having the flexibility to pay with prepaid gift cards. so, goodbye spotify. you are not the only option anymore. if more customers who prefer prepaid payments make the same decision, it could affect your ability to attract and retain users.",Negative,0
i paid for 1 year full offical payment i paid for 1 year full offical payment and they disabled account and no refund,Negative,0
"raised my member fees twice in a year raised my member fees twice in a year. platform offers nothing anymore. reality, documentaries, short films. used to be my 1 go to. paused account. i now use free platforms that offer so many more options than netflix. bye.",Negative,0
"often a disapointment - do not select the speed up option re you already told me that nothing could be done. you made no effort to follow-up with me in any way, even after i reached out directly to customer service. forcing me to provide personal identifying information for this review could've resulted in my review being deleted had i not done so. i hope you understand why it seems to me like your response has value and seems very performative. i ordered a bunch of things and my order had not moved. so i selected the speed up feature, i then get a pop up that say they will give a broker my items as soon as they arrive, to speed up the process. this means massive brokerage fees that exceed the cost of my order. never agreed to this and they claimed they could not cancel teh brokerage transfer. so i asked to cancel my order and they said, they could not. most items have to be returned because they are often broken, dirty or do not even work. in my case, i purchase niche items for hair extensions and random things but 60 of my purchases do end up returned, so it is always a gamble.",Negative,0
"if i could give them less than 1 star i would! 1st, the property they represent at 2500 pennsylvania ave washington dc is terrible. dirty, poorly maintained, and a c barely working. we we discuss... see more",Negative,0
had the unfortunate experience of had the unfortunate experience of having profiles across different regions. asian access and costs are far superior to the nonsense they provide in the west which is thick with limitations and advertising. one of those leech companies we should all make an effort to avoid. there are far superior artist friendly alternatives. gross.,Negative,0
"worst customer experience ever just to change your payment date you have to cancel, wait until the free service starts, then wait again to resubscribe on your preferred payment date! and worse than that rigmarole- you ll be bumped back to the 21.99 family premium with audio books even if you were previously on the 17.99 plan. a succession of emails from random executive escalation won t help you. one even suggested i make sure my payment card had no funds until my preferred payment date so my usual payment would fail until then! that was truly suggested to me as a solution!",Negative,0
"i ordered 4 retail merchandise i ordered 4 retail merchandise products advanced bio fungal spray from the doordash website directly. the price was 1.99 ea. there were fees and tip also, total 18.79. the supplying retailer was tractor supply co. i placed the order the night of july 13 and received email confirmation of my order at 9 14pm the same night, the order was to be delivered to me the following morning of july 14, within a delivery window of 10 10 am- 11 10 am the next morning. at 10 36, july 14, i received an email saying my order had been cancelled and that i would be fully refunded. turns out, as it was explained to me via a phone call initiated by doordash just before the cancellation, that tsc was charging way more for the product and they were not gonna lose money so they cancelled the order after i would not agree to increased cost. the increased cost exceeded 90. the charge of 18.79 is still on my discover card. doordash has never refunded me even though they promised to in the email dated july 14. i have disputed the charge. discover decided the charge is valid even with all my supplied proof as described above. i asked them to reopen my dispute, they did, and the same day they again decided in doordash's favor. doordash's answer was they delivered , but no proof. i am retired and am always home, especially that day i was waiting on them, nothing was delivered. today is july 30, still no refund and when i call doordash customer service, they tell me there's nothing they will do!",Negative,0
"while some programs are good, what is the real cost? the first thing you should understand about netflix is that they have so much money through theft and otherwise that they do not care about poor reviews. the customer service is staffed by people who do not care what the company are doing. i stopped using netfilx about 3 years ago and only looked into what they had been doing after they tried illegally to debit my credit card to the sum of 18.99 when at no time had i authjorised any more payments to them and had not owed them any money for the last three years. in effect they were trying to steal from me! it has been said that any company who holds your credit debit card details could try charghing every customer money that is not owed and less than one in four people would notice. it appears that this is how netfilx operate. it took four phone calls to netfilx customer care, all of which were met with useless staff who either laughed that money was being tried to be taken witholut authority or just could not care and put down the phone. the only way to stop the theives was to contact my credit card company and report the fraud and get the card number changed. if you are lucky they might not try to rob or defraud you, but going by my own experience and looking at the pathetic score they have currently only 1.6 5 as i write this i suspect they will continue their illegal operation of attempting to steal from past customers. join them at your own peril! on the brighter side my credit card suppliers are raising the faruds they have made some went un-noticed and netfilx will have to pay back what they stole with interest. thta is all well and good but it does not make for a good relationship with netfilx, does not inspire any trust in them and leaves me never using them again knowing they are criminals.",Negative,0
fast transfers fast transfers easy to use website informative on keeping up-to-date news on their app i would thoroughly recommend this app,Positive,2
"the drivers do not follow delivery instructions ... if you live in an apartment building, your chances of even getting your order are one in three. the other two will be dropped on the floor by an unlocked rear door or in the area where the intercom is. they drivers do not buzz you to get in, they just drop and run and then your package is taken by anyone coming or going out the front door. after you have reported lost deliveries 3 times, the no longer accept claims from you, you are blocked. use another outfit!",Negative,0
high rates and the beneficiary receives high rates and the beneficiary receives right away.,Positive,2
"insufficient refund system after my money was unrightfully deducted i was refunded only in uber credits, not directly to my bank account.",Negative,0
"i am homebound and have to order food i am homebound and have to order food delivery. i have been using doordash two times they delivered to the wrong address.. the first time they refunded my money of 19 which was just a portion. today i ordered a meal that cost me 40. i did not deliver it, but it said on the app that it had been. i sent a text to doordash and have heard nothing back i would be very larry of using any food delivery apps!!! i will no longer use these food delivery apps. i will order from the places that do their own deliveries. beware!!!!! beware!!!! beware!!!! bad food apps",Negative,0
"i am a driver i am a driver, 100 percent complete rating 100 percent on time. customer rating 4.97. accepted an order for 5.00 dollars for 5.6 miles. after picking up the order the milage changed to over 12 miles. contacted driver support and first did not want to adjust the pay. then decided 2.50 was good. not right i did not agree to 12 miles. this is why drivers do not care. they charge the customer a whole lot more than we get paid. they would not drive 4 or 5 miles for 2.00 but they want us to.",Negative,0
i always received m'y product in good i always received m'y product in good condition a lot of fake review,Positive,2
little content little content. not worth the price.,Negative,0
good job fast turnaround able to pick up at fedex the next ray after placing the order. there was a small error but they reprinted at no cost. good job!,Positive,2
"i will never purchase from temu again. i will never purchase from temu again. i ordered 10 dresses, and every single one was extremely poor quality. the fabric was thin, see through, and nothing like i expected. because none of them were acceptable, i returned the entire order using temu's prepaid ups return label exactly as instructed. i personally verified that all 10 dresses were in the package before sealing it, reinforced the package with additional tape, and personally dropped it off with ups. temu acknowledged receiving my return by issuing a partial refund. then they claimed that five dresses were not found in the returned package and refused to refund the remaining 44.97. i returned all 10 dresses. i no longer have any of them. if something happened after i properly returned the package using temu's own return process, that should not become the customer's financial responsibility. what makes this even worse is that temu has never provided any evidence supporting its claim. no photographs, no package weight upon receipt, no inspection documentation, nothing. they simply denied part of my refund and expected me to absorb the loss. i have now spent weeks gathering documentation, locating ups receipts, filing disputes, and wasting countless hours trying to recover money that should have been refunded from the beginning. no customer should have to fight this hard after following the return instructions exactly. this entire experience has completely destroyed my trust in temu. saving a few dollars is not worth the risk of being forced into a lengthy dispute over a properly returned order. there are too many other retailers that stand behind their return process and treat their customers fairly. temu has permanently lost my business, and i cannot recommend shopping with a company that handles returns this way. avoid!!! these thieves should not be in business! update in reply to temu's automated response, i have contacted them. they refuse to help. i am waiting for paypal to refund me. temu does not care about their customers, they are crooks.",Negative,0
this company gives zero shyts about this company gives zero shyts about privacy concerns. scans drivers licenses and say it s a state database that doesn t harvest you data blatant outright lie. if you think when you scan anything it s not going to a database i have some beach front property in kentucky to sell you. stop being sheep!,Negative,0
"voice over crap why are we paying to watch voice over movies?? it s crap and never used to be like this, not a good experience at all",Negative,0
they rob the drivers and riders they rob the drivers and riders. stay away!,Negative,0
"room had vomit, excrement, mold, foul smells and dirty sheets i have used this platform.for years, this is the first time iv had issues and have been thouroughly let down. i was given a room covered in vomit, feaces and mold with no towels, toiletries, tv or lamp and dirty sheets. was told id have to sleep there anyway as the hotel coukdnt move me and booking.com couldnt do anything. i waited till 11am the next day for anyone to even attempt to help me. i had to leave as i needed sleeo and a shower. i have been told no refund will be given and i am getting no help from booking.com despite them selling me this property. what they have put me through is appauling and you cannot expect anyone to sleep in those condtions i couldnt even shower as the bath was full of mold and there were no towels as advertised. absolutly disgracful customer service from btoh booking.com and the beresford hotek newquay who are managed by stayz.",Negative,0
"first experience, terrible impression do not use this yesterday, i ordered a meal from subway. i did not receive my order. i contacted doordash to try and fix this problem. i only received the driver whose name was portia claiming bad she dropped it off at the address listed. when i tried to get this fixed with their customer service line their overall response was that there was nothing they could do. additionally, their communication was terrible with the online service. it was fairly easy to type in however there were specific details that could have been added or verified to help future customers. i am upset because i spent over 35 to include driver tip just to not receive my order. the sad part about this is this was my first time using doordash and based off the terrible service i received i may never use it again.",Negative,0
i had an issue where i thought i had i had an issue where i thought i had ordered books i had designed. turned out to be notebook with my cover on. had a prompt response and step by step what i should have done. as a new small business. this is so helpful.,Positive,2
"i took a trip with uber from i took a trip with uber from hammersmith to my friend in clitherow avenue boston manor. the driver took me to clitherow in hayes. when i questioned his choice of the route he took he said that this was a better route and that he knew the area because he and his extended family lived there. i was in a lot of pain due to a chronic back problem and all i wanted was to arrive at my destination. when we finally arrived i told the driver that this was the wrong destination. he demanded that i got our of the car. i did not know where i was and it was 36 degreeos outside.i am also disabled and walk with a walking stick. i am 72years old. i refused to leave the car and told the driver to drop me at the nearest tube station which he did. i took a tube to an area i was more familiar with and asked for assistance to help me find a local taxi service to take me to my destination. i arrived 2 hours later,exhausted, dehydrated and in severe pain. when i went on the uber site to complain and demand my money back there was no box to tick for complaints. the best i could do was to give the driver the worst review i could manage. i give uber 0 stars!",Negative,0
"plan additions and useless interfaces it is incredibly infuriating to see that my audio book hours cap at 15. considering i have been only listening to one book and now i need to wait until the next billing date to another set of hours. the add on plan is only another 11.99 ! for something that could be included on top of a price that raises every year. it s not as if the developers themselves are putting that money towards making to app better for the user. slower, less options when compared to other apps, and the only new editions are ai interfaces or an ugly logo. boo you",Negative,0
its so trash ads every 2 seconds its so trash ads every 2 seconds,Negative,0
"booking appear to have been hacked as booking appear to have been hacked as i have now had two separate set of spam text messages with the full booking details, reference numbers etc. in. made a gdpr complaint to them multiple times which they have not responded to, and keep asking for the same details over and over, and then i get no reply when i send them. emails from customer service are sent from a no-reply email address which is nonsense. will be making a complaint to the privacy regulator.",Negative,0
"great experience i love booking because i am feeling much safer when i travel with them. i had an issue when my accommodation was awful, and they found me another one in less than 2 hours, which was 2 stars above what i booked.",Positive,2
"excellent service and very competitive excellent service and very competitive fees. wise is one of the best options i ve used for receiving and converting money. the exchange rates are transparent, the spreads and fees are very low, and transfers are fast and simple. much cheaper for me than paypal and other payment platforms. highly recommended.",Positive,2
"was a paid customer but ai slop is not what i paid for. been paying for a decade with zero issues but woke up 2 days ago to my homepage just being ai slop playlists. when i contacted customer support they told me it was a glitch and put me through 7 hours and 18 advisors telling me to uninstall reinstall clear cache check the laptop version it is a problem with my phone make a new account. i asked several times if it was just their new look but was told no, it is a problem. after 7 hours yet another advisor told me it was their new update. i cancelled then and there. do not waste my whole day telling me it is a glitch then admit it is your new ai slop update.",Negative,0
"canva limitations for students we have a school version of canva and it seems to me that there are limitations unless it is because i am not using the system correctly. i watch tutorials that say i can do this or that but when i try i am breaking my brain to get it done. for example, i put a graphic map on one of my slides and i want to write inside the boxes bubbles.everything say go to textbox or hit letter t but neither option does anything.",Positive,2
why do they only have 2 stars why do they only have 2 stars? spotify is one of the best products in the world!!,Positive,2
asking extra charge for an traffic and asking extra charge for an traffic and telling petrol if need extra they should show in app at the time booking or they should not ask. and always show one amount and we should pay other amount i cancelled that raid after getting this reply pay extra,Negative,0
warning warning! wish i could have given this company zero stars! they cheat people big time! we booked two nights at a hotel in new jersey and they charged three times the amount that expedia was charging for the same hotel! they are cheating people by constantly inflating the prices! book directly through a hotel and do not use booking.com!,Negative,0
"booking.com is not safe does not have customers' backs someone logged into my account and made a booking in dubai using my credit card. i contacted booking.com customer services by phone, as chat and email were not available, and was only able to talk to a person after talking to an ai agent !!?! and being put on hold for several minutes. when a human finally picked up they said the booking was non-refundable so all they could do was contact the property and ask them to 'open an exception' and issue a refund!!?! booking.com should not only cancel this booking and issue me a refund, they should pay me compensation. to make matters worse when i tried to change my account password i discovered that booking.com changed the settings on my account to no longer request a password or passkey, making it more vulnerable to invaders. the other issue i am having now is that i cannot contact customer services to make a complaint and request that they change the settings on my account to make it more secure.",Negative,0
i love this platform i love this platform. easy to use and it has many features that anybody can use it even you do not have a design background. i really recommend it!,Positive,2
"clear fast, efficient and clear",Positive,2
"i was happy with the end result and i was happy with the end result and once you know how to access and use the different features, the process becomes easier.",Positive,2
"easy to use . hey there, works like a charm! thanks for taking a second to share the love. wise.",Positive,2
support team is really bad support team is really bad as well as connection,Neutral,1
"price match is a lie they are failing to honor their price match policy. i found the exact item on another site for nearly half the price. i sent customer support the link and a screenshot as proof. they claimed the item was sold out, but i verified and showed them that it is still in stock. they simply refuse to cooperate.",Negative,0
"left customer high and dry these guys are crooks, they work hand in hand with hotels to rip you off. i had a prepaid booking, but my travel plans were disrupted due to airline cancellations caused by airspace closure, completely outside my control. since 17 march, nearly 3 weeks before our stay, i have been trying to cancel this booking. i contacted the hotel multiple times via booking.com messages, followed their instructions to submit cancellation requests twice, and even attempted to call and message them on whatsapp. unfortunately, there has been no proper response or resolution. no one answers the phone mentioned on booking.com or their google page. no response on whatsapp. the hotel s communication is extremely poor. they respond initially with instructions but do not follow through or respond after you complete the required steps. it feels like being ignored. there was plenty of time for hotel to cancel booking and make rooms available to other potential customers. given the exceptional situation, i expected at least some level of understanding or support, but instead faced silence and delays. this has been a very frustrating experience, especially considering the amount paid. i would not recommend this property based on their lack of customer service and responsiveness. booking.com was absolutely useless, telling me again and again to directly deal with hotel, while hotel staff says to directly deal with booking.com. both sent me in circles. booking costed me aud 4080 .",Negative,0
when ever feel sad or any mind out just when ever feel sad or any mind out just open spotify they can which song you want heal up our wounds just trust spotify,Positive,2
"the promotion thing is a scam do not the promotion thing is a scam do not know how they get away with this, and why temu is charging 3.69 euros for import fees when it is 3 euros per item. it is not worth buying from when import fees are more expensive than the items i bought",Negative,0
"i just cancelled my entire account i just cancelled my entire account. tired of fighting with someone on the phone who knows nothing. many times their dolby atmos sound cuts out. the past 6 times over the last couple years after i complained about it , you are on the phone with them for half an hour or more, they had it working again by the next day but this time on the phone twice for over 40 minutes each and they have not fixed it and say it is my equipment so i gave up not paying 30 a month like that. the dolby atmos sound works fine on apple tv, paramount and utube. with 1,350 internet stations i am sure i will find something else to watch.",Negative,0
"extraordinary booking.com has completely transformed the way i approach travel planning. as someone who values efficiency and clarity, i find their platform to be an absolute game-changer. the interface is incredibly intuitive, making it a breeze to compare rates, filter by specific amenities, and pinpoint the perfect accommodation for any trip. booking.com has completely transformed the way i approach travel planning. as someone who values efficiency and clarity, i find their platform to be an absolute game-changer. the interface is incredibly intuitive, making it a breeze to compare rates, filter by specific amenities, and pinpoint the perfect accommodation for any trip. booking.com has completely transformed the way i approach travel planning. as someone who values efficiency and clarity, i find their platform to be an absolute game-changer. the interface is incredibly intuitive, making it a breeze to compare rates, filter by specific amenities, and pinpoint the perfect accommodation for any trip.",Positive,2
canva is awesome! canva is awesome! it is super user friendly,Positive,2
taxi servicec today i booked a taxi from birmingham airport to perry barr i been charged 34.73 plus 8 puck up fee the airport charge but only paid the driver 16 what the robbery company,Negative,0
no more uber rides for my family i will never request a ride again due to a horrible uber driver named jeffery. on july 28th i requested a uber xl to take my elderly mom to a doctors appointment. the driver shows up in a crabby van and tells me that he only has room for 1 passenger. then he tells me that he is dismissing me! unprofessional scam artist. i never should have been charged a cancellation fee from the jerk. i ordered a vehicle for 4 passengers not 2 passengers.,Negative,0
"time and time again time and time again, misleading catalog and price advertisement. about fifty percent chance of getting the correct item that you ordered. if you buy from temu, make sure it is something cheap or desposable. edit, response to temu. its great that you have made returns so convenient, but the issue is having to use the service time and time again making it impossible to trust the advertisement, the quality and receiving the correct product in a timely manner. in my opinion the main focus of temu should be focused to resolve the issues before a return or exchange is needed by the customer.",Negative,0
the best canva help me a lot keep up the best canva help me a lot keep up the good work thank you so much and god bless who build this company and who keep on working for the this team,Positive,2
"uber and their drivers are dishonest i requested a ride yesterday morning at a low price of 17. a driver accepted the ride. moments before the driver was to arrive, they cancelled the ride. i then had to find a new ride, which ended up costing over 27. the same driver accepted it and showed up. is this legal? uber does not seem to care. they say a driver can cancel for any reason. so i guess the reason the driver cancelled after accepting was that it was not enough. uber allows this. that is shady practice. there should be a class action lawsuit against uber and for it is practices.",Negative,0
how does a company not offer a refund how does a company not offer a refund when their dasher deliberately goes to the wrong location for a store and brings you the wrong order? they told me i was not eligible for a refund. especially as someone who was a dash pass member. looks like i ll be switching to uber eats instead now.,Negative,0
"using for various creatives using for various creatives, always works and i like their templates too.",Positive,2
"avoid gotogate by booking.com at all costs my experience with gotogate by booking.com has been one of the most frustrating and stressful travel experiences i have ever had. i strongly advise anyone considering booking through them to think twice. our thai lion air flight was cancelled by the airline on 3 june, well in advance of our scheduled travel on 2 july. however, we were never informed by gotogate or booking.com that our flight had been cancelled. there was no email, no sms, no phone call, and no attempt to offer an alternative flight or assist us in any way. the only reason we discovered the cancellation was when we tried to complete web check-in before our trip. imagine the shock and panic of finding out that your flight does not even exist just days before your vacation. because of this complete failure in communication, we were forced to book expensive last-minute replacement tickets, costing us significantly more than what we had originally paid. the worst part began after that. it has now been over two months, and despite countless follow-ups, we have still not received our refund. every single time we contact gotogate, we are given the same scripted response we are waiting for the airline to refund us. they refuse to take any ownership of the issue or provide any meaningful update. to make matters worse, they repeatedly provide incorrect information, claiming that the flight was cancelled on 3 july, when in reality it was cancelled on 3 june. even after correcting them multiple times, they continue to rely on inaccurate records instead of investigating the matter properly. as the company that accepted my payment and issued my booking, gotogate booking.com should be accountable to their customers. passing all responsibility to the airline while leaving customers without information, assistance, or refunds is simply unacceptable. customers should not be expected to bear the financial burden and uncertainty because an intermediary fails to do its job. the entire experience has caused unnecessary financial loss, countless hours spent chasing customer support, and tremendous mental stress. every interaction has felt like talking to a wall, with no accountability, no empathy, and no resolution. i have completely lost trust in gotogate and booking.com for flight bookings. saving a small amount on a ticket is not worth the risk of being abandoned when something goes wrong. my advice to anyone considering booking flights through gotogate or booking.com do not. book directly with the airline or use a travel agency that actually supports its customers. if your flight gets cancelled, be prepared for poor communication, endless excuses, delayed refunds, and zero accountability. this has been one of the worst customer service experiences i have ever had, and i will never use gotogate or booking.com for flight bookings again. i will also actively recommend that my friends, family, and colleagues avoid them if they value their money, time, and peace of mind.",Negative,0
"extremely frustrating customer extremely frustrating customer service experience i had a very frustrating experience with booking.com. i attempted to make a hotel reservation, but the booking was never confirmed even though the payment was successfully processed by my bank. the hotel itself confirmed that they never received the reservation. i contacted booking.com multiple times to resolve the issue, but the entire process felt completely automated. i was repeatedly directed from one place to another, asked for information that does not exist because the booking was never confirmed. there seems to be no straightforward way to speak to someone who can actually investigate a payment issue when a booking fails. instead, i have been going in circles between automated responses, booking.com, the hotel, and my bank. for a payment that has already been successfully processed, i expected much better customer support and a clear resolution. this experience has been extremely inconvenient and stressful, especially since i am simply trying to recover money for a reservation that was never created. i hope booking.com improves its customer service system and provides a direct way for customers to resolve failed bookings and payment issues with an actual support representative.",Negative,0
uber is one of the if not the first uber is one of the if not the first better competidors on drives market. i always give the preference to them,Positive,2
"have been waiting on a parcel which have been waiting on a parcel which should of arrived between 27th and 31sr of july its now the 8th of august and still not delivered even though its been at local depot sunce the 28th of july. i have spoken to temu several times and i get the same excuses all the time, its waiting on review from ticket raised and its been several days. avoid temu at all cost",Negative,0
"netflix has gone terrible netflix has gone terrible, old film series that have been watched. stuff is years old and have previously been on other services. anything new is normally crap, tried the cheaper add supported plan as i did not think it was worth paying full price but when i searched for a film even old films it would say it is not available on add free tear. other online searches for netflix content brought me to things that netflix informed me was not available in my reign. so much content available in us is not on uk netflix! r.i.p. netfix",Negative,0
"perfect for beginners it is a fantastic tool for beginners. i have successfully created 10 designs here, and the templates are very helpful.",Positive,2
it was awesome it was awesome. i wish there more free features.,Positive,2
"very poor customer service the customer service is terrible. i called them regarding an issue, and they said they would call me back, but there was no follow-up and no action taken at all. it feels like they cannot help with anything and simply keep asking customers to wait without actually resolving the problem. very disappointing experience and definitely not the level of customer service i expected. i would not recommend booking.com based on my experience.",Negative,0
"very disappointing and misleading very disappointing and misleading experience with booking.com. i made a reservation approximately early july 2 weeks before i travel and entered my credit card information believing it was required to hold the booking. instead, my card was charged immediately. i then received a notice stating that all details of the booking were final and that no changes could be made unless i contacted the hotel immediately. that is not what i expected when making a reservation so far in advance. the entire process felt deceptive take the card information to secure the reservation, immediately charge the full amount, and then inform the customer that the booking is essentially locked. yes, i could have disputed the charge with my credit card company, but why should a customer have to go through that headache immediately after making what they understood to be a reservation? when i emailed them they responded with a lame excuse the system charged your card . i have used online booking services expecting transparency about when i will be charged and what cancellation or modification conditions apply. in this case, i felt those terms were not made sufficiently clear before the charge was processed. a reservation platform should make it unmistakable before the customer enters payment information whether the card is being used simply to guarantee the reservation or whether an immediate charge will be made. i will never book with them again.",Negative,0
"unreliable drivers, zero accountability, and rising costs i m done with doordash. i used to rely on doordash regularly, but the recent, rapid decline in service quality paired with constantly escalating fees has made it completely impossible to justify using this platform anymore. between drivers mishandling orders and doordash refusing to take responsibility, the overall experience has become consistently frustrating. three recent experiences in a row demonstrate just how bad it s gotten instance 1 delivered someone else s food a driver completely mixed up orders and dropped off the wrong food while i was at work. because of their carelessness, i was left without a lunch for the rest of my workday. instance 2 40-minute grocery detour with my hot food a driver picked up our restaurant order, but instead of bringing it to us, drove to a nearby kroger and spent 40 minutes inside doing personal shopping or running another errand. the food arrived nearly an hour late and completely cold. when i reached out to doordash, they passed the buck and claimed they could not do anything because the order was placed through the restaurant s app leaving the local restaurant to take the financial hit and remake the food for a mistake the doordash driver made. instance 3 prioritizing distant deliveries over a 1-mile route i ordered smoothies from a location just one mile from my office. the driver picked up my order, bypassed my office entirely, and drove significantly farther away to complete another delivery first. by the time my drinks were dropped off, they were completely melted into warm liquid. it is ridiculous that customers are charged premium markups, service fees, and delivery charges only to receive melted drinks, cold food, or no lunch at all. doordash treats its customers and partner restaurants as collateral damage while taking no accountability for driver negligence. i will no longer be giving doordash my business, and i strongly recommend ordering directly from local restaurants or using alternative services that actually value their customers.",Negative,0
i recently watched immortal man and was i recently watched immortal man and was horrified to discover tommy shelburn was killed. the actor who plays is son is a dreadful actor. please dont make anymore episodes. you have ruined the series forever,Negative,0
"door dash drives are clueless, customer service useless second time i placed delivery order from the same restaurant. second time door dash delivered someone else's order. door dash customer service said all they could do was refund order - but not the whole charge for the order. when asked why, they told me i had to go after the restaurant. they have an i could care less attitude then have the nerve to ask my issue has been resolved - no.",Negative,0
i ordered door dash and the app i ordered door dash and the app glitched and sent it to a city 110 miles away from my location. i called them and they refunded and then the order after it was cancelled was rerouted from another store but still was 110 miles away from me. so they said they would cancel and refund. so i tried a second time and when i did get my correct order a 3rd of my food had been eaten and my drink had been drank. but i still received a cup with ice and about 1 4 of my drink. so they said they would refund that. i sent them pics of it still sitting by my hotel door. the next day they charged me full price on all 3 orders and now refuse to refund. this is all on my corporate card so it doesn t come out of my pocket at all. so it wouldn t do me any good to make this up. door dash is a joke. never using it again.,Negative,0
"just applied to have all my data just applied to have all my data deleted under the data protection act uk. tgey have replied that they will honour the deletion but under netherlands data protection laws. what booking.com forgets is the fact that when they operate in britain, they automatically agree to abide by all uk laws yet they trying to hide behind other countries laws as they think they are too big to obey all countries laws they operate in. i advise all uk residents to be wary of using booking.com as they think uk laws are optional not a legal requirement as they forget we are not in the eu anymore.",Negative,0
"terrible used booking.com many times without issue. however, a recent booking in scotland has caused issues where a hotel has over charged me and is refusing to communicate to resolve the issue having previously agreed to refund me. as a last resort i thought booking.com may assist as they were to booking agent. how wrong i could be!! almost impossible to get a human to speak to you then when it appears you have they really are as daft as daft comes and absolutely no help! in future i think i ll go elsewhere!!",Negative,0
"listing property issues support problems i own a couple of villas that i am attempting to list on booking.com via their partner site . 1 i go through the entire listing process only to find the number of bedrooms is wrong, click edit and once again add the missing bedrooms, get to end and the number of bedrooms has increased but is still wrong. for a 6 bedroom it took 5 edit cycles to finally get it correct. 2 today i tried to login to the partner site from my cell phone and out of 7 attempts, only successful on one. checked the 6 bedroom property to find it is once again wrong. corrected it. logged out. tried to login in again and could not. called their support. told them i was having problems getting logged in. rep kept asking for the property number, even after i told her i can not get logged in to see the property number. mathis experience is really unfortunate because i was excited that i had found a site that supports my pricing strategy per person, per night .",Negative,0
"the last hotel i booked looked was a scary place the last hotel i booked looked great it was awful, it was a hotel that housed immigrants, the room was incredibly tatty and dirty, and they charged us 125.00 it was the heathlands hotel in bournemouth booked by us saturday the 8th of august we booked in and booked out in 5 minutes, then could not phone them or message them watch out you may be booking into a really bad hotel, they do not check their hotels if they did they are really bad at checking them this was really really very very bad and scary.",Negative,0
"doordash has thiefs driving for them !!!!!! i placed an order from a cosmetic store. the doordash driver picked it up from the store but never delivered it to me, and did not return it to the store. doordash has thiefs driving for them !!!!!!",Negative,0
"canva is an exceptional tool for all canva is an exceptional tool for all kinds of graphic design needs, especially because of its incredible variety of templates. whether you need professional business presentations, engaging social media posts, modern resumes, or creative event flyers, canva offers thousands of high-quality options. the design flexibility allows users to customize colors, fonts, and layouts effortlessly. it saves so much time while consistently delivering polished, highly professional-looking results for every project",Positive,2
"i ordered my food and it was delivered i ordered my food and it was delivered to the wrong address. the driver argued it was delivered per the gps. i reached out to door dash help, and they were only going to offer a 4.00 refund. so, i lost my whole order and got nothing from door dash. i have deleted the app and will only use uber for now on. this was a horrible experience, and it definitely swayed me away from door dash.",Negative,0
"customer service appalling customer service appalling. uber eats overcharged me, and every attempt to sort out issue via email is met by a reply apparently from ai or other type of robot as replies do not even come close to addressing the actual problem. phone attempt answered by representative who only could tell me someone will get back to you by email .",Negative,0
"unfair misleading promotion! temu refuses to honor 60 farmland rewards! i spent a whole month completing the farmland game by inviting 15 new users to temu. once i completed 100 of the requirements, temu claimed my chosen items were out of stock in the game interface. however, all 4 items are currently in stock in my cart on their app, totaling 97.43 azn 57 ! when i provided screenshot proof of the items being available in my cart, support agent austin offered me an insulting 10 azn 6 compensation and tried to force me to accept cheap, unwanted alternatives. this is a clear bait and switch tactic to exploit users for free referrals without providing the promised rewards. i demand full credit of 97.43 azn for my cart items or i will continue escalating this publicly across app store and consumer rights portals! ticket id 1785757529014511 update final notice temu has ignored the 24-hour deadline. official fraud reports have now been escalated to apple app store safety and the better business bureau bbb . support agents previously admitted capability to issue credits by asking for screenshots, but are now refusing to honor 57.30 earned by bringing 15 real users. avoid this fraudulent app! ticket id 1785757529014511.",Negative,0
professional and friendly service driver was very professional and friendly and assisted me,Positive,2
its been over 6 months i canceled its been over 6 months i canceled spotify they have been charging me over and over called master card backnto spotify but i no longer jave an account and you keep charging me fraud,Negative,0
"poor customer service and unresolved complaint very disappointed with the customer service. my confirmed booking was cancelled less than 48 hours before check-in due to overbooking, despite being booked and fully paid almost four months in advance. i was also promised by customer service that the parking and pet fees for the replacement accommodation would be reimbursed, but this has still not been honoured. i have contacted customer service repeatedly, but my complaint remains unresolved.",Negative,0
"i would give 0 if i could i would give 0 if i could. found out why my card was denied. because i live in a place where netflix is cheaper. so i used a vpn, just to sign up, then i turned it off, to be told, your account cannot be used in this location. wtf. it is illegal to be an expat now? even if i am paying us prices? seriously?? this is beyond annoying. i am going to find another streaming platform that has the show i am watching, just to cancel my subscription. y'all suck. i am paying us prices, just to be told that i cannot use it, where i actually am. do better. christ.",Negative,0
"i used a prepaid card i used a prepaid card, because i do not want my banking info out there. 90 of my orders they wanted verification of my card and put 90 of my orders on hold. i have never had such a hard time buying items for my local homeless shelter. i guess that i just stick to amazon. i even messaged them and let them know that it was a pre-paid card.",Negative,0
ripped me off sent wrong order refused ripped me off sent wrong order refused to resolve it will never order through these crooks again,Negative,0
"have used uber eats for a while have used uber eats for a while, but the quality of service over the last year has gone completely downhill. it has become a frustrating and ridiculous experience contextually, and this afternoon was the final straw. today's order was an absolute disaster, and dealing with it has been completely awful. uber eats consistently fails to deliver acceptable service, and i am tired of wasting my time and money on a platform that does not care about its customers. save yourself the headache and use a different delivery service.also its not just the eats the ride is even worse they take the ride the cancel it after you been waiting for 15 20 mins then u start all over w new driver wait on them etc constantly then the rates are out of hand and the war gas has nothing to do w it it started way before and when i have compared same ride w lyft thers a 10 difference sometimes more than that and lyft is way faster on arrivals like most i wait is 10 mins maybe 15 but not much more. so the psa from shelly is stay away from uber use lyft or different service uber is no longer the top dog lets move on america with things the way they are we dont need another hand in our pockets we need decent companies that recognize everyday people!",Negative,0
great service from august 5th through august 9th all the drivers have been on time and very courteous and helpful,Positive,2
"avoid and find an alternative i have had an absolutely awful experience with booking.com and i am still trying to get my money back. i booked a property through booking.com, but before my stay the property owners began demanding an additional 150 payment and told me i would not be allowed into the building unless i paid it. this was extremely concerning, particularly after i checked the property s reviews and found multiple guests reporting problems getting their 150 deposit returned. the property had also received a significant number of very negative reviews. because of this, i contacted booking.com at around midday on 31 july, before booking alternative accommodation. i asked them for help and reassurance about the situation. i received no resolution or meaningful assistance. as i could not risk arriving with nowhere safe to stay, i eventually booked another hotel. on the day of my original booking, the property refused to let me enter because i would not pay the additional 150. they also refused to cancel my booking. i contacted booking.com again, extremely upset, and explained what had happened. i was told that i would receive approximately a quarter of my money back once the booking period had ended. even this seemed completely inadequate considering i had paid for accommodation that i was not permitted to access. i have now contacted booking.com to claim the refund i was promised, only to be told that i am not entitled to it because i supposedly booked my replacement hotel before reporting the problem. this is simply not true. i have evidence showing that i contacted booking.com on 31 july before booking the alternative accommodation. booking.com therefore had the opportunity to assist me before i was forced to make alternative arrangements, but failed to do so. i had previously had good experiences booking hotels through booking.com, but this was the first time i actually needed their customer service to resolve a serious problem. the experience has completely changed my opinion of the company. when something went wrong, i received virtually no meaningful support, was left to find alternative accommodation myself, and am now being refused even the partial refund i was previously told i would receive. i would strongly recommend booking directly with hotels or using another provider. my experience has shown me that when a serious problem occurs with a property, you cannot necessarily rely on booking.com to protect you or help you recover your money. i am still requesting that booking.com review the evidence, honour the refund i was promised and resolve this properly.",Negative,0
"i used to think netflix was brilliant i used to think netflix was brilliant, now it is just terrible, what's happened to making brilliant documentaries like making of a murderer. and do not f k with cats to name a couple and tv series like ozark and vikings valhalla ect. i do not mind foreign shows if there good, but it seems like there just putting any absolute rubbish on please sort it out before millions of people stop paying for your service.",Negative,0
uber made our trip memorable and easy uber made our trip memorable and easy to navigate a new city. we also found out new things about the city and places to eat and explore.,Positive,2
evri is destroying their businesses their bots temus are helping destroy temu the items i ve ordered have generally actually been good. temu like shein seem to be under the impression that once they take your money their job is done . the fact they use evri who loose and i personally think steal the packages that never get delivered seems to go over their heads. when you do get offered a refund it takes weeks or in my case my bank had too actually call for the refund back to my cc. no emails answered properly no telephone number to call. these companies are run like scams take your money and do not deliver it s a great business idea note to evri i have given you my information details 100 times you did nothing so no i will not be providing more,Negative,0
"make sure they really forward the money on i made a payment of 1,600, and apparently it did not go through because some verification was missing. wise took the money from my bank but did not send it to the recipient. wise sent exactly one email requiring me to do the verification. i missed the email and presumed the money had been paid. no more reminders since, until the recipient contacted me one month !! later to say they had not received payment. so wise happily sat on the money for over a month, did not return it to my bank, and did not chase me to undertake the verification.",Negative,0
my ride was cancelled by uber 3 times my ride was cancelled by uber 3 times. i suspect it s because i wanted to travel with my dog. they do have a ride with your pet option but in reality there are no drivers in edinburgh willing to provide such service so in practice it s not available. go and use city cabs or central taxis - they provide dog friendly rides and are quick and reliable. charge only 1 more than uber for a ride but reliable and fuss free.,Negative,0
easy and intuitive very intuitive site to operate . only small issue i have is face id will often dropout and i have to reset up . easy to transfer funds between currencies and also to load.,Positive,2
"i can t believe the documentary about i can t believe the documentary about micheal jackson even he was bigger then them the cut out the amazing wonderful beautiful parts and which was his whole life he wrote song that depends on the world this is sick i can t believe they would do something like this he is the king of pop he is kind, nice, loved by millions, and innocent i can t believe he made millions happy more like billions and be carful netflix his family,his friends, his kids, and billions of people are going to sue you watch your back micheal jackson is innocent period end of discussion",Negative,0
canva is terrible it was hard and terrible,Negative,0
"uber eats treats customer like fools ordered a meal because it was buy 1 get 1 free however only 1 meal came, uber felt it was ok just to refund 2 pounds and a few pennies treating customer like an idiot if they valued the customer they would make takeaway deliver full meal or insist of full refund but they let you get ripped off customers just want what was offered and uber to reinforce that instead they allow the takeaway to getaway with it??????",Negative,0
last minute they cancelled my last minute they cancelled my reservation without reason and without replacing it!,Negative,0
thank you very much for making our life thank you very much for making our life easier,Positive,2
service is poor service is poor. very long wait! scamming ways of promoting service. they would offer free item but they wanted you to buy tanks of item before they give the offer and when they say you have a discount it s a scam. it s not real.,Negative,0
amazing way to transfer money fast and amazing way to transfer money fast and safe.,Positive,2
"price raised up! woooohh, i just check my subscription the price gone higher, but all i see is old movies the option prices is crazy",Negative,0
"uber has become increasingly unreliable uber has become increasingly unreliable and inconvenient. the app frequently cancels rides internally, has payment processing issues, takes too long to match riders with drivers, and often forces customers to verify their payment at the worst possible time when they re rushing to the airport, heading to an important business meeting, trying to catch a flight, or simply needing to arrive somewhere on time. it has gotten to the point where you can t depend on uber anymore. this isn t just an inconvenience it can have serious consequences. someone fleeing a domestic violence situation or facing another emergency could be put at risk because of delays, unnecessary payment verification requests, or canceled rides. on top of that, uber s customer service is extremely disappointing. it s nearly impossible to reach a real person, and customers are instead directed through ai responses and automated email systems that rarely resolve the issue. this is one of the worst customer service experiences i ve encountered. uber needs to improve the reliability of its platform, fix its payment and ride-booking issues, and provide customers with access to real human support. until then, i can no longer rely on uber for transportation when it matters most.",Negative,0
"everything hello florjan, your support means the world to our team! we are glad that you are enjoying everything our services, seamless global money movement and commitment to fair, low-cost transfers. wise",Positive,2
"do not use booking.com. do not use booking.com. i attempted to change the dates of my reservation well before the 48-hour deadline because i became seriously ill. despite repeatedly trying to resolve this, i have gotten absolutely nowhere. booking.com has repeatedly disconnected my calls when i ask to speak with a supervisor. westgate has not responded to my calls or emails, and booking.com keeps telling me they cannot reach the property either. i did what i was supposed to do and attempted to change my reservation within the required timeframe. yet i am now stuck in the middle because booking.com and westgate cannot or will not communicate with each other. what is most upsetting is the complete lack of assistance from booking.com. if you are going to act as the booking platform and take customers money, you should also be willing and able to help when there is a legitimate problem with a reservation. i am documenting every call, email, and attempt i have made to resolve this and will be filing a formal complaint with the better business bureau as well. based on my experience, i absolutely cannot recommend booking.com.",Negative,0
"extremely disappointing experience with extremely disappointing experience with temu i am extremely disappointed with temu. my package was never delivered to me, yet customer service continues to tell me that it was delivered simply because the shipping company marked it as delivered. i have contacted temu several times and provided multiple screenshots and pieces of evidence showing that i never received the package. i also contacted the delivery company and reported the issue. despite this, it feels like nobody is actually taking the time to review the evidence i provided. i keep receiving the same response that the package was delivered, but no actual proof has been provided that i personally received it. a simple photo of a package does not prove that it was handed to me. what is even more frustrating is that i have made several attempts to resolve this issue peacefully, but my messages and evidence seem to be completely ignored. this is absolutely unacceptable. when a delivery problem occurs, i expect a company to take the situation seriously and properly investigate it instead of simply repeating that the package was delivered. very poor customer service and a very disappointing experience. i would not recommend temu based on how this situation has been handled.",Negative,0
"fake listings, avoid using it avoid booking apartments as there are so many fake listings and the scammers will send a link to make the payment to confirm the booking which is scam. booking-com doesn t perform verifications for the apartments and the support team needs customer s support to identify such type of fake listings. they simply say sorry and leave the conversation, and by that time your other hotels price will shoot up and booking-com just ignores all that stuff . so avoid using it",Negative,0
i keep getting messages from culver's i keep getting messages from culver's about construction issues involving concrete. i do not work for the city. please stop contacting me.,Negative,0
"doordash has literally done this to me doordash has literally done this to me several times and i m completely over it. they have taken my money even though i had not received the product saying that my history says that i have done it too many times i barely order off of doordash, but clearly they don t care that my three year-old wanted his fries and that the merchant mcdonald s did not put the fries inside the bag so they refused to refund me mind you i spent my last couple of dollars just to get my son this food, which means that i m out of luck and my son gets no fries only thing they can tell me is they know it s not my fault but the system said no. doordash is not a trustworthy company. they find any in every way to skim your money and keep your money. any kind of way they can. and make you feel as if it s your fault.",Negative,0
after 10 years on this service with the after 10 years on this service with the same 4 family members spotify started harassing each family member about confirming their home address. my son did not receive the email as he used an email address years ago to sign up that no longer works. spotify kicked him off our family plan and now he has lost 10 years worth of play lists as a result even though i pay every month for the service? they claim he cant sign back in to his account by any other means to recover it due to security reasons. time to take our business elsewhere,Negative,0
"doordash is a joke doordash is a joke! they have horrible dasher support services. they punish the good dashers and let the ones who continually screw up keep getting good paying orders! they send you on a 10 mile delivery only to pay 2-5!!! do you doordash support idiots not realize the cost of gas, the cost of living? they will say that you did not accept an order and lower your acceptance rate as a consequence when you never even got an offer on your phone in the first place! someone is laughing and pushing buttons and its all a sick twisted rat race game!!! doordash you suck!",Negative,0
booking .com are the worst company i booking .com are the worst company i have ever dealt with in 65 years there customer service is non existent with 3000 staff dedicated to fobbing you off with every excuse under the sun to avoid giving you an agreed refund there policy must be if we fob them off enough times they will give up and go away and we will achieved our goal of maximising our profits to our customers expense after 7 phone calls all promising a supervisor to call back not once have they attempted to call absolute sheisters,Negative,0
"uber's commitment to safety? i have read about uber's commitment to safety. sadly, their booking and cancellation process ultimately left me alone on a dark street, in front of an empty theater, and feeling unsafe. i tried to leave feedback in the app and online, but it only lets me associate my comments with the driver who actually picked me up. he was not the problem. my issue is with the two drivers who left me stranded, and the system that allowed this to happen. while both drivers had the option to send a message, neither chose to do that. this tells me that uber needs to make sure their drivers understand their commitment to safety. i requested a ride at 10 36. hundreds of people left the theater at around this time. many also requested ubers. long after everyone else was gone, my driver 3 arrived at 11 39. apparently, two drivers accepted and cancelled my trip. both drivers had a choice, and they decided to leave me stranded i chose to take an uber into town instead of driving or catching a bus because i thought it was a safer option. i will have to rethink my choices the next time.",Neutral,1
"sent me one meal when i ordered 2 sent me one meal when i ordered 2, after calling for help and requesting a supervisor 3 times , i was finally given somone to talk to, then she proceeded to say that her team approved a 5 dollar refund and that was their final decision, even though i payed 17.69 for a meal that i never recived , when saying that this solution was not acceptable , she hung up quickly after saying i have to end that call . took my money and never delivered my food .",Negative,0
"fell for the dishonest promotional fell for the dishonest promotional gifts. stay away from this crooked app and company if you know what s good for you. luckily i only purchased 2 items, but was supposed to receive 8 other free ones. they disappeared from my account after purchase. rot in hell!",Negative,0
be careful ordering from temu be careful ordering from temu. i ordered a large supply of various t shirts and clothing. all of them were specific xxxl size. they sent all of them in xl or s size. now going through the return process is a nightmare! i will age before i can get any money back. i will just eat the loss but never touch them again. do not use temu and its cheap products.,Negative,0
worse delivery ever worse delivery ever. they cancelled my order and sent me an email. no call to ask if i still want my order. horrible!!!!! never in my life will i use this delivery.,Negative,0
wise is and easy and convenient method wise is and easy and convenient method i have been using it for long time,Positive,2
wrong order delivered nothing they can do i ordered mcdonald's door dash delivery and they delivered an entirely wrong order! the driver claimed to have delivered the correct order but i have the bag with the receipt clearly showing the order was not mine and was for someone else. screwed my breakfast plans up and offered no compensation. a refund that will take 1-3 days to process will not help me right now. for a large corporation you would think they'd have better customer service procedures to rectify situations like this. super dissapointed.,Negative,0
"ditch doordash what a ridiculous business, they take your money then find out they do not have what they claimed to have, so you choose no substitutions and they give a refund, that takes 5 to 7 business days. how about knowing your inventory so this can not happen, i will never use this stupid doordash again, what a clown show, loaded with incompetence, i would advise to anyone to pass on these unorganized grifters.",Negative,0
"its quit fast its quit fast, and easy, exept i am automaticly logged out after payment, while system says hold on...?? so i have to login again to see my status... this is a little anoying..",Positive,2
over charge with out my knowledge i booked an uber from stansted airport i booked an uber from stansted airport to my place for my sister. when i booked the fare was 76 90 which was taken from my bank account. then the fare got up by 22 76 which is very strange and unexpected. my bank did not allow and then wanted me to verify the amount which is i did not. after 4 weeks later i booked an uber to heathrow airport the fare was correct . after that on my recipes i did release that uber did charge me the amount 22.76 . i contacted customer service on my uber app and but unfortunately uber customers service closed my enquiry and i was not able to write any more about the over charge. then i messaged uber on whatsapp i did not receive any response. i complained via email after many questions and provide the receipt and my bank charges then he said that you raised the same thing and your issue was resolved . very unprofessional frustrating and unfair . please advise me if anyone has the same problem with uber . i think everything should be included when you book an uber because maybe you do have just the amount or a bit more in the bank account and the bank should have overdraft charges therefore uber most be honest about the fare not cheating on the customers.,Negative,0
thank you to protect the family thank you to protect the family account this is mandatory and non-negotiable.,Positive,2
false accounting take money from my bank account for a spotify account which i have never opened. when i ask for my money back they refuse. abysmal,Negative,0
my pharmacy uses doordash to deliver my pharmacy uses doordash to deliver their medicine and i called in my prescription not i did not call him my doctor called it in on the 5th of august it is now the 6th of august and they are saying it is going to be 5 00 this afternoon before i can get very important medicine that i need i even called doordash and requesting them to do something and they transfer me back to walgreens it is a sorry company do not use them make the extra effort go to the store get it yourself if you are waiting for a prescription like me you might die before you get it,Negative,0
"they have helped me out so much when i they have helped me out so much when i did not have a credit card because i lost it, send money to wise and use virtual card in phone perfect..",Positive,2
"the follow-through was courteous and professional i was billed twice in error. when i explained the issue to canva, they checked their files, asked for more documentation, and within a day, refunded the extra billing. they stayed with me and saw the issue through, courteously and professionally.",Positive,2
"i am thus far grateful and appreciative i am thus far grateful and appreciative of the communication with the team. however, the issue has yet to be resolved the last team member said they are working on the case and i am thus confused as to why i am getting an evaluation survey with a still open case .",Positive,2
"waited 1.5 hrs on the uber app for a ride. after several messages of searching for a driver , 1-14 minutes, we are nearly there do not log out as you could go to the back on the queue, driver locate... see more",Negative,0
"never help when you get scammed. i have had to deal with scams and accommodations that did not match the description several times. booking.com's support has never actually helped me all they did was contact the property owners, who simply refused to do anything. i can contact the owner myself. so basically, booking.com charges a commission for doing absolutely nothing that's why i recommend reserving apartments avoiding booking.com",Negative,0
i would not even give them a star i would not even give them a star did not show no ncontact leaving me with a missed train to london,Negative,0
wise is one of the best finance apps wise is one of the best finance apps out there. their service is extraordinary and so happy to use it with confidence and trust.,Positive,2
"1 star 1 star doordash completely ignored a serious app problem and penalized me for it i ve completed nearly 5,000 deliveries as a dasher and have maintained a 95 acceptance rate and platinum dasher status. i know how the doordash app is supposed to work, which makes what happened and doordash s complete lack of response even more frustrating. on july 28th, i started dashing and was hit with 15 timed-out orders. the problem? the assignments never showed up on my phone. they did not appear on my screen for me to accept or decline. i never saw the restaurants, the payout, the distance, or any other information about these orders. they simply were not there. i could not accept them. i could not decline them. i never even had the opportunity to make a decision because doordash never delivered the assignments to my phone. and to be clear, this is not a case of me using some outdated phone that cannot handle the doordash app. i have a current, top-of-the-line smartphone with 5g capabilities, with more than enough capability to run the doordash app. i have completed nearly 5,000 deliveries using the platform. i immediately contacted doordash multiple times and explained exactly what was happening. i was told they would investigate the issue. i actually stopped dashing for 10 days to give doordash time to figure out what was wrong before i tried again. during those 10 days, all i received were generic, form-letter responses essentially saying, here's your reference number, and we are looking into it. apparently, they were not looking into anything. on august 7th, i tried dashing again, and the exact same thing happened. this time i caught the problem after another 5 assignments timed out, bringing my total to 20 timed-out orders. twenty orders. none of these were declined orders. i did not decline them. the assignments never showed up on my phone. some of these were high-paying orders. some were very short, easy deliveries that i would have gladly accepted. i never even got the chance to see them. yet doordash's system apparently considers all 20 of these as though i intentionally chose not to accept them. the result? my acceptance rate went from over 95 down to 76 , putting my platinum dasher status at risk. i have contacted doordash repeatedly. i have explained the problem. i have given them the dates. i have provided the reference numbers. i have stopped dashing for 10 days while they supposedly investigated. then i tried again and experienced the exact same technical failure. and what has doordash done? nothing. they refuse to properly investigate the technical problem. they refuse to correct the 20 timed-out assignments. they refuse to restore my acceptance rate. and they refuse to restore the platinum status that i earned through thousands of deliveries. after nearly 5,000 dashes, i know the difference between an order i intentionally decline and an order that never appears on my phone in the first place. if doordash's system fails to deliver an assignment to a dasher's phone, the dasher should not be penalized for it. i did everything i was supposed to do. i reported the problem. i stopped working for 10 days to give them time to investigate. i tried again, and the exact same problem happened. i have repeatedly contacted support, and instead of actually fixing the problem, i have been given generic responses and reference numbers. at this point, i have no confidence that anyone at doordash is actually investigating my situation. doordash needs to take responsibility for its own technology instead of making dashers pay the price for technical failures that are completely outside of their control. nearly 5,000 deliveries, a top-of-the-line 5g phone, a history of maintaining a 95 acceptance rate, and platinum status and apparently none of that matters when their system fails and their support team refuses to fix it. if you are considering becoming a dasher, understand that when something goes wrong with the doordash app, you may be completely on your own. extremely disappointed in doordash and their support. one star is generous.",Negative,0
"i would strongly advise against booking i would strongly advise against booking flights through booking.com based on my experience. i booked flights and was told they would take a couple of hours to process. the money was immediately showing as pending in my bank account, so naturally i assumed the booking was being processed. two days later, i still had no confirmation email, and the payment was still showing as pending. trying to contact customer service was incredibly frustrating. the phone numbers either rang out or led to an ai system that asked for a confirmation code i had never received, meaning i couldn t get through to anyone. i was repeatedly directed to the online help page, which offered no useful assistance whatsoever. i also sent numerous emails to customer service, only to receive the same automated ai-generated responses over and over again. this caused unnecessary stress while i was trying to organise my holiday, including accommodation, transfers, and activities. after several days with no meaningful support, i eventually contacted booking.com through instagram. they finally provided a phone number where i was able to speak to a real person. i was then told that my flights had never been processed. there was no apology and, more importantly, no email, phone call, or any other attempt to inform me that the booking had failed. had i not continued chasing this myself, i could have turned up expecting to travel without ever having valid flights. thankfully, there were still seats available, but that may not have been the case. this experience was stressful, time-consuming, and completely unacceptable. i have lost all confidence in booking.com and will never book flights through them again. if you re considering using booking.com for flights, i would recommend booking directly with the airline instead to avoid the risk of being left without a confirmed booking or any meaningful customer support.",Negative,0
when you do a template for video it is when you do a template for video it is so hard to be able to do more than one slide. i do not like it. they should make it easier to not use a template and easier to use one. other than that's its pretty good!,Positive,2
"spotify editors are changing independent artists genres without permission i am an independent artist with multiple tracks on spotify. i carefully submitted accurate genres via my distributor trap soul, r b soul, urbano latino etc. . spotify s editorial team has systematically changed 7 9 of my tracks to completely wrong genres mainly american hip hop and alternative hip hop . this is not a small error. it drastically reduces my visibility in the correct playlists and audiences. when i contacted spotify support, they refused to provide the submitted metadata, claimed it was algorithm editors decision , and offered no real solution. this feels like deliberate mismanagement of independent artists work. independent musicians rely on accurate genre classification for discoverability and fair streaming. spotify s opaque editorial system and poor support for smaller artists is a serious problem. if you re an independent artist, be aware that your chosen genres can be overridden with no recourse.",Negative,0
hotel treated poorly i represent a hotel and my experience is that this company and affiliated companies under the booking.com umbrella continually undercut. they need to provide accurate rate information that aligns with the rate that we provide.,Negative,0
charged for doordash passs multiple times without signing up their service has been okay but their doordash pass is a complete scam. it seems they automatically enroll you in it unless you opt out. i do not see how they get away with this. shame on me for not checking my credit card bill but i got 60 in charges over about 8 months for a pass i never used. i will never use doordash again. this happened previously on my corporate card but i noticed it right away and got it reversed.,Negative,0
"aweful booking process aweful booking process. we booking a hotel, received confirmation that it was booked. booking.com never sent the hotel our confirmation. the hotel then got full in the time we were trying to resolve and we were left trying to find another hotel while traveling. booking.com took no accountability and offered no support.",Negative,0
am suffering since 6 month because of am suffering since 6 month because of temu customer service as they are unhelpfull at all and i already i gave them also here in trustpilot a lot of times the ticket no. and email and phone number but they did nothing until now .,Negative,0
"easy to design and print easy to design and print! reasonably priced. and when we had an issue, customer service was super helpful and solved it very quickly.",Positive,2
abusive ads and limited services greedy company. won t let you choose specific songs to play only a limited number unless you pay a subscription. why? spotify used to also only have 3 ad breaks. now they ve ramped it up to 5 ads. no one wants to hear 5 ads. and no one wants to keep having app glitches. horrible app. i prefer soundcloud a lottttt more.,Negative,0
"doordash has been helpful when i do not doordash has been helpful when i do not have time to cook or go pick up food myself. my biggest issue has been that delivery times can sometimes be longer than expected, and occasionally food arrives colder than i would like.",Negative,0
"horrible service and exhorbitant priced i have been using uber consistently for the last three years however in the last three days have found their rates to have tripled. normally, from adelaide airport to henley beach is around 29 to 30 however last night it was 49. this is highway robbery. with cost of living pressures how dare they increase the fares so much. no more rideshares for me will be taking taxis as their fare quoted was 30. also, the same happened this morning at 9.30am from the queen elizabeth hospital to hampstead road, normally 20 but today it was 26. and then they have the audacity to ask us to rate the service and give a tip. who can afford to tip with such exorbitant fares. disgusting",Negative,0
"wise has to much time for payment to wise has to much time for payment to card booking, so needs more than one hour for 10 second direct instant payment to my account application and you cannot use your card while the booking is need longtime from wise!",Neutral,1
super number 1 the best for me,Positive,2
crap service from the driver and customer service if and when you order your food. you will get a crappie driver that rides around with your food for 45 minutes and it is cold. they will give you 5 on a 25 meal that was cold when it got here. doordash is a scam.,Negative,0
"not worth the wait i was really looking forward to my recent purchase, but it fell flat. the item arrived a whole week late, which was frustrating. when it finally got here, i noticed that the quality was not what i expected. the fabric felt cheap and did not match the description on the website. plus, i tried reaching out to customer service for updates, but they were pretty slow to respond. i would not recommend ordering from here unless you are okay with potential hiccups.",Negative,0
i just bought my subscription to i just bought my subscription to netflix literally last night. i have been watching it and i get on today and they say i have to re subscribe. where is my money from the first one?! i will never use this crap streaming service again.,Negative,0
"refunded me the difference of a replacement booking as they said they would i just wanted to leave a review since i appreciated that booking followed through on refunding the difference in price of a more expensive replacement stay after the original location cancelled on me. it did take me a few tries via email and had to send in documents multiple times, but finally today spoke to someone and she helped get it straightened out. so i have a good impression that i will be taken care of if something goes wrong and plan to continue to primarily use the site for my travel accommodations. it seems a lot of businesses these days are dropping the quality of their service, so it is good to see that some still have integrity. also, i will say that i was not impressed with agoda support when i ran into an issue on their platform.",Positive,2
"it s awful it s awful. they play games with you and manipulate you into buying using unethical tactics. for example, you find a product and it claims to arrive in your country in 2 days, then elsewhere it says 16 working days, but once you place the order, it suddenly says more than 50 days! they have zero sense of ethics or morals.",Negative,0
utterly garbage utterly garbage. american company who has no phone support or chat support. run fast and do not order from them. me referring them to as garbage is an understatement. i hope all 3rd party deliveries go away all together. do not order food ever from them.,Negative,0
"really arrogant customer service really arrogant customer service. there were problems with the family account, the issue could not be resolved. i do not recommend this to anyone who wants reliability from the service. customer service was directed to india where the person behaved in a disrespectful manner.",Negative,0
customer support is slow customer support is slow. premium prices are high.,Negative,0
"terrible customer service its ok when it works but try and get help thats a different matter. all contact is through chat which is not great but it can work, however ive tried numerous times and the agent keeps changing like every couple of responses so you end up getting nowhere and the next agent misunderstands and then contradicts the previous one. i have also had money debited from my account, not a normal monthly subscription cost a couple of times and then refunded a few days later without explanation nor can the chat explain. this is marketed premium service with a premium cost but terrible customer service, its like they are providing customer service for a free app. i have moved elsewhere, come on spotify get your act together or you will be finished.",Negative,0
fast responses and took care of the fast responses and took care of the issue,Positive,2
"i absolutely love netflix i absolutely love netflix, i will highly recommend.",Positive,2
the personal are helpful and canva is the personal are helpful and canva is really well to use because you have more exemple to choose when you are at work for school presentation or anything else. and i will give it a good 4 of 5,Positive,2
best app ever! best app ever!! big thanks for the team,Positive,2
it does have a good variety of movies it does have a good variety of movies and tv shows but a lot of them are not that good anymore. the price keeps increasing and you cannot even share the login anymore. this is getting out of hand.,Neutral,1
"could be awesome, but no, it is garbage i buy netflix, and first thing after opening it, i get advertisement in full screen for fluffin solitaire game which cant be hidden!!! you have to be joking. the most viewed tv shows are in like 5 languages maximum house md was dubbed like 15 years ago both in czech and slovak they even advertise that go watch on netflix, but its not in my language -d !!! pure scam. searching for movies is absolute blasphemy, showing the same 15 shows and then it goes to totally different categories like do i care when i search for scifi, i want scifi! netflix is a lot worse than i expected and a lot worse the last time i was using it 4-5 years ago. garbage.",Negative,0
highly recommended i am lucky enough to have a selection of credit cards with no international fees but wise offers competitive rates and the debit card is extremely useful. highly recommended!,Positive,2
"doordash-how not to treat customers with logistical nightmares logistics nightmare, poor food safety and non-existent customer service. doordash are unlawfully flouting australian consumer standards in delivering cold food, 40 minutes later than the final window of delivery time and if you have ever reviewed negatively your account is automatically flagged as a 'problem customer' looking for a refund. this is after the doordash site requests a review of recently completed delivery. doubledash was used in this instance one box of cat food from woolies approx 4km from my house and a pizza delivery 1km away. the pizza arrived stone cold, not even a skerrick of oil or heat mark on bottom of carton because it had to be changed due to sitting waiting so long for collection. if you have ever given a negative review you are treated like a criminal looking for a free meal or refund of a substandard delivery. this appears on your account for the rest of time you are willing to use doordash. i cancelled my dashpass several times due to no delivery drivers being available in tweed heads area at times. then the doordash system automatically blocks you from booking anything further for 24 hours! i now have a 2 year dashpass membership via prime - but all past information has been retained so i am a problem customer regardless. honesty does not sit well with doordash. cut and paste responses treating you appalingly do not sit well with me.!! bullying is not acceptable.",Negative,0
order had item missing i did not take order had item missing i did not take order inside i took multiple pics of order and submitted it within 10 mins of receiving it when i went to support to show it wasn t there and they declined to refund me for my missing item i have since cancelled door dash and will stick with uber also the price per item is more expensive than in the store,Negative,0
"terrible customer support terrible customer support. platform is good, until it s terrible. have used the service multiple times but had an issue with a booking host didn t reply for over a month! - booking.com said they can do nothing, then cut off the conversation. next agent did nothing, got a refund through my credit card. only book if the booking is 100 refundable until the day of the booking and make sure you don t put a card on account - cash only on arrival. this will save you all the stress.",Negative,0
"a great discovery for travel i recently found out about booking. earlier on this year so far it has been great. i haven t had a problem and the process has been extremely easy.i have booked for four different areas. two of those four have been great. the other two are coming up in october and november. i booked for solvang california, phoenix arizona, las vegas, and jalisco mexico. i have even gotten a small discount. i will be back after my next two trips to give an update. side note i do like that you can leave a review about the hotel stay on their app. everyone has different experiences, remember to be kind and patient",Positive,2
it s very comfortable and easy to use it s very comfortable and easy to use. and the money transfer is super fast.,Positive,2
non existent customer service there is no one to respond to account billing issues! really awful service!,Negative,0
absolute rubbish absolute rubbish. i have unlimited mobile broadband because i travel a lot. each time i change the device i am strugling with login in to new tv. what a waste of energy and emotions. absolute morons,Negative,0
never again booked a 3rd floor apartment with sea views and a balcony but got a grimy rundown groundfloor flat next to a busy road at a completely different address to the one i booked. booking say they can t refund me without permission from the host. of course the host isn t going to agree. they are the one who scammed me. so booking take the side of scammers. avoid this site like the plague. why do we keep giving our money to these awful companies?,Negative,0
"independent artists are ignored here independent artists are ignored here. i pay for distribution, but my music is invisible on apple music, itunes, and spotify. while youtube suggestions help new songs grow, these platforms only care about big labels and their own playlists. it s an unfair system for those who pay for the service. we want a fair discovery system for all artists!",Negative,0
a lot of helpful hints since i am new a lot of helpful hints since i am new to canva,Positive,2
"no swimming pool! we paid extra money to stay in a hotel with a rooftop pool in faro as there arent many hotels with pools in the area. we were informed on arrival that the pool was closed for refurbishment. the only reason we paid over the odds for a 5 night trip was for the pool. the hotel should have been on a discounted rate and we should have been informed at the time of booking that the pool would not be available for use. we would have picked a different hotel to stay in had we known. i feel like our trip has been ruined, we have packed cases based on days at the poolside. we have had to pay extra money for ubers to the beach and a day at the beach club to try and salvage this holiday. i would not be comfortable using booking.com in the future, i am very disappointed.",Negative,0
"never ever ever book a car rental via never ever ever book a car rental via booking if you depend on others to arrive on time to pick up your rental. my flight was delayed by 3 hours and i arrive a little for pick up time i had selected. i had of course added my flight number to the booking so they would have known this but irrelevant. i was not given the car i had booked and paid for, on a 7 day booking. i have used booking many times for hotels and when i saw the car rental option on the app thought of trying it. don t, save yourself a huge headache. the car rental company in this case was budget via booking. you cannot use their phone number for help as you are not a direct customer and booking will just talk of terms and conditions and refuse to help. consider yourself stranded. budget saying they can t release the car which is in the carpark on a 7 day rental as the system is now blocked from them releasing it as i was late. i had to pay for a whole new car rental booking! a total disgrace. the feeling that the two companies are colluding to rob you. a tip for booking contract lawyers, next time you discuss this kind of thing with your external suppliers in this case budget include a customer service representative in at least one meeting. someone who has a heart as well as a brain. it s not right what you are doing, tantamount to theft.",Negative,0
i would get 7 out of 10 items i bought i would get 7 out of 10 items i bought from them due to the poor delivery service used they would not bring the items to my door they would just dump them in front of my apartment complex the drivers could not speak english so i had to g searching for my items which most of the time would be stolen i complained to them but i would get nowhere but they did offer 20 percent off if i spent more money? so i do not buy anything from them anymore. s. a. valenzuela,Negative,0
convenient and secure convenient and secure,Positive,2
"the site told me 4 free gifts i picked the site told me 4 free gifts i picked 4 free gifts spend at least 15 pounds i did they sent 1 free gift its a scam they try and fob me of with 12 pound credits people temu is scamming you all . i have got the whole conversation photoed can and will share if you ask me but look on face book and other social media for the whole conversation it will not let me put photos on here its a scam look on trust pilot will post all on there they pushed me round 3 operators all with the same response people avoid temu there are better places than this scam you talk about stars your stars are not that good 3.3 out of 5 i can see that getting worse your not just scamming uk but all over the world australia, new zealand to name 2 more countries where your doing the same scam people not going to put up with poor rating and reviews on there way. 50 people have viewed in 1 day i hope all 50 dont use your scam company i hope i get over 1000 views and they all leave your scam",Negative,0
"login function error login function error, even the payment function failed this company is a piece of shit, what a shame",Negative,0
cancelled my order still charged me and cancelled my order still charged me and still no refund after over 1 month. called multiple times and every time assuring me that my refund will be in my account after 3 business days but it never is.,Negative,0
"very unhappy with temu some of the junk very unhappy with temu some of the junk they sell, there prices have been going up constantly. don t play there game or promotion they deceive you and fix it some how you will lose out and they don t have to send it to you. there prices are constantly going up to where you can go locally and buy it cheaper.",Negative,0
a very easy way to send money abroad a very easy way to send money abroad and very fast.,Positive,2
"warning when buying doordash giftcards doordash deactivated account confiscated xxx in prepaid gift card funds warning to consumers holding or purchasing doordash gift cards doordash deactivated my consumer account without stating any policy violation and confiscated an active, unspent balance of xxx.00 in legitimate gift card funds. when i contacted customer support, a doordash supervisor confirmed seeing my active xxx.00 balance on file. however, doordash refused to reactivate the account to allow credit usage and explicitly refused to issue a refund for the locked funds, telling me to contact third parties instead.i filed a dispute with the washington state attorney general s office consumer protection division file 724218 . doordash declined voluntary informal resolution through the state, refusing to release my money.under washington state law rcw 19.240.110 , gift card balances represent stored value held in trust for the consumer and cannot be subjected to corporate forfeiture or arbitrary seizure. retaining prepaid consumer funds without providing a mechanism for credit exhaustion or a cash refund constitutes an unfair trade practice under rcw 19.86.do not purchase or load gift cards into the doordash app. if your account is flagged by their automated systems, doordash will absorb your cash balance and stonewall all refund requests.",Negative,0
"did not show up did not show up. ordered 1 hour before for 13pm, and 13.07 cancelled.. bye uber, never again",Negative,0
"i am still awaiting an explanation and refund i am still, after numerous chat messages to the ai help support, trying to find out how it seems i was charged 59 for an uber ride that lasted 10-12 minutes and the driver only rode 10.3 kilometers. i have contacted various organizations who have all told me that uber has immensely overcharged me. i am still waiting for a price breakdown and explanation. i have requested a refund and have not gotten it. i do not know how i paid less for way longer rides, but so much for a short ride. how is this possible? i have always been happy with uber rides up until now. my charge was way higher that that of bus, train and local taxi. i came to know this after the ride. when the driver stopped, and said 'you are here'. i almost fell to the ground. i could not believe that i had paid so much for such a short ride. i even pay cheaper for train rides of almost two hours!",Negative,0
excellent experience excellent experience! i highly recommend,Positive,2
have been using wise for several years have been using wise for several years and have never encountered a problem. transfers are quick and seamless and foreign exchange rates are excellent.,Positive,2
temu scam i am writing again my review after one month last month when i post my review they start working on my issue and update me my parcels are picked by courier and arrive at location i have a screenshot of it from their chat where they confirmed it but after all this they still do not refund me and told me courier is unable to pick my parcel i contact their customers services and they have zero respect for customers i told them your supervisor confirmed it that parcel is picked but they insist i do not return their parcels so they do not refund me and close their tickets i know why they do not want to refund me because my refund amount is higher so they do not refund me my parcels my money my wait everything wasted now they offering me coupon as compensation and told me to they do not refund me or help me i am totally disappoint at that time i am going to shift from temu to other shopping apps for smooth experience i think shein is much better then temu i confirming it temu is scam so save your money and time instead of wasting on temu,Negative,0
"fraud with payment and refusal to issue a refund fraud with payment and refusal to issue a refund i paid for the orders numbers po-208-02557330063992068 and po-208-21369273726072068 , and moreover, the goods were shipped without the right of inspection. when the need arose to get a refund, the company flatly refused to transfer the money back to my bank card from which the payment was made. instead, they try to forcibly hold the money on the platform's internal balance or demand strange details for questionable transfers. customer support engages in outright fraud and ignores consumer protection standards. the case has already been handed over to the bank to initiate a chargeback procedure. be careful with this marketplace getting your money back in case of problems is practically impossible.",Negative,0
"the app baisicly forces you to pay to listen to music i m not paying almost 20 a month to listen to music,",Negative,0
bait and swirch sick of uber and their inability to handle anything without being signed into their app.i cancelled my uber account and they want me to lkf back in to request my uber cash balance that i paid for. and did not use due to their lack of ability to deliver me anything. i would negative rate them if i could and the last u er i ride was hot as in no air conditioning in 100 plus degree heat,Negative,0
absolutely shocking absolutely shocking. will never buy anything from temu again. they have that many pop ups and free spins that you can t get to the product you want to buy. when you do get what you ordered it is so cheap and nasty and still not what you wanted to buy. scam! scam! scam! they should not be able to sell any products. it s criminal!,Negative,0
"error of payment after every ride, i got error messages regarding payment! when ordering a ride, i need to order 3-4 times before it accepts! i think it is because of my visa card. but when it s working the service it very good!",Neutral,1
easy to create and amazing can be done easy to create and amazing can be done here!,Positive,2
"it is truly and deeply disappointing it is truly and deeply disappointing when one wants to subscribe, but even before one gets there the support department in unreachable! what is the use of paying for memebership, but one cannot even deal directly with a human being!",Negative,0
app so easy and reliable app so easy and reliable. drivers always courteous and efficient,Positive,2
all very easy to understand all very easy to understand,Positive,2
i tried to book flights to malta which i tried to book flights to malta which didn t go through as my klarna didn t have enough spending power so the money got taken out of my account refunded then taken out of my account again. i ve contacted the customer service but they are not even getting back to me so now i m a lot of money out of pocket. thanks,Negative,0
"this is 100 a scam application this is 100 a scam application, it has no customer support, no remedy to any problem , and won t refund money on food you never received. i don t even know how they can legally operate , and have 0 accountability in the loss of goods and services. they deserve a class action law suit.",Negative,0
we placed an order in april and paid in we placed an order in april and paid in full. we have tried cancelling and getting our money back and just receive standard non-committal responses. we have now issued a county court online money claim. their stuff may be cheap but customer service is non-existant. read temu reply - much the same non-committal nonsense as before. they have had all the info they are asking for. our patience is exhausted and we will let them answer to the court.,Negative,0
i booked hotel with family i also added i booked hotel with family i also added breakfast got there and hotel refused breakfast booking.com messed up ended paying for breakfast and still ain t paid by booking.com thief s stay away.,Negative,0
drivers on time and polite. drivers on time and polite.,Positive,2
need to be improved need to be improved yt music is still better,Neutral,1
i have seen everything on netflix years i have seen everything on netflix years ago. very few new programmes.,Negative,0
we paying for view long advertising we paying for view long advertising not happy with netflex,Negative,0
too complicated too complicated. i gave up trying to create a simple video after a number of failed attempts.,Negative,0
"very poor customer support very poor customer support. we have an urgent problem with our accommodation, but booking.com is not providing any real assistance. there is no live agent available, only an ai assistant, and nobody is actually resolving the problem. we are currently stuck with an accommodation issue and cannot get proper help. extremely disappointing service",Negative,0
"temu sux temu responded to my review, saying to make sure i was not the victim of fraud. ohh i sure was but i do not need the bank to tell me, it was temu who committed fraud... you said i had 100.00 credit so i placed a 106. order and was charged the full amount. then you have this stupid spin wheel that somehow it always lands on the biggest reward that you never really give. i had to cancel my credit card so you would stop taking my money!!! temu you are the worst fraud ever!!!! i really hate you!!! i am still trying to reset all my automatic monthly payments because i had to cancel my credit card. not to mention that the stuff that i did order is all super cheap!!! i have never seen such piece of crap company in my life!!! in all this i really blame myself because i should of looked at your reviews... you have one star, and you do not have less because the lowest rate we could give is one star!!! please everyone do not be a victim of temu!!!!",Negative,0
do not order from then i have been do not order from then i have been waiting on a package for 29 dam days still have not arrived. i rather shop off of shein they deliver as promise very missed off,Negative,0
"scams money scams money, not reliable website to book flights, easyjet is way better. does not do refunds, after scamming. do not trust this website",Negative,0
"ads on a paid plan i am out i have been paying for spotify duo, yet spotify now injects ads into podcasts on a paid subscription. there is no excuse for showing ads to paying customers that's the whole point of paying. after 10 years and 373 liked songs, i have migrated my entire library and podcasts to youtube music and cancelled my subscription. trash move, spotify.",Negative,0
all of the materials that are shared to all of the materials that are shared to all teacher and out off duty too!,Positive,2
such a simple and fast payment method i find the payment process using wise always such a fast and simple one. with regular payees designated as 'trusted suppliers' the process is now even easier than before. what's more the currency conversion rates and fees are such good value for money,Positive,2
"booked a pet friendly hotel in brisbane booked a pet friendly hotel in brisbane , paid the full amount to booking.com.after driving close to 9 hours arrived at the hotel and was told there were no more pet friendly rooms available.they the hotel showed messages that were sent to booking.com abut my pet dog, but those messages were never forwarded to me.so the hotel did not reserve a pet friendly room for me.i had to book another hotel at 10pm this time i did a direct booking with the hotel . was very difficult get hold and to talk to customer service and they assured me that i will get a refund but 1 week later still no reply.do your selves a favor and book directly through the hotel websites to avoid being stranded with no refund.will never used booking.com again",Negative,0
"disgusted by this company disgusted by this company. worse company ever. we ve spented thousands of euro with them in the past years until one day my mom booked a hotel and it also appeared in my app account. no correlation between so no clue how it happened. we have no travel buddies added in neither of our accounts. they had no answer. same confirmation number and same pin, i cancelled mine being afraid i will be charged as well for the hotel, and it also cancelled her. i was in shock when she mentioned it to me. now, one week apart for her to go she has no hotel. they said they will contact their security team. i will never book again with them, and i will advise everyone to do the same.",Negative,0
"i placed an order i placed an order. did not get it, driver left a picture of a bush. put in a refund request, denied. asked for a review, also denied, resolution reason given was unknown. i submitted a bbb complaint, and hopefully after a refund, closing my doordash account forever. if fast food companies wonder why sales are down, if i could reliably get my orders, i would eat out alot more.",Negative,0
"nothing wrong with the service or quality of streaming. what i take issue with is with all the woke directing that is being forced down our throats. for example, the witcher season 4. there is no n... see more",Negative,0
"translation translation doordash service is fuc.ed up. we order food so we can eat it while it s hot, but they charge extra for priority delivery. even then, the driver still has two stops along the way, and by the time the order reaches us, the food is cold.",Negative,0
"spotify struggles in the free version unfortunately, spotify is not the best in the free version . in the free version i somehow cannot use repeat which i love doing on my macbook, you cannot use repeat on mobile for some reason. do not know if it is just my mobile phone or everybody else's phone. sometimes when i create a music playlist it will always just play a different song in the middle of playing a playlist that's not relevant to the song's added in the playlist. oh, and also one time it promised to play 2 ads but instead played 3. use apple music instead.",Negative,0
they delivered someone elses order. rude and do not care they delivered someone elses order. they are giving us a hard time about a refund. they do not care. they are rude. they delivered someone else's order!!!!!,Negative,0
"i have been trying to contact i have been trying to contact booking.com about being charged for reservations that did not go through, even though the funds were taken from my account. i have already sent the requested documents, but i still have not received any assistance. i live paycheck to paycheck and cannot afford to have money taken from my account. i am struggling to get anyone to help me with this issue. when you are asking for a refund or to make a complaint, their website is not user friendly.can someone please help me!",Negative,0
"my book is great because of canva! im writing my book on canva, and it is been great. i have been able to do things that i would not have done on a google doc. now even though i had to pay for premium, which i did not. i still got acces to things i loved and wanted.",Positive,2
a little intimidating at the beginning a little intimidating at the beginning to understand how to edit to videos,Neutral,1
"this whole scenario with temu has been this whole scenario with temu has been a nightmare from start to finish. still no answers and all they do is send the same message repeatedly. they are the most incompetent people to deal with and it is about time colin haugh who owns temu did something about the total incompetence these people who he employs are allowed to give out to customers. i am not surprised at all the negative reviews on here as i am sorry to say they are all accurate of this company. just read their reply, it is a joke. they are so unprofessional when dealing with customers. absolute joke",Negative,0
good it helped me with work,Positive,2
wise is done as excellent wise is done excellent. hasle free transfers. no problems so far. only thing is that app showing notifications which is hard to find or i cant find it when i open the app. maybe make app more user friendly and simpler. happy to be part of wise.,Positive,2
fast fast. easy to use. reasonable. great communication. safe. the best,Positive,2
"the programming has gone downhill the programming has gone downhill, the video quality at 19.99 a month is ridiculous and you just keep raising prices. one more and im done, you just are not that good anymore.",Negative,0
"horrible horrible horrible horrible horrible horrible. it uset to be so good, but lately they removed every tv show and movie that's actually good. be better of cancelling the whole subscription. i would give 0 stars if i could.",Negative,0
"premium member - spotify has lost the plot! premium member - spotify has lost the plot! spotify used to be brilliant, but lately, it refuses to play my choices in my order, always lands up going to some spotify determined order and excludes many songs from my chosen playlist and adds whatever it decides i like... no way to clear the queue, option is not available. i am in the process of duplicating my playlists in apple music, once done i will be unsubscribing from spotify.",Negative,0
in kenya money transfert to m-pesa money transfer to my safaricom phone number to activate my m-pesa wallet in kenya was not possible. safaricom has verified that my phone number was active and correct in the chat with wise support there was no way out on wise's side. they admitted not to be familiar wit m-pesa and suggested to try to send money to a different person and different phone number to verify. i tried that several times but there is a security barrier with many question pages that considered my answer suspect and the transaction stopped. therefore i sent my money back to my italian bank account,Negative,0
"uber refunds even though i was confused when uber took out a subscription im sure i cancelled, they did give me a very quick refund ! i think they should focus on sending notifications out when the membership is being renewed so customers know to cancel! nothing bad to say about the actual app tho , very nice drivers !",Neutral,1
"high prices for trash content, they cancel everything why am i even paying for this platform anymore?? every single time they release a genuinely good show with a proper story, they cancel it after one season on a cliffhanger. instead, they flood the homepage with cheap, unwatchable reality tv and foreign dubs. the price keeps going up but the actual quality of entertainment is at an all time low. do not bother.",Negative,0
canva is so very useful sa tulad kong canva is so very useful sa tulad kong student and may printing business,Positive,2
"i have generally had a good experience i have generally had a good experience with netflix, and the streaming quality and interface are excellent. however, i feel that the catalog lacks enough fresh content, especially for long-time subscribers. it would be great to see more new movies and series added more frequently. another frustrating issue is the strict vpn detection system. i travel abroad frequently, and sometimes i use a vpn for privacy or security reasons. being blocked or restricted because of this makes the service much less convenient for people who travel often. i understand the licensing challenges, but i hope netflix can find a more user-friendly solution for legitimate subscribers. overall, netflix is still a great service, but improving these two points would make it even better.",Neutral,1
"great hey there, thank you so much for the great review! we are thrilled to hear that you are having an excellent experience with us. we appreciate you taking the time to share your feedback! wise",Positive,2
nevermind nevermind. they would not pay any attention to me anyway.,Positive,2
they gave me a coupon to reorder my they gave me a coupon to reorder my invitations on them i love this app so much,Positive,2
absolutely awful customer service absolutely awful customer service. trying to confirm my flight. they have taken my payment but apparently it takes 2 days for the confirmation email to come through. once they tell you they just cut the phone. with respect they are foreign nationals so have no customer service tone at all. act like you should know how their process works. really poor service. would sack the lot of them,Negative,0
"user interface getting worst and worst user interface getting worst and worst, artists are not rightfully retributed, support is useless.",Negative,0
"terrible customer service we booked an accomodation on booking.com. there were red flags from the time we checked in that we gave the host the opportunity to fix such as no shower curtain, or towles , but ended up having to leave the accomodation becuase of safety concerns. we immediately reported this to booking.com, and booked a replacement accomodation through booking.com on the check-in date. when booking.com was made aware of this, their response was that since the booking was non-refundable, and the host did not want to provide a refund there was nothing they could do. they clearly did not care about our experience, or remedying these issues to save futre guests the same experience of finding a replacement accomodation at midnight in an unfamiliar city. i would not book again through this site.",Negative,0
uber app is easy to use with efficient uber app is easy to use with efficient results. the drivers were professional and personable. great experience!!,Positive,2
"northedge outdoor ltd northedge outdoor ltd. huddlesfield west yorkshire hd1 1rl. third party seller on temu. i bought 48v portable cordless high pressure washer equipped with two batteries, a 6-in-1 adjustable nozzle, suitable for car floor garden cleaning and watering, as well as other household cleaning tasks. 20.98 1set the item sent was totally a different one. it was wrapped only in black polythene thin wrapper. because of this the case arrived cracked. i thought temu would be careful with third party sellers on their platform, but apparently not. i don t trust temu or the seller, so i m stuck with an item that may even be 21v instead of a 48v one. avoid the seller and temu platform at all costs. i wish i had looked at the reviews before i purchased from northedge outdoor ltd as i ve found at least four other buyers have had the same experience as mine.",Negative,0
hopeless!! hopeless!! order wasn t delivered. delivery time kept changing in the end no dinner however did get a refund however i wanted food,Negative,0
"been using spotify for a while been using spotify for a while, maybe like 2 years. at first everything was fine, i even recommended it to friends. but over time it started getting a bit annoying. main problem for me is random issues with the app. sometimes songs just stop, or it doesn t load playlists properly. not always, but enough to notice. also had a few times when it logged me out for no reason. another thing some songs just disappear. like you have them in playlist, then they greyed out. i get it s licensing, but still frustrating. support didn t really help much, just basic replies. it s not terrible service, but for paid subscription i expected more stability",Negative,0
avoid uber one is a joke...customer services is absolutely terrible....cancelled my account...will not use again..... and uber eats could not care less.....,Negative,0
"every time i click the home page every time i click the home page, it starts to glitch out and play 10 songs in 1 and cannot pause wtf",Negative,0
price increases for terrible quality apps they keep increasing the freaking subscription monthly but do nothing about the unstable pc app that needs to be reinstalled all the time! cannot wait to unsubscribe.,Negative,0
if i could write this service zero if i could write this service zero stars i would the app is not user-friendly. my order was sent to another state and i was not refunded. i will never use doordash again. it is a complete rip off.,Negative,0
"very accommodating very accommodating, and solved my problem.",Positive,2
you cant find all you downloaded song you cant find all you downloaded song if you download your weekly discover. so screw you if you wanted to lisen to those agian. pc app constetly goes offline for no reson and sucks to use.,Negative,0
i was able to make a resume from my i was able to make a resume from my phone for free using your format also provided for free. very cool would recommend even if my resume is still shit lol.,Positive,2
"my monthly subscription has been my monthly subscription has been increasing. first, they added 10. a few months after that, they added 2 more. this is ridiculous. keep in mind, they do not have a lot of options, especially for new movies. so, why are you raising the price? the communication in both cases was terrible because i was not informed of the 10, and for the 2, they claimed they sent an email. you do not just take money from people and inform them through email. to make matters worse, they said they cannot refund me for anything, nor do they offer anything for an unsatisfied customer. i was shocked and extremely disappointed. i immediately subscribed to another app. this is my last month with them. do better netflix, just do better.",Negative,0
"if u like having ur meal ice cold and less than half what u ordered show up taking an hr to get dot head2 speak english and then refunded screaming ur balls off ur still hungry then go ahead and call if i want to scream at the top of your lungs, be guar",Negative,0
it would be zero stars if i could this it would be zero stars if i could this company are a scam and im so annoyed at myself to trust them i returned an order and never got full refund they say items where missing they never received it beware they are scammers,Negative,0
"shockingly poor i tried to stay at a property in alfriston, sussex. it was booked for three nights but i was forced to leave within half an hour as the property was uninhabitable. after trying for hours to get through to booking's customer service, they offered no useful advice. we chased up via several emails, during which we were of course told that they were on the case. nothing has happened apart from a risible 13.00 refund not yet sent . on the basis of this experience, i find bookings to be an irresponsible and dishonest company with an incredibly poor customer service. in future i will not use booking .com again. zero stars.",Negative,0
like others on i was duped into a like others on i was duped into a cleverly hidden free trial loop during checkout to quietly sign me up for an uber one membership whilst placing an uber eats orders. annoyed me to the extent i will avoid taking uber trips.,Negative,0
very useful it is an amazing experience.,Positive,2
"so you add more of useless features so you add more of useless features, while app's performance degrades and bugs multiply. priorities.",Negative,0
canva is amazing but i really wish if they could add layering separate taps like how other graphic tools have so u can download all the layers separately. it will be really nice. but overall canva is... see more,Positive,2
"excellent fast, easy, simple. just works as expected.",Positive,2
"i wish i could give a 0 i wish i could give a 0 . i had a very disappointing experience with both macy s and doordash. i placed an online order through macy s, and they used doordash for delivery. although my address is correct in both my macy s and doordash accounts, my package was supposedly delivered to a completely different address that does not exist. when i contacted macy s, they told me to call doordash. doordash then told me to contact macy s. i was left going back and forth between the two companies with no one taking responsibility or offering a real solution. this experience was extremely frustrating and a waste of my time. customers should not have to act as the middleman when a delivery goes wrong. based on this experience, i cannot recommend using either macy s or doordash for deliveries.",Negative,0
"first meeting with uber first meeting with uber was via a 'local' taxi company - the car arrived 20 mins late. i was told by a very pleasant driver that he had been requested to carry out the booking 10 minutes after the expected time arrival and hence why so late. second booking - car requested for transport to a rail station to arrive at my house at 06.10. at 15 mins late i phoned uber and i was informed that a driver arrived and waited at house number 5 whereas i live at house number 17 and was stood outside checking for people from 06.05 so before due arrival time booked. as it is largely a cul de sac, i would have seen any arrival. i therefore missed the planned train and had to pay 41.35 to replace my ticket! on the phone call uber insisted i should only use the uber app and not book online!!",Negative,0
any clothing items bought from temu are likely to be shoddy and made with cheap polyester. i have wasted money on various purchases and they have almost all disappointed. if you buy household goods an... see more,Negative,0
"step by step understanding was very easy to understand, step by step hands on experience, and there were canva help were you could ask questions if you needed help.",Positive,2
very disappointed very disappointed. delivery delayed due to no local delivery personnel.,Negative,0
"doordash customer service has to be doordash customer service has to be down there with cable companies and gyms that trap you into memberships. the agents are friendly, but they never have access to the information you shared in the three previous conversations with agents about the same issue. the agents then try to make things right by offering you a free month... to sign up for a subscription service that will then charge you 10 per month. it is not the agents fault, they are obviously copying and pasting from a script. they tell you you have been referred to a specialist team or to connect you to a manager, and that you will get a response in 1-3 hours. 4 days later, you have to start another chat with them because you have never heard back from the specialist team and the agent does not have access to the long conversation you had with the previous agent about the issue. you have a good app that has obviously made you a ton of money, i was a loyal user, but never again.",Negative,0
nice and clean car nice and clean car. driver drived safetly.,Positive,2
"good music app but needs improvement i ve been using spotify for a while now and overall it s a good app with a huge music library and easy-to-use interface. discovering new songs and playlists is one of the best features, and streaming quality is generally good. however, there are some issues that need improvement. the free version has too many ads, which can be frustrating, and sometimes the app lags or crashes. also, subscription pricing can feel a bit high depending on the region. i d recommend spotify for music lovers, but improving app performance and reducing ads on the free plan would make the experience much better.",Negative,0
very easy cost was good drivers were friendly map tracking very good always on time 3 ubers in 24 hours,Positive,2
i do not know why my card keeps getting i do not know why my card keeps getting cancel and rejected for subscription. please help,Neutral,1
"just a heads-up for anyone considering just a heads-up for anyone considering the kfc promotion on doordash. i recently saw an offer on the doordash app stating that if you spend over 20 on a kfc order, you would receive 10 free wings. based on that promotion, i placed an order worth more than 50. unfortunately, the free wings were not included. i contacted the kfc staff, and while they were understanding and tried to help, they advised that the issue was beyond their control and would need to be handled by doordash. i am sharing my experience so others can be aware and double-check the promotion details before ordering. if you are planning to use this offer, you may want to confirm it with doordash first to avoid disappointment.",Negative,0
refund received on a timely manner responded promptly and efficiently.,Positive,2
cancelled membership in may of 2026 cancelled membership in may of 2026. nexflix took money from credit card without my authority and or authorization. customer service is never available. i do not and will never go back because of this very issue.,Negative,0
"why am i paying for premium? i ve been a spotify premium subscriber for quite a while, and overall i ve never had issues with my payments, billing, or music streaming experience. compared to some of the reviews i ve seen from other users, my account itself has functioned well. however, my biggest frustration is with podcasts and the way ads are still delivered throughout episodes, even while paying for premium. i understand the difference between spotify platform ads and ads embedded directly by podcast creators, but from a customer perspective, premium and ad-free create the expectation of uninterrupted listening. instead, podcast episodes are still constantly interrupted by host-read sponsorships and promotional segments. music playback is mostly excellent, but the podcast experience feels misleading when paying customers still have to manually skip through ads and sponsored interruptions. if spotify markets premium as an ad-free experience, there should be clearer communication about what that actually means for podcast listeners. i m not asking for perfection. i just want the uninterrupted listening experience i believed i was paying for.",Negative,0
waiting on a refund for a smelly waiting on a refund for a smelly propeety on tje site. casa collection in kotor bay. comokete scam everyone is lying the casa collection and booking. i want my refund!!!,Negative,0
"just a heads-up for anyone who uses doordash. i recently placed an order, and the store was out of the items i ordered. the store told me to report the items as out of stock in the doordash app... see more",Negative,0
"disgraceful breach of contract. left stranded, support hung up on me absolute nightmare experience with booking.com. we booked a 6-person sea view apartment three weeks ago for a holiday. the host cancelled last-minute due to overbooking. under the uk consumer rights act 2015, booking.com is required to provide a par-to-par relocation. instead, their support team tried to force us into a severe downgrade splitting our group and giving 4 of us a city view room. because this is peak season, market rates have skyrocketed. the only true equivalent sea-view alternative left is 2,252 a 1,667 cash difference from our original 585 booking. when i refused their inferior city-view downgrade and demanded they honor their relocation policy, the customer service agent completely hung up the phone on me. this is a clear breach of consumer protection regulations and an appalling way to treat a customer facing a travel emergency. i am proceeding to book the replacement accommodation independently to mitigate my damages. i will be recovering the full 1,667 consequential loss via a statutory section 75 claim through my uk credit card provider and filing a formal complaint with the competition and markets authority cma and mcol. booking reference 6500399835",Negative,0
there is trouble everytime one tries to there is trouble everytime one tries to log in,Negative,0
"already being billed and still not one already being billed and still not one item arrived. use speeedx which are useless with little to no customer service, not even a phone number! website just has pop-ups that confuse the buyer. amazon may be more money but never these dumb dumber excuses from cannot find address which then changes to incorrect package then back to cannot find address. i can see i am not alone. it continues. first their speedx people cannot find me, then delivered and the only proof is a package pic of the package next to a large old style boom box. my office has cameras and a bin for deliveries. they are lying buggers.",Negative,0
"after years of using temu with no after years of using temu with no problems, i can honestly say i will never use again. i bought a water feature for 100, but unfortunately did not work properly. i bought from uk, as i thought it would be easier to return if any problems, how wrong was i. temu has made it as awkward as possible to send the item back and clearly do not want to refund. they have sent me a barcode for the return, but no return address. the logistics company they are telling to drop off to, do not accept returns only collection, but temu are saying they cannot book a collection. they are doing everything possible to avoid giving a refund for the item. do not buy any high value items from temu!",Negative,0
way too many foreign films way too many foreign films. trying to read while watching is very hard and also the mouths don t match up when they speak. they never tell you it s a foreign film,Negative,0
"secondhand programmes with secondhand staff advice judging from the star rating here, i gather netflix does not care one bit about any review which does not conform to their ideas. so, for those of you who are thinking of trying netflix, you may want to have a re-think. i have been with netflix for some 4 years. in that time i have seen their content sink. a lot of their programmes now seem to be taken from old uk usa showings, with not a lot of original material. second, netflix have staff who have no idea of their own company's contractual terms in a word, they are ignorant of any of them and give out advice which is totally at odds with netflix's terms. third. as a direct result of advice i received from netflix chat, i cancelled my subscription. i was informed by their representative that i would not be allowed to watch any netflix programmes if i chose to travel. the advice i was given was that i would have to cancel my home country subscription. take out a subscription in the country i was travelling in. cancel that subscription when i returned to my home country and renew my subscription in my home country!! does anyone else see the lunacy in this advice? i visited netflix website where it stated quite clearly, and i quote netflix is easy to use when on the go or traveling . so, i got back in touch with netflix chat. big mistake. the second person was even more ignorant than the first one and sounded like a bot who did not know anything about anything, but could feel my frustration and would take on board my feedback! what feedback? with staff, which are the face of netflix, like these, i can only conclude netflix will sink faster than the titanic.",Negative,0
shocking shocking. booked three nights away back in july to go away in august. no email confirmation received. upon trying to cancel reservation before 307 is taken from my account. i m lead in circles on their app for help. no help from ai rubbish in their phone line if you can find the number! 3 weeks i ve been trying to cancel within this reservation now. still no joy. i ve need had the hotel directly contact booking.com to request it be cancelled in my behalf! will absolutely never use this service again. fingers crossed it s sorted in three days. or i ll be taking them to small claims court.,Negative,0
"terrible people and service. i could not change the email to the account to my new one, i could not use the first one because i no longer had access to it. i somehow figured my password out and put the email in but when i went to change the email it just kept repeating something went wrong please try again and honestly spotify is so greedy. the owners are terrible people too.",Negative,0
"happy to shop with temu i have bought a lot of things from temu, and really happy with them. yes some things ain't great and can come across a bit misleading, but is that not due to not reading discrimination properly? if i dont like it i just return them and get my refund straight away. i am more than happy to buy from temu",Positive,2
"i am experiencing an issue while i am experiencing an issue while watching movies on netflix on my television. when i pause a movie and then press the play button to resume, only the audio plays while the video does not resume properly. i have tested this on another television as well, and the same issue occurs, so it does not appear to be a tv-specific problem. could you please investigate this issue",Negative,0
absolutely appalling absolutely appalling no support for when things go wrong. lots missing from my order not decent solution just shut down and ignored me. does anything come of these reviews,Negative,0
"i was on a run i was on a run, like i do every day and all of a sudden the song im listening to cuts out and starts blasting some sort of rap in my ear.when i tried to fix it it got louder so i threw off my headphones and got hit by a car which i could ve dodged if spotify hadn t been so shitty, now i am in the hospital with a broken femur all because of spotify.",Negative,0
"price change before and after ride recently from 2-3 times , uber is charging more than it shows before booking. they show different amount before rode and once ride completed the price increases in drivers app.",Negative,0
"i am done with netflix i have subscribed to netflix on and off for years but now i am out for good. not worth the price in canada for the lousy movies. watch prime, tubi etc.",Negative,0
sweden transfer. both sending and receiving cash so simple and quick. always keeping both parties informed throughout the transaction.. no,Positive,2
"they refuse to offer refunds .i they refuse to offer refunds .i cancelled my monthly plan yet i was charged for 4 month when i got to notice it i contacted them . they kept lying to me that the refund is decline by my bank , i ask for a proof , they told me they cannot provide proof.and this is over 30 days since i have been contacting for refunds . i mean who does that . this is a clear criminal act because indirectly rip customers and refuse to provide refunds .",Negative,0
wise is nice transfers allways quick and safe,Positive,2
"it s very easy to follow and provides it s very easy to follow and provides all the information you need, which gives you the confidence to take the ride.",Positive,2
"old movies on your side, very few new movies but some of them very few new movies but some of them don t allow to play to watch it like old henry never allow me to start, we ll need to give up and find another provider because i got tired to watch the same old movies",Negative,0
"do not buy anything from temu. hello, thank you for your feedback! temu is an e-commerce company that connects consumers with a network of merchandise partners, manufacturers and brands with the mission to empower consumers to live their best lives. customer satisfaction is of the utmost importance and we are constantly working to improve our service quality. if you need further assistance, please message us through temu.com or temu app live chat. best wishes, temu team",Negative,0
"door dash is a disgusting abomination of business practices this company, time and time again, has persisted in, not only charging a premium for their services which is not a problem , however, they fail to deliver time and time again!!! on 7 13, i ordered something from one of their clients stores, and, not only was i not notified of a cancelled delivery , but after i contacted their support, they did nothing to rectify the issue! they have call centers and people reading from an effing script, and i spent, literally, 50 minutes on the phone dealing with something that was not even my fault. i got a refund, whereas, these garbage people initially wanted to give it as a credit, however, after spending 18-22,000 over five years, they refused to offer a credit! my time is worth something as is the ceo's apparently, who, in turn, made approximately 400 million dollars last year. i have a big problem with the fact that this worthless, garbage company cannot even admit to their faults and provide proper compensation! meanwhile, even though the funds were allegedly refunded, i now have to wait 5-7 days, and, yet, they blame it on my bank. the point of the matter stands as such i demand compensation as a result of this and having to deal with their employees, who are clearly robotic, and can do nothing. there is a reason as to why literally millions of people wishes death upon this company! it is the most dishonest, disgusting, unethical bull that i have ever experienced with a company. compensation is demanded! on the contrary, i hope that the government finds a way to shut this disgraceful company down and, in turn, finds a way to incarcerate tony xu! for all of the time and money that i have spent, at this point, a minimum of 100 in credits is now merited! period!!! this company needs to be shut down by the government, period!",Negative,0
"never hire a car through booking.com!! never hire a car through booking.com!! having hired a car from sixt through booking.com for an 8 day trip whilst in australia and paying extra for the full insurance, i can safely say never again! i had an accident when a wallaby ran out in front of the vehicle, as well as injuring the animal it caused 1500 worth of cosmetic damage to the car. as the insurance was through a third party, i had to pay sixt 6000 bond to cover the damage, wait weeks to get the balance back once they had repaired the vehicle and then weeks again to finally get my claim paid to me. this whole process took over 3 months and a lot of time and many, many emails, as well as stress and inconvenience. the whole process was flawed from start to finish, terrible communication and awful customer service. i will be cancelling my booking.com account and never using them again. hire directly through the car hire company and pay a little bit more, it s worth it.",Negative,0
"an insane number of ads we are longtime netflix subscribers, back to the day when we got movies by mail. this week, we watched society of the snow, one of the most powerful movies ever. however, the experience was seriously marred by the constant ads, breaking up the suspense of the movie. in fact, the ads ruined our experience. in addition, one ad was for hersey's chocolate, which appeared right after a starving character in the movie was savoring a small piece of found chocolate. we are seriously considering ending our subscription. i do not mind a few ads during the movie, but we should have not to pay substantially move to avoid the kind of viewing experience we had this week.",Negative,0
"i still really like netflix i still really like netflix, lots of great series, especially the foreign ones like spanish and scandinavian ones, there is always something great to watch, mostly good quality. a minus is the ux design, as it shows me many times series or movies i already watched, i only see it once i click on the details. also as sometimes netflix shows different cover images suddenly, it happened to me a few times that i started watching the same movie again and then only noticed i sounds familiar to me.",Positive,2
better service needed! better service needed!,Neutral,1
we pay a decent amount every month for we pay a decent amount every month for this service and to be honest lately it is been a huge disappointment it just stopped working an hour a go the internet is gone here it is frustrating esp as at the weekend i need music playing for an art event! not actually very happy,Negative,0
"neglect towards long standing bugs, profit maximization costing users greatly i pay the full price, but my region is overlooked and half the features are not available video podcasts, audio books, etc there is a bug where the app quits suddenly during podcasts. it has been there for a while, and i am forced to fiddle with the web player and the profit maximizing strategies designed to squeeze out ever single coin they can without addressing the issues plaguing their service for years",Negative,0
"easy to use easy to use, everything s working well i am satisfyed with the services",Positive,2
"gave netflix a try after a friend happy with my order gave netflix a try after a friend recommended them, mostly glad i did. communication was clear and i always knew where my order stood. the website was a little slow to load at checkout. solid overall and worth a look.",Positive,2
"never booking with booking.com i made a reservation for a hotel with booking.com. they provided all the details to my email the payment, confirmation number, pin, date of stay, ect. everything seemed settled and organized. enough for me to feel safe that everything is set. however. when i tried to check in, the hotel could not find my reservation. i showed them the confirmation number, but they said they cannot find anything under my name or confirmation number. they instructed i call booking.com since i booked the reservation through a third party app. trying to get ahold of a person is insanely difficult. it is all pretty much ai bots helping you all the time. i had to call twice because the first time i was on hold, they just hung up out of no where. when i finally got ahold of an actual agent which took close to an hour of being on hold , they told me they cannot do anything besides give me a full refund, which was going to take 7-12 business days. i was not given an option to book a different room, or even different hotel. i had to buy another room if i wanted to stay. i did not have the funds to book a different room. i had to cancel my weekend plans. never have i had a horrible experience booking a hotel. never have i had a horrible customer service experience in general. i was not left happy. the fact that they told me that the only thing i can do is buy another room because of their incompetence. i would not recommend this app to even my worst enemy. the amount of stress i had to go through trying to find an agent to help me out, and having to delay plans because of this unfortunate experience. this place should not even deserve a star. please stay away from this company.",Negative,0
let down by this store ordered here after reading some positive reviews and unfortunately did not have the same experience. what arrived did not feel like the same standard shown in the listing. the return process turned out to be more complicated than it should have been. the experience fell short in too many ways to overlook.,Negative,0
i love how easy it is to use this app i love how easy it is to use this app. the design is simple and allows you to import your own pictures. i use this for my song album covers and so much more!,Positive,2
why do we keep paying nexflix when all why do we keep paying nexflix when all they have now is reruns of lifetime movies. this is bs.,Negative,0
"left stranded while booking.com and priceline pointed the finger at each other i booked a cottage thru priceline who without my consent partnered with booking.com. priceline said i had a reservation that was partially paid for and confirmed it with me one week before the trip, but booking.com said they sent me emails that i did not receive nor would i know i had to look at them because as far as i knew - i booked and paid for it thru priceline. priceline said i had to call booking.com and booking.com said i had to call priceline and they both left an older women stranded in a foreign country without trying remotely to find her a place to stay. hey just kept pointing at each other. no one called me !!! it was just cancelled.",Negative,0
"essential for digital communication canva has become an essential part of my communication toolbox for work social media. easy to use, multiple options on format, and endless templates - it is got everything.",Positive,2
i am trying to cancel my account and no i am trying to cancel my account and no one will help me. i am 77 years old and have absolutely no need for this. it came with a pattern i had ordered. i could use the 18.00 a month for food. will someone please help me??? janet schreiner,Negative,0
"be wise use wise be wise, use wise! it saves you money abroad.",Positive,2
"i am canceling my subscription after a i am canceling my subscription after a complete disappointment in netflix services. all series are purely ai created designed to make you binge watch, have no actual plot and feel cheap. its a waste of time and an embarrassment to the cinema industry.",Negative,0
"this company lies this company lies. i booked what they said was a sea view. the minute i paid for it, they changed it to partial view and won t give me my money back and it was a lot.",Negative,0
"no customer service no customer service, ther is not anyone you can talk to about a problem. just automated phone numbers and messages",Negative,0
"fake reviews, bait-and-switch scam 300 extortion res 6884228422 stylish room in central location in swansea, uk warning retaliatory 300 extortion bait-and-switch scam reservation 6884228422 i am writing this to warn all travellers and demand immediate action from booking.com corporate compliance regarding reservation 6884228422 for the property listed as stylish room in central location in swansea, uk. this property is operating a fraudulent bait-and-switch operation out of a residential family home, and booking.com is allowing them to extort customers. the property scams 1- bait-and-switch the room was explicitly advertised and paid for as a private en-suite. the moment payment cleared, the confirmation email stealthily changed it to a shared bathroom. the water pressure was terrible and turned freezing cold whenever a tap was opened elsewhere. when challenged, the female host was aggressively rude, telling me to cancel and leave. 2- parking lies the listing promised parking. in reality, it is strictly competitive street parking in a very rough, unsafe-feeling neighbourhood. one side of the road is restricted to permit holders, and the free side was so packed there was not a single centimetre of space. 3- unlisted rules conditions i was forced to remove my shoes at the door without warning and walk up multiple flights of stairs bare-footed. the hosts cooked highly pungent food with burning spices at 10 00 pm, heavily triggering my asthma and allergies. the bedding and towels smelled disgusting and unwashed. 4- intolerable noise stomping and items dropping inside the house lasted until 1 30 am, while crowds and young children loudly shouted in the street until 2 30 am. sleep was physically impossible. retaliatory financial extortion after i left an honest, highly negative review on the platform to warn others, this hostile host fraudulently abused booking.com's system to send a retaliatory demand for a 300 payment for fake policy violations. this is blatant bullying and financial extortion to scare me into deleting my review. platform failure this property has a highly inflated 8.2 rating from only 20 reviews these are clearly fake, manipulated reviews that booking.com fails to filter out. furthermore, when trying to report this scam, the system traps customers in a useless ai bot loop, making it impossible to reach a human agent. i demand booking.com immediately investigate this property for fraud, suspend their listing, and issue a full refund for services completely misrepresented.",Negative,0
thanks guys for fixing the problem thanks guys for fixing the problem,Positive,2
very helpful! great customer support.,Positive,2
i love it!!!! i love it!!!!! lots of stuff to choose from!!!! and it is literally magic like they said,Positive,2
"i was a netflix customer for over ten i was a netflix customer for over ten years, i call to update my email for the second time. so i can manage my account. the representative and manager i spoke to were such jerks, they cancelled my account like it never existed. i just made my monthly payment as well. i will never be a netflix customer again !!!!!!!!!!!",Negative,0
"never order their pre reserve taxis, they don t show crap company. have twice ordered cars and neither have turned up. evidently funnelling the millions they make into the pockets of their fat cat investors rather than improving services for their customers. never use their pre oder service, its not to be trusted. shame on you uber.",Negative,0
"glitchy and expensive glitchy, deleted all my lists out of the blue. and still asking to charge you 11 per month. i used to be happily subscribed, but prices keep increasing every year while the quality decreases more and more.",Negative,0
"spotify ka experience mere liye kaafi spotify ka experience mere liye kaafi disappointing raha. app baar-baar lag karti hai aur kabhi-kabhi songs bina reason ke stop ho jaate hain. free version me itne zyada ads aate hain ki music ka maza hi kharab ho jata hai. playlist suggestions bhi itne accurate nahi hote. customer support bhi slow hai. overall, itna hype hone ke baad bhi yeh app utni achhi nahi lagi.",Negative,0
"in all my encounter with the company in all my encounter with the company, there support or agent are well trained to study your problem with exact result in sorting it out. they are really honest partners.",Positive,2
booked a rental car through booking.com booked a rental car through booking.com and received an email 1.5 hours before collection saying no car was available and would we like to go on a waiting list. given we are only here for a short time and not centrally based that was simply not a sensible option. if booking.com cannot even deliver bookings then what is the point of them.,Negative,0
"cold food...no refund or credit this is my experience today. looking at the reviews, i can honestly say that i am not surprised. the driver took a very long route to head to 2 other stops. i also wrote to the driver, and he did not respond. mind you, i live close to the restaurant. the food came cold, and the bread bag came open. so i reached out to doordash, and they responded that they want a picture of my cold, cardboard pizza. really?? how will you prove that it is cold? they did not even offer to give us a credit or refund. this company their drivers are the worst! we have been customers for a long time. we also do not complain to them. 1st time and they could not even help. highly disappointed that my kids had to eat that garbage.",Negative,0
"i accidentally purchased a years worth of canva business just for one poster i accidentally purchased an annual canva business subscription while trying to download a poster i had created using premium images. i was surprised to see that i had been charged for an entire year. i immediately cancelled the subscription however, now i was in a worse situation. i had paid a year's worth of subscription for one poster. i contacted canva's support team by email, explained what had happened, and they responded quickly. they understood the situation and issued me a full refund without any hassle. i really appreciate their professionalism and willingness to help. mistakes happen, and it is reassuring to know that canva's customer support handled the issue fairly and efficiently. thank you for the excellent customer service.",Positive,2
excellent experience excellent customer service,Positive,2
i have used wise for years i have used wise for years. never a disappointment.,Positive,2
"not always honest i buy from then now and then, the products are o.k , prices good but i won that spinning wheel thing that pops up ,, it said i won free items , said to pick them out , plus pick out 4 items to purchase. i did all that, one paid item arrived nothing else",Neutral,1
"temu has me i, like many shoppers, avoided temu for years because i was not sure if it was legitimate. i now regret that. i finally succumbed, and i now use temu regularly for buying supplies for my craft business. it really cannot be beat. they have a huge variety of things at great prices, and for the most part the quality is good. i do think they have far too many wild games and promotions which really are just confusing to use, and are borderline fraudulent. however the price adjustment feature on orders is great. you can request a price adjustment on anything you order for up to 30 days from the time you order it and they will give it to you, even if you do it every single day for 30 days. this can add up to a lot of credits. if you are going to use temu, you need to learn how to request price adjustments. my only real complaint about temu, and this is consistent among many different kinds of things i have ordered from them, they misrepresent the size of things, sometimes in the written dimensions and sometimes what they show in pictures of the product. usually things are smaller than they say they are. i have learned over time how much to assume they are too small so that i order things that i need in the right size, but it is awkward and they really need to address that. i do not really understand why they take that approach though because most people know what size they need of a particular product and that's what they want and that's what they are expecting. it just leads to returns of items for refunds when you get something that is not the dimensions you need. i am going to continue to use temu. i hear people say they are communist and they steal your data, and all this and that, but i figure data stealing is probably happening with anything i buy from anybody online, and i am certainly not going to stop shopping online, the economic benefits are too good.",Positive,2
"a totally unreliable company i will never book with booking.com again! on a recent trip to malaysia, we arrived at 10.30pm to discover that a message had been sent whilst we were on the plane i didnt have internet until we reached the city to say that our room had been flooded by a faulty a c unit. i have heard that one before we managed to find another property, on booking.com, that was 20 mins walk away at double the price, but since it was already 10.45 by this time, we paid the deposit and walked there with our cases. once there, we could not contact the owner of the apartment as they kept hanging up when they realised who we were. eventually we received a message saying they were fully booked but our refund would take 2 weeks. we contacted booking.com on arrival home in australia that in itself took nearly an hour to say that we had not received a refund and their answer was that it would take another 2 weeks!! they were not interested in the trouble we had had and passed all responsibility on to the owner of the apartment. terrible customer service, no accountability. i dont know how the business survives! i wish i had read all these bad reviews before booking. they only get 1.5 stars, because the minimum you can give is 1 star. i think there should be an opportunity on trust pilot to give 0 stars.",Negative,0
"i am extremely unhappy with my i am extremely unhappy with my experience with temu and honestly feel let down as a customer. i placed an order, paid for it, and waited for it to arrive. the tracking then stated that my parcel had been delivered. the problem is that i did not receive my order. it was apparently left outside, unattended, without being handed to me or placed somewhere secure. how can an order be considered successfully delivered when the customer has not received it? i understand that delivery companies can have problems, but leaving a paid parcel outside and simply marking it as delivered is not an acceptable solution. once a parcel is left unattended, it can easily disappear, be stolen, damaged by weather, or be taken by somebody else. the customer should not be expected to take responsibility for that. i paid for my items in good faith and expected them to arrive safely. instead, i am left without my order and having to deal with the frustration of contacting customer service and explaining something that should be very straightforward i ordered it, i paid for it, and i did not receive it. the fact that the tracking says delivered does not magically mean i received the package. there is a huge difference between a parcel being marked as delivered and a customer actually receiving it. this has completely changed my opinion of temu. before this experience, i was willing to order from the platform, but now i have serious concerns about whether my orders will actually reach me safely. customers should not have to worry that their purchases will simply be left outside and potentially disappear. temu needs to take delivery problems much more seriously and make sure customers are properly protected when an order is not received. i am extremely disappointed and expect temu to take responsibility for this situation and provide a proper resolution. i paid for an order that i never received, and that is simply not acceptable. based on this experience, i would seriously reconsider ordering from temu again. very poor experience and very frustrating customer service",Negative,0
i wait too much time before i receive i wait too much time before i receive my money,Neutral,1
a robber company a robber company customer service is to responding after week and even they respond cannot help you with anything i booked an attraction ticket than i cancelled in less 10 minutes to purshase another tickets with different options they cancelled the tickets with no refund,Negative,0
"store speed sometimes slows down store speed sometimes slows down, especially when using a lot of apps.",Negative,0
good conversation. staceylee and i had very good conversation and she was very professional and the ride was very clean. i enjoyed my short time with her. thanx!,Positive,2
are they going to knock the price are they going to knock the price down... how many adverts do they want to show. i am halfway through a movie and seen about 9 adverts! this never use to happen!,Negative,0
"this app is trying to force me to pay and it doesn t allow me to pick a song because of it this app is trying to force me to pay for to listen on what i want and it s always switching up my songs from my playlist i can t even pick on what i want to listen to and it s telling me that i have to pay zero dollars for one month with no ads and then after i have to pay for premium because of it even though i tried my cash app and it declined for no reason, even though i have over 80",Negative,0
they refuse to ask where gluten free items are. i am celiac and the dashers never seem to actually ask where the gluten-free items are located and tbey just pretend theyre out of stock. i called about todays order as not only did i call the store to make sure they were in stock but then mocked me and took zero accountability for having pretended it was out of stock.. ive called over and over and there is no resolve to the issues occuring.. doordash seems to only care about money and actually doing a job which i might add is a very easy job.. isnt important. they get the same amount if they grab all the items or not and then can make more from the next partial order. this is an ongoing issue not being addressed. i should not have to reorder the same items several times and pay the fee again simply because the dasher is lazy. huge huge systemic issues are not being addressed! i feel like there's honestly a huge lack of accountability within this organization this has happened over amd over and no one looks into my claims. i called.the store while the dasher was still there and verified they did indeed have these items.,Negative,0
"avoid this app at all costs! honestly really disappointed. i got charged 12.99 even though i haven t used spotify in over two months. it was an automatic renewal and definitely not intentional. to be honest, i didn t even enjoy the service that much during the trial, which is why i didn t continue using it. there are honestly better platforms out there, so i just left it. i cancelled straight away as soon as i noticed the charge and contacted support, but they really didn t help. just generic copy-paste replies and no real effort to look at my situation. i get that there are policies, but this just feels unfair. a bit of understanding would ve gone a long way. in the end, they just didn t want to cooperate at all, which makes the whole experience even worse.",Negative,0
"transfers are very quick and easy transfers are very quick and easy. i have accounts in several currencies which makes travel easy and secure. the rates are good and i like the idea of cashback, i would recommend wise to anyone.",Positive,2
"deeply frustrated with their support i deeply frustrated with their support i used almost 2 hours in support with 3 different persons, and nobody helped except as for waiting.. and they did not tell me they left conversation. but when i left the advisor team came and helped me out at last",Negative,0
"i ordere some shorts and received rubbish i ordered some shorts that i didn t receive. but received a jet bucket washer, 2 round signs and a jet washer that fits on hose pipe. message sent to temu . you only get one chance to make a good impression you failed. goodbye",Negative,0
annoying ads. 5 ads all because i listened to 3 songs? ads after every song?. so annoying.,Positive,2
"i have ordered a few products to trial i have ordered a few products to trial temu having loved the similar ali express ..and have to say so far most of what has arrived is of great quality and the delivery service has been very good. the bit that irritates the hell out of me is the constant badgering and apparent offers of free or cheap bargains. it literally does not stop even when i have unsubscribed to this aspect of it. i neither need nor want. if this rubbish stopped i would continue and just order what i want need and be pretty happy with this. but as it stands i don t plan to continue, which is a pity as the products i have ordered and which have delivered have been really very good! i hope temu learns from this",Neutral,1
"crap crap, no way you can get a refund. wont be using temu again. get more information reading a wet newspaper",Negative,0
"competitive forex rates competitive forex rates, low fees, and a really simple web tool.",Positive,2
"negative experience with uber lost property my experience with uber s lost property process has been extremely disappointing. i accidentally left my only house key, only car key and gym fob in an uber. uber later confirmed in writing that the driver had found my keys and was willing to return them. despite this, i spent an entire day waiting without receiving a single call or text from the driver. i repeatedly contacted uber for help, explaining that these were my only keys, that i had been unable to access my home without assistance, and that i could not use my car. rather than actively arranging the return of my property, i received generic responses asking for patience and stating that drivers may have other commitments. once uber knew exactly where my property was, i expected them to do far more to facilitate its return. instead, i was left without any timeframe, no meaningful updates, and no direct assistance. uberuk, uber manchester. losing an item is one thing. knowing exactly who has it and still being left waiting indefinitely is another. for a company of uber s size, the lack of urgency and customer care in this situation has been unacceptable. i sincerely hope uber reviews its lost property process so that customers are not left stranded when drivers have already confirmed they are in possession of essential items.",Negative,0
"horrible customer service, withholding funds they took my money and cancelled the order when the driver was supposed to be collecting it, withholding my money for 5 days and no form of compensation. no human customer service only bots, avoid this disgusting excuse for an app.",Negative,0
"just great just great, fast, trustfully",Positive,2
"you reply to my complaint with contact you reply to my complaint with contact you lmao i did that more than once . and each time no one did anything to help just repeat the same thing over and over . so still nothing is being done no one cares to lift a finger to actually do anything includes the one from temu commenting on my first review . temu customer service is appalling axel davis has replied aug. 7, 2026, 10 59 a.m. dear valued customer, this is temu customer service. we hope this email finds you well. regarding the issues related to orders po-037-09361962855030615 and po-037- 09362018360950615, we have approved your refund request. however, since you have previously initiated a chargeback with your financial institution, the refund will be issued only after the dispute is resolved. please rest assured that we are actively contacting the financial institution to urge them to resolve the dispute as quickly as possible. we kindly ask for your patience and thank you for your understanding and support if you have any other questions, please feel free to contact us. best regards, axel davis temu customer service team your company is a joke. you are a joke. none of you seem to be able to speak english or actually understand reading it because everything i ve said is gone completely right over your head. i ve never come across people so stupid in my life you all lack common sense and i won t be shopping with temu again one your prices are getting outrageous and to your customer service is crap and you hire unintelligent people",Negative,0
their popup ads have false x buttons their popup ads have false x buttons. really annoying to click out of. i will be holding a grudge over this. not worth a 1 star review over this because it s not that annoying. but i m less likely to use temu after this.,Negative,0
cheap products the items i received were very cheaply made. the seat covers i ordered were not the ones pictured online and i returned them for my 30 back. waiting to receive my refund. wish me luck! i now receive a ridiculous amount of ads from temu and it is driving me crazy!,Negative,0
not trustworthy drivers are allowed to literally charge extra to agreed fare - without even the customers knowledge or permission! untrustworthy company. not even cheaper in most cases. avoid,Negative,0
"what i can only describe as a virus what i can only describe as a virus, have since terminated my subscription. continually plays in the background despite turning off!. when using earbuds listening to anything you only have to randomly touch buds and discover spotify playing in the background. extremely annoying.",Negative,0
"spotify is the worst app in the world, it is a stealing it is one of the worst apps in the world, you cannot listen to your songs until you pay, which is pretty bad when you are under 18 and your parents are saving every penny.you cannot listen to songs, you cannot choose what you listen to, it puts shit on there that you do not like and you cannot even switch it off.you are constantly interrupted by ads even though you have an adblocker,what bothers me the most is that i cannot listen to what i want, only what they force on me.",Negative,0
"kinda aids when you go the app and the kinda aids when you go the app and the show you a playlist and they show you a completly different list way away from ur music liking? idk, even if you pay the app feels like a complete malware at this point with all the pop ups distubing you from playing the music you acutally want to listen to.",Negative,0
excellent service excellent service. so quick and low charges. highly recommend,Positive,2
i will never request a ride again due to a horrible uber driver named jeffery. on july 28th i requested a uber xl to take my elderly mom to a doctors appointment. the driver shows up in a crabby van... see more,Negative,0
i cant login on my pc what is this i cant login on my pc what the frick is this shit like i already pay but i have to pay again for my pc frick netflix,Negative,0
the uber driver stole my daughters the uber driver stole my daughters belongs and didn t drop them off after he was booked to.,Negative,0
"using is very easy however using is very easy however, once you experience issues do not expect resolution. i had a fraud on my account and lost all money as wise customer service was not forthcoming.",Neutral,1
"the quality of the movies continues to the quality of the movies continues to decline. as well as the tv shows. all these movies that were made cheaply, quickly with no real effort or writing skill designed to immediately go to streaming services ,instead of the theater, is all that is currently on netflix anymore. it s just a bunch of junk with no real storyline at all. and super old movies except for the classics that you might actually want to watch. hollywood has become extremely lazy and gotten extremely cheap. risk adverse. even some of the big name actors have sold out and produced crap for quick money and one day of filming. it s a disgrace!",Negative,0
i love the selection of musics but i love the selection of musics but their treatment of customers on the free plan is atrocious,Neutral,1
"we got scammed trough a fake booking we got scammed trough a fake booking. booked weeks ahead, during travels did you notice that a few days before a person already left a rewiew on the property that it is a scam, we left a rewiew and another after us too. comtacted booking straight away on 20.07, now on 07.08 havent gotten any answer from customer service. so many people s have been scammed because they did absolutely nithing and still are not doing nothing",Negative,0
i think doordash doesn t deserve as i think doordash doesn t deserve as terrible of reviews as it is getting. i have never experienced any issues with doordash.,Positive,2
they don t refund items that were never they don t refund items that were never delivered.,Negative,0
order was delivered to the wrong order was delivered to the wrong address. the dasher stated it was the address door dash gave him and would not resolve the issue. he asked me to go and pick uo the order myself after i told him i was sick. cannot talk with or even email anybody at door dash to verify if they did provide the wrong address.,Negative,0
"temu customer service is the worse temu customer service is the worse, they do not listen or check what you tell them",Negative,0
"i am sick and tired of getting i am sick and tired of getting interested in one or two seasons on netflix, i am really good shows like the abandoned red road and plenty of others and they canceled it for no reason and leave it hanging. netflix sucks for canceling shows. i am getting sick and tired of paying all this money and they just cancel a lot of good shows without even i do not even know why but it is happened way too often. i am getting sick and tired of paying the money and i am getting tired of netflix.",Neutral,1
"beware doordash will steal your moneyon beware doordash will steal your moneyon friday aug 1st , i order two hoagies from jersey mikes italian and club i received someone else's order beef and chicken i reported it right away and received a message it was under review, i have not got a response. i did not get what i ordered and could not eat what i received. i would like a refund how can we resolve this? after numerous contact, upload pictures and following their procedure the error still was not rectified . beware.",Negative,0
"canva does helping people to solve issues if needed card was changed by stranger account, canva helped a lot",Positive,2
"good hey there, keeping your money moves fast, simple, and hassle free is what we are all about! thanks for being an awesome part of wise wise",Positive,2
"do not subscribe to netflix i opened a new netflix account and netflix ads became so frequent and invasive that it really began to tick me off - they became more frequent than us network tv ads - so i asked 5 close friends if they were having the same annoyance turns out the older the netflix account, the fewer ads you apparently have to suffer. so do not subscribe! at first, i wondered if it was a ploy to squeeze me for more money, some ad free upgrade - but that's not an option. i did not recall my old account 3 years earlier being so ad-riddled. no option to get rid of ads, like amazon prime offers? really netflix? are you that out of touch with your audience and trends that you are becoming like the dvd rental service that spawned you? disappointing. worse still, the annoying flag button while ads appear, does absolutely nothing at all. it is obviously just an appeasement psychological device to make you think your opinions are valued but i have repeatedly checked the boxes this ad is irrelevant to me and ad appears too often but it is made no difference to the algorithm - to the point where the brands with which i am being bombarded, i am now boycotting them because i am so sick of being subjected to their saccharin, exaggerated clips that only peddle carcinogens to the masses. call me a conspiracy nut but netflix care more about their ad revenues than subscriber revenues and i have had enough, so i have cancelled my subscription.",Negative,0
"driver never showed and i still got charged driver never showed. i got charged a cancellation fee of 6 euros which i did not pay. now they will not accept any of my reservations unless i pay the 6 euros. i will not pay the 6 euros because i refuse to be cheated. so, now i am taking taxis and ordering food from the competition which is working out well. they are losing lots of business over 6 euros. too bad for uber",Negative,0
all of our drivers were on time and all of our drivers were on time and very pleasant. we traveled from friday 8 7 26to sunday 8 9 26 morning using uber and it was great. thank you to all of our drivers,Positive,2
"subscription nightmares! with annual subscription about to expire i signed up to switch to a monthly plan with a start date 10 days away. instead, the switch happened immediately and i lost the remaining days of my annual sub including the audiobook hours i d paid for. no suggestion this would happen when i applied for the switch. been through a torturous process with customer support to try and resolve . the responses i was getting were just idiotic, i honestly thought at times it was a chatbot it was that bad. having been told there was nothing they could do i asked for the email of an executive so i could escalate. i chased them 3 times for this! i was then offered a 5.50 refund. a meaningless sum in the scheme of things but just shows if you don t keep pushing these so and so s they will just fob you off. all they had to was say sorry and fix it first time of asking. if i wasn t such a big fan of the product i d be off elsewhere.",Negative,0
"netflix is one of the most popular netflix is one of the most popular streaming services and offering a wide variety of movies, tv shows, documentaries, and original series. it has something for almost everyone, which is one reason it became so successful. the platform is easy to use, works well on tvs, phones, tablets, and computers, and provides personalized recommendations based on what viewers watch. at first, netflix leaves a good impression because finding content is simple to use and the streaming quality is usually reliable with a stable internet connection. although netflix has many positive features, many viewers feel the service has changed over the years, and not necessarily for the better. one of the biggest frustrations is spending more time scrolling through titles than actually finding something worth watching. while netflix continues to release original movies and series, not all of them are enjoyable, and many popular shows seem to get canceled just when viewers become invested in the story. this can leave subscribers feeling disappointed after spending time following a series that never gets a proper ending. another downside is the price. subscription costs have continued to increase, making many subscribers question whether the service is still worth the money. at the same time, several popular movies and television shows have been removed from the platform, giving viewers fewer familiar options to choose from. the password-sharing restrictions also frustrated many longtime subscribers who were used to sharing accounts with close family members. while netflix still offers convenience and has a few great original shows, many viewers feel other streaming services give them more for what they are paying. overall, netflix receives 2 out of 5 stars in this review. the platform is easy to navigate and still offers quality streaming, but the rising subscription costs, changing content library, and frequent cancellation of popular shows make it difficult to recommend. netflix may still be a good option for people who enjoy binge-watching original series and don t mind the possibility of not getting an ending, however, anyone looking for the best value and a larger variety of movies and shows may be happier with another streaming service.",Negative,0
skipping songs in the free skipping songs in the free version is a hassle. subscription costs a bit more.,Negative,0
review my feedback i recently left review my feedback i recently left negative feedback for this company and after talking to them as a result of them seeing it we have resolved the problem and i am very happy.i am again and still a happy customer.,Positive,2
we needed to change a hotel we needed to change a hotel reservation. this can be done according to the website. booking.com said we needed to call the hotel directly the hotel said that booking.com is responsible because it was booked through them. we got charged. it is not woth saving a couple of dollars using this company. they are liars and customer service is non existant.,Negative,0
"hi, it is uber. we want to discuss your cars extended warranty... how many texts and emails do you need to actually send to people. my phone will not shut up between the two. i cannot wait to uninstall it. if you want to keep your new customers, consider that. the actual usage of the app is also annoying. we had a driver cancel a ride on us before they arrived to get us. being new to the platform we did not know what happened right away so we panicked. after realizing, we readjusted. it would have been easier if the app told us that the driver gave up like 2 streets away from us .",Negative,0
"title repeated documented issues and no confidence in doordash s resolution process 7 21 26 i have been a regular doordash customer, and i don t write negative reviews lightly. unfortunately, after several documented issues over the past few weeks, i no longer have confidence in doordash s customer support or escalation process. my concerns began with multiple starbucks deliveries from one location where my frappuccinos repeatedly arrived significantly underfilled and often melted. i documented these deliveries with photographs because the issue became recurring. i reported these problems through doordash, but i did not feel they were resolved appropriately. i eventually switched to a different starbucks location, and the difference was immediate. my frappuccinos arrived properly frozen, much closer to the expected fill level, and the espresso was noticeably stronger. that confirmed to me that the drink quality issue appeared to be specific to that starbucks location not every starbucks. however, what never improved was doordash s handling of customer service. on july 21, 2026, i placed a doordash starbucks order that was marked as delivered, but i never received my food. i contacted doordash multiple times and was told my case had been escalated to a specialized team. i never received any follow-up, refund, or resolution. after waiting, i ultimately had to file a paypal dispute, which is still pending. then, on august 1, 2026, i ordered dinner from another restaurant through doordash. i paid for two extra tzatziki sauces, but they were missing from the sealed bag. i was not asking for a refund of my meal i requested reimbursement only for the missing paid add-on. doordash s automated system immediately denied my request. because of my previous unresolved experience, i called customer support instead of relying on the app. the representative was courteous and professional, and i appreciate the way they treated me. however, i was once again told my case would be escalated to a specialized team the same process that never resulted in a follow-up on my previous case. my frustration isn t about 1.50. it s about confidence in the support process. restaurants make mistakes. drivers cannot verify the contents of sealed bags. i understand that. what i don t understand is why customers who document legitimate problems, report them promptly, and ask only for reimbursement of missing paid items are left feeling that their concerns disappear into an escalation process with no meaningful follow-up. i sincerely hope doordash improves both its automated refund system and its escalation process because customers deserve to know that documented issues will actually be reviewed and resolved.",Negative,0
customer service cannot understand customer service cannot understand. simply if item is 1.60 then they charge you 15 it is fraud. it happens a lot and they cannot understand. i had orders should be 17 but had 100 plus taken from the bank account i tried to talk to a james gustavo but he did not understand anything. and after numerous requests to connect with a senior staff he refused. he also said there's no senior manager in the place. and you sent details of the prices and he does not understand. . if you quote a price then charge 5 times more it is fraud,Negative,0
sometimes the terminology leaves me sometimes the terminology leaves me baffled.,Positive,2
"veto because of the delivery temu will pass the buck for this to evri but it is disgusting that they use a courier who steal items. all 3 of my split deliveries this week had the wrong photos for delivery, one even being the inside of a car. they take no responsibility for the courier so i have no order and no refund. whilst i am terminally ill i rely on these things being delivered. will not use the site again.",Negative,0
can i give them a zero ? can i give them a zero ? i chose some clips that i wanted to buy. they played the spin game - said i got 100 off with free shipping. i spun the stupid thing again and it said x6. so the website told me to pick 6 free items. i went through this hassle - then i tried to check out and it said minimum 40 order. so they offered everything free - but i had to spend 40 to get some 5 clips. this temu should be shut down by our federal government,Negative,0
scam i went to pay for my order and had a 50 code. i placed the order and the whole time the price was showing with the discount but after paying i had the full price with no discount removed from my bank. i contacted them to get this sorted and was told i would get a refund. after messaging multiple times and being told the same thing i then get a call asking for all the details again. i give them it and get told they will not refund me. they then say they will refer it to someone who can refund me. i have had seven calls from them now all exactly almost to the word the same and no refund. the final one saying that she would refund me if it was in her hands but it is not. i then asked to actually be sent through to someone who can deal with my situation like i would been told i would several times. and she almost on repeat would reply saying she is sorry for the inconvenience and try end the call.,Negative,0
happy with temu i am really suprised with how many unhappy customers are on this web site leaving reviews and that has not been my experience as yet. i have bought quite a bit of home accesories and crafting bits and overall have been very pleased. the quality of some is better than others. when a refund is required due to damage also no issues yet but i have not bought anything like clothing which may be more problematic. i have also avoided anything with a long delivery date and used the local warehouse for items that are cheaper there than other websites. delivery has always been quick. items i would avoid are paper sheets and anything which might bend because everything is together in one plastic bag. some recent ceramic items have been carefully boxed. i do think the photography on some items is enchanced but overall i have had some absolute bargains and some good quality items. i also use cash back website and have had some issues with that tracking but nothing that has not been sorted.,Positive,2
"wise has been very helpful with transferring currency for travel and for providing cash exchange while living abroad. they are easy to use, accurate and clear in every manor. i rarely have to call i... see more",Positive,2
"spotify is still serving paid spotify is still serving paid advertisements before podcasts, despite my having a premium subscription. to be clear, i am not referring to ads that are embedded in the podcast by the creator or host. these are spotify-delivered ads that play before the podcast starts. i contacted customer support and was informed that this is the expected behaviour under the current offering. frankly, i find this quite disappointing. paying for a premium subscription while still being served ads before content starts feels contrary to the purpose of a paid, ad-free service. in my view, this significantly reduces the value of the subscription and creates a poor customer experience, zero value in paying for sportify!",Negative,0
they hide the total fees our hotel they hide the total fees our hotel ended up being 75 more than listed and did not show up until i hit submit. tried to cancel right away but they would not even within 1 minute realize if they ripped me off. i am contacting my credit card to file a dispute customer service is a joke,Negative,0
wise card easy to apply for and using the app is easy also moving money on the card is so simple,Positive,2
too many of the same ads repeating! i deleted the app after hearing the same state farm ad repeatedly. i much prefer i heart radio.,Negative,0
"i have been using it for over 6 months i used to use picsart, but canva is excellent in creating art the, ai is adaptive and can easy correct suggestions via chat.",Positive,2
"basically a scam customer service is abysmal. i tried to book an international flight, i was charged but the flight was not booked. i was then informed that the order failed, with no explanation given as to why, and that i had to wait up to three days for a refund. i will never use their services again.",Negative,0
"as 90 of the reviews for booking.com as 90 of the reviews for booking.com customer services are rated one star i will not invest anymore time in providing details of my specific experience as the evidence of how unsatisfactory their cs is has already been very well documented. so my advice is don t persue it, your time is more valuable than dealing with a company that simply doesn t care about there customer s. therefore my conclusion to this awful experience is simply to never use booking.com again and to advise others never to use them.",Negative,0
"never use their services they cover scammers i wasted half a day waiting for the package...the carrier made a fake delivery attempt but i did not receive anything...when trying to resolve this issue with the topic their customer service department just wastes time and bounces me from one manager to another. 11aug. po-210-18913271319670965 another fake delivery, now even without a street photo.the topic refuses to return my money, i have to contact my bank. if anyone is interested, i will upload screenshots from the chat with the customcr service. avoid this fraudulent platform as much as you can. have a good day and happy shopping everyone.",Negative,0
"super easy and fun so many things to choose from, definitely one of my top apps. love it. has helped me so much throughout these years. although it definitely is harder without pro. really easy to learn!",Positive,2
it is turning into the old paid tv it is turning into the old paid tv. crap to watch and ads and rising costs.,Negative,0
"terrible customer service!! terrible customer service!! it has been over a month, and i m still waiting for someone to collect my return item. i ve contacted customer service multiple times and filed several complaints, but nothing has been resolved. every time i follow up, i get the same response someone will contact you to arrange the pickup. yet no one ever does. this is completely unacceptable. customers shouldn t have to chase a company for over a month just to process a simple return. i expected much better service. kindly resolve this issue immediately and arrange the pickup without any further delays.",Negative,0
always good never had a problem always good never had a problem,Positive,2
"fourth time was not the charm this is the fourth time i submitted the documents and i finally received a clear negative response. the first time i sent some documents and they rejected me on the grounds that i did not have an online presence did not have a website even though i had social media and the website was in the works. after i finalised the website, i applied again and they asked me to provide clarification as a reply to a non-responsive email i received back the answer that the mail is not monitored . after a while, i got the response that my application was rejected due to non-response. after that rejection email, i received another email with clarification on the legal representative. after my response to that email, i did not receive any answer and also no way to respond after a while, i have applied again. this time i got the reply email that my application was rejected due to filing it in the wrong category i filed it unde ngo category . finally, i ased their personalised ai to help me get clarification and it found me some email address from which i got some clarification that through another ai, not a human , actually, i got rejected because, i the documents, even though the organisation was an ngo, it was not a charity ngo. i dont know what a charity ngo does because we provide free training courses to our target group with the help of our sponsors. i decided to quit and to use claude and gemini notebook to develop our materials and brand kit",Negative,0
"absolute scam website absolute scam website. while yes, i have booked one or two legitimate stays, last year an apartment we booked took the money from our account, only for booking a few days before our stay to say the booking had been cancelled without going through and we did not have a place to stay after all. we had to scramble to book a new, worse, more expensive apartment through another site. since then, for a whole year, i have tried every possible thing to get our money back for the first apartment. the online customer website does not work even a little bit, at least if the booking is not tied to an account. they tell you they have to send a code to your email to verify the booking is tied to the email address, but they never send the code. if you write them an email, you get stuck in a loop of 'please verify your information', but if you do verify it, you get another of the same mail. it is almost impossible to reach them by phone - their waiting loop may randomly end the call or leave you to wait for forty minutes, then tell you they are having a technical issue and hang up. if you do magically manage to reach them, they tell you they will call you back to verify your number, then do not do that 90 of the time. if you do get that far, they simply lie to you telling you that your money will be refunded, but never do it. if you mention a refund up front, they immediately cite technical issues and hang up. we still do not have our money back and i am stuck in their horrible, glitchy waiting loop as i am typing this. there is no way to actually reach them, and at every point you are encountering 'technical issues' that never resolve and keep you from even making an official complaint. could not recommend in any way, even if we used the site before for years.",Negative,0
i ordered and the man delivering kept i ordered and the man delivering kept getting additional orders before delivering my food. took over 2 hours!!! ridiculous for doordash to keep adding deliveries while i m trying to get my food!!!,Negative,0
card was charged card was charged. order not received. customer service not at all helpful. to your reply i have provided all this information several times and get nowhere.,Negative,0
if i could give doordash zero stars i if i could give doordash zero stars i would. i placed a grocery store order. i selected refund for out of stock items. the shopper did not refund they substituted for items that cost less that what i requested and not even close to what i paid for. they lessened the quality but i still did not receive the item that was less than the requested. door dash denied the refund of the unreceived merchandise. door dash stole my money in so many words. maybe its time the we the people bring a class action lawsuit against door dash.,Negative,0
"fraudulent advertising selling of car sizes - booking.com confirmed a 7-seater, then left my family without suitable transport days before travel in february 2026 i booked and paid for a car through booking.com specifically because the car advertised and sold clearly stated volvo xc90 or similar 7 seats. we are travelling as three adults and three young children, so seven seats were an essential requirement of the booking. less than one week before our holiday, i downloaded the rental voucher and discovered that booking.com had changed the reservation to a bmw x5 showing only 5 seats. i immediately contacted booking.com. since then, multiple members of their own team have acknowledged in writing that my original booking.com confirmation shows 7 seats. the vehicle currently associated with my booking is a 5-seater. they cannot confirm that hertz will provide a 7-seat vehicle. despite acknowledging the discrepancy, booking.com has repeatedly suggested that i cancel my booking and rebook at today s peak-season prices contact their supplier in france myself or arrive at marseille airport with three young children and simply refuse the vehicle if it is unsuitable. none of these is a reasonable solution. i booked six months in advance to avoid exactly this situation. i have now spent many hours speaking to multiple agents, sending evidence repeatedly and explaining the same issue over and over again. every representative apologises. every representative agrees there is a problem. yet nobody has taken ownership or provided a solution. five days before travel i still have no confirmation that my family will actually have transport capable of carrying all six of us. i have retained the complete documentary evidence, including the original 7-seat confirmation the later 5-seat voucher the full live chat transcript and booking.com s written acknowledgements that the booking no longer matches the original confirmation. i sincerely hope booking.com resolves this before we travel. if they do, i will happily update this review. at present, however, i cannot recommend using booking.com for car hire where vehicle specifications are critical.",Negative,0
just having fun it is very fun i mostly use it for just making silly slides so i do not know if you really want my insight!,Positive,2
"baited baited, promised, and guarateed free gift, cash back and coupons with additional purchases - and then switched - to nothing. wasted my time with multiple wheel spinning and the above false promises. when i contacted and complained to their chat service, it wanted me to pay 5.00 for them to take any action, and said it would be returned, later. zero trust in temu",Negative,0
the customer service representatives the customer service representatives are very rude and incompetent. i do not know if outsourcing for customer service reps is the issue or netflix simply does not train or hold their employees accountable. i will be canceling my subscription since netflix is not working on my television. every other app and channel is working fine but the representative told me to buy a new tv and how netflix is the top streaming company in the world. well on my smart tv netflix is the only app i have been having an issue with for almost 2 months.,Negative,0
"dont order bad deliveries. dreadful customer sercice minus one star at least. i have repeatedly contacted temu about their deliveries beng left anywhere but where they should. they have been dumed in garages at the back, the garden, but mostly rubbish bins despite delivery instructions. not to do this. my parcel was delivered no notification biin men took it to tip. full of personalised stuff. dont order they are not trustworthy. you conatct customer services they havent a clue just generic messages. i got a refund but thats not the point those were gifts personalised and they were just dumped",Negative,0
recently had a playlist with multiple recently had a playlist with multiple songs and came back to that same playlist and more than half my songs were deleted gone of my playlist! anyone else face the same problem? its happened in the past before. well tried to get with customer service and trust me that was a shit show! there's no explaining anything to them whatsoever! nothing was resolved and now i have to make sure to screen shot my playlist so i can recover manually i guess. spotify use to be the shit!! now its just shit lol. guess gonna try out another music app. rip old school spotify.,Negative,0
"its a fine app for music! its a great app for music! one of the best imo! but it is the absolute worst app for podcasts! pay for premium and you still get ads, that seems like a scam to me. shame on you.",Negative,0
"terrible customer service terrible customer service. they platform lures you in with offers free airport taxi for example , they give it to you, but they contain hidden expiry dates that are not well communicated and they do not help you at all if you miss the hard to find deadline. spent over 1,200 with them on a booking which came with a free taxi ride worth 35. they chose to lose my future business over honouring what was promised. weak performance. will be booking directly from now on.",Negative,0
"doordash has stooped to scamming and doordash has stooped to scamming and confirming orders charging customers cards without even submitting the order to begin with. and they never have any real problem solving skills other then i m sorry this happened to you your valued customer but you have to contact your bank. load of shhh.. i ll never be using this app ever again. i will no longer be ordering meals through family occasions , co work lunches or dinners if this app is being used to purchase it..",Negative,0
"efficiency efficiency, speed, lower costs, insurance... it is all very positive, keep going forward!",Positive,2
"incompetent who could guess? those unprofessional and incompetent people allow anyone to register using any email address. they do send a verification email, thankfully, but they still let the original id ot use your email address to create an account. i have had to delete an account three times. three times they allowed someone else to register with my email. three times i had to remove accounts that should never have been created if the company had followed basic modern practices for account registration on the internet.",Negative,0
create great with ease canva made it easy for me to build a custom presentation. with plenty of free customizable features and templates to get the job done with flare! i found the experience to be painless and the creative flexibility to be enjoyable. i especially liked the animation effects!,Positive,2
"tried to update my credit card info i went to my account to update my credit card information, i got a message that read sorry, we are unable to complete that action now. please try again later. i went on to something else and tried again next day. same result. i called customer service, which i deduced was some offshore warehouse full of desks and computers, the background noise was deafening. i could barely hear, or understand, the woman who was trying to help, her accent did not help either, plus she was not much help at all, obviously using a script. could not answer why i got that message. i called 3 times on 3 different days, got 3 different women and received the same scripted answers. so i told the last woman i had a great resolution for the problem - i cancelled my subscription.",Negative,0
thomas gregory upchurch uber experience 2026 what makes my experience with uber great is the comfortability with the drivers. from riding all across texas to sight seeing in virginia and everyday life errands in tennessee. uber is my go to number one ride share. the only problem i have had is getting into an old account that had money on it that i could use for my uber rides. this is the only issue i had had this far. besides that i recommend uber to everyone i come in contact with. as a matter of fact i just got out of an uber to go see my probation officer. lol. the booking process has been easy to use and cancellation is very good as well.,Positive,2
we have a school version of canva and it seems to me that there are limitations unless it is because i am not using the system correctly. i watch tutorials that say i can do this or that but when i try... see more,Positive,2
you suck your movie selections are sucking worse than anything i ve ever seen. your voice over movies are absolutely freaking trash. do better!,Negative,0
"horrible in that that keep charging my horrible in that that keep charging my account way past when i cancelled. trying to get a refund is practically impossible due to lousy chat bots that have no authority to refund your money, and lousy customer support that is basically non-existent. buyer beware of canva!",Negative,0
a bit useless now a bit useless now - i find that ai does most of this quicker and to a higher standard than i am able myself. not worth the money.,Negative,0
"my last 3 orders have had major issues my last 3 orders have had major issues to no fault of my own. the first 2 were refunded only after spending hours dealing with it. and the 3rd one they are still refusing to refund. 1 i ordered a fan from meijer and the driver said they were out of stock so he claimed to have bought me one that was twice as expensive. i was fine with this as i just really needed a fan. my problem here was that the driver actually brought me the fan i originally ordered and door dash charged me for the more expensive one. when i brought this to their attention they denied my request for a refund even though i had the pic the driver took that clearly showed the fan i received was not the fan i paid for. they eventually refunded this but only after a big headache. 2 i took the credit i received from the first mistake and ordered walgreens. a product that was 14.99 was out of stock, no problem they replaced it with something else that was the same price. my problem, this item didn t show up, not physically or even on the receipt that was given to me from walgreens itself. they refused to refund this item to me even when i sent them the receipt showing that the driver didn t purchase it for me so i am not paying for it, after about an hour and a half they finally refunded me. 3 a couple nights later i ordered mcdonald s. ordered 2 meals and only received 1. they have straight up denied my refund. why? because i had refunds on the 2 previous orders. hmm. whose fault was that? not mine. so now i m out over 12. charged for food i never received. they should be charged with theft. it s disgusting they get away with this. they will never review another cent from me.",Negative,0
"don t trust dealing with doordash! this is the company with the absolutely worst service i ve ever experienced doordash!!!! it took 3 transfers and 1 30 hours to get an a-h as a manager to not only treat me like as why the hell should i help you after 8 years of service, but deal with it. of course he gave a one name ray . bs. why have to hide your manger name! my food was delivered to a wrong address, and doordash wasn t refund my money! give them up! i will after 8 years of good service, until this giant mishandling of a simple problem",Negative,0
"swift and stellar support services i have been using canva for years and i have always maintained that it is value for money. on a recent occasion, i contacted support about an issue on my end and i was assisted almost immediately. thanks, canva!",Positive,2
"banking with ease living in spain wise makes our banking experience and flexibility easy. excellent service, always and would highly recommend them.",Positive,2
"i am extremely disappointed with i am extremely disappointed with spotify s podcast recommendation system. the app keeps forcing the same unwanted podcast creator and episodes into my recommendations again and again, even though i do not follow the show, do not want to see it, and have no clear way to block it properly. there should be a simple block creator , do not recommend this podcast , or never show this again button. for a paid service, this is unacceptable. users should have control over what appears in their feed, especially when spotify is pushing podcasts and videos so aggressively. the current system feels intrusive, frustrating, and disrespectful to the user. please add proper blocking controls for podcasts, podcast creators, and video content. until then, the recommendation experience is poor and badly needs fixing.",Negative,0
great app for various designs great app for various designs,Positive,2
"refused to resolve a booking issue with owner who refuses to provide the service i booked a property for my mom coming to visit us. the property is located in residential area with 18 towers and about 13000 apartments sharing the same address. property owner doesn t specify the exact address. i have reached out to the owner via booking.com and got no response in 3 days. when i called the owner, she asked to message in the local messenger. when i messaged them, they said that there s a mistake in booking.com and they don t lease with such price, asked me to cancel and pay to them directly. i refused because the price they expect is much higher than listed price. after i refused to do that and said i will keep the reservation and expect them to provide the service, the property owner blocked my phone number. i have reached out to booking.com support and have never had such an inhumane approach to customer service. even though i told them the property is located in one of 18 towers and i don t know which one because the owner refuses communicating and providing services , they still suggested to keep the reservation and go at the property address on the check in date. like go where? stand in the middle of the street? and do what? it s just a ridiculous advise. they said that this address is real and it does exist. yes, it does, and there s 18 blocks here! 18! when i told them i can not get the details about property location, they suggested me !! to reach out the property owner! i told them they have blocked my number, and guess what they said i should reach out to them via their phone number. i feel like with customer support of booking.com i m in a reality of the idiocracy movie.",Negative,0
it is a great site to get you foreign it is a great site to get you foreign payments get payed fast.,Positive,2
"too many ads. they used to add ads in there in-between moment when you switch to a new song, understandable because at the end of the day, spotify is a business. i listen to a song on repeat and never have any ad. but today they actually do it which is so diabolical. 1 star, deleted.",Negative,0
i have had a horrible experience with i have had a horrible experience with this company i had tried to cancel my membership many times with unsuccessful attempts this has continued and the company has not been able to resolve or provide a valid reason for me not getting a refund,Negative,0
"tell me true was microsoft part of invention of bill gates or did alan turing prepare it as was too lazy to do it alone ? i think it is clear it was only gates job, but how about wise ? was it prince andrew gift to estonia for its political flirt with royalism ? are people behind wise visionary, the city toys or subjects of political games to save balitc area from russia ?",Neutral,1
"smooth app smooth app, very nice and easy going",Positive,2
despicable service i have had multiple food deliveries canceled with no explanation and two prescription never picked up. i contacted the pharmacy and it was labeled and packaged. it even shows ready for pick up through the pharmacy app. but when i called door dash they said they had no record of the order. i am disabled and this option is crucial. after paying 8 for same day delivery. i had to pick it up two different times. this is a despicable way to run a business and i will celebrate the day they get sued for their dishonest practices.,Negative,0
"the worst support i have seen the worst support i have seen in my life. i bought a subscription, it charged my card but did not gave me the premium functionality. i reached out to the support, they took an hour but did not came up with any solution. kept me on hold for more than an hour and finally i have to demand for the refund. when i asked for the refund they said your money did not got paid, you will get the refund. it is showing in my spotify account that my money is paid and even in my card from which i paid. the support people name was april j, hager e., argyl s.",Negative,0
i love savannah every driver i encountered in savannah was cordial and professional...,Positive,2
"the life setter upper omg, omg,i love temu,they can reset your whole life up. now granted it'll be like 9.5 of of 10 that an item is either wrong or broken. but the way they are set up, you can just get a new one or just get your money back. i love them.",Positive,2
it is very very great hey there we are thrilled to hear you are loving the service! thanks so much for taking the time to leave us some love wise,Positive,2
it is good it is good ! all is okei !,Positive,2
with transferwise i find it easy to with transferwise i find it easy to send money. it takes seconds. thank you,Positive,2
"what the actual???? what the actual heck - after canceling my account for 4 months i get deducted for a pakage i never agreed to!!!!!!!!!!!!!!!!!! i cannot get through on any international contat numner and my bank cannot help me... whhyyyyyyy did you take my money after 5 months of cancellation, are youy planning to deduct next month, 5 months from now?? please make sense to yourself mate.......",Negative,0
